# .PCD v0.7 - Point Cloud Data file format
VERSION 0.7
FIELDS x y z label
SIZE 4 4 4 4
TYPE F F F U
COUNT 1 1 1 1
WIDTH 6000
HEIGHT 1
VIEWPOINT 0 0 0 1 0 0 0
POINTS 6000
DATA ascii
-0.366110 0.097686 0.941832 1
-0.383433 0.096912 0.934367 1
-0.352593 0.263393 0.933039 1
-0.349492 0.263177 0.938269 1
-0.382241 0.143027 0.927386 1
-0.347537 0.255767 0.942144 1
-0.549123 0.427095 1.380608 1
-0.349354 0.225854 0.937898 1
-0.401653 0.177863 0.925860 1
-0.370272 0.123986 0.935180 1
-0.363593 0.245446 0.922516 1
-0.373732 0.181480 0.918805 1
-0.378334 0.100271 0.934261 1
-0.357633 0.173372 0.928644 1
-0.367545 0.151539 0.928295 1
-0.379102 0.279119 0.923814 1
-0.408532 0.163922 0.941718 1
-0.386554 0.270172 0.921715 1
-0.367207 0.099222 0.940292 1
-0.346222 0.231101 0.952553 1
-0.369227 0.193325 0.919968 1
-0.367821 0.213386 0.920604 1
-0.381597 0.133349 0.929894 1
-0.404779 0.238845 0.929203 1
-0.346883 0.243077 0.959131 1
-0.397073 0.177309 0.922979 1
-0.373820 0.249490 0.919021 1
-0.354626 0.256860 0.985457 1
-0.384290 0.125294 0.932359 1
-0.383174 0.165405 0.921584 1
-0.367851 0.248279 0.920679 1
-0.376795 0.181358 0.918191 1
-0.394892 0.231947 0.921774 1
-0.347002 0.207178 0.945315 1
-0.375322 0.226187 0.918640 1
-0.387042 0.191449 0.918927 1
-0.372265 0.232977 0.919276 1
-0.358312 0.206301 0.926069 1
-0.369266 0.238156 0.920065 1
-0.354320 0.155493 0.942105 1
-0.361928 0.155352 0.931076 1
-0.348873 0.171451 0.945767 1
-0.397134 0.250603 0.923121 1
-0.349821 0.175334 0.939150 1
-0.359211 0.147910 0.937130 1
-0.393208 0.161124 0.925638 1
-0.359627 0.231129 0.925157 1
-0.347574 0.223501 0.942246 1
-0.364978 0.126176 0.938922 1
-0.374338 0.266436 0.920296 1
-0.360957 0.247585 0.924288 1
-0.381206 0.087971 0.985241 1
-0.363571 0.195513 0.922459 1
-0.363453 0.096636 0.948198 1
-0.560801 0.410778 1.320163 1
-0.393154 0.122596 0.937453 1
-0.351848 0.167022 0.940042 1
-0.352438 0.221220 0.932627 1
-0.353493 0.251056 0.930976 1
-0.408270 0.207923 0.933352 1
-0.397127 0.248933 0.923104 1
-0.359683 0.130716 0.947278 1
-0.382422 0.266285 0.919775 1
-0.404461 0.190088 0.928473 1
-0.361778 0.122303 0.948289 1
-0.347650 0.181050 0.942451 1
-0.375309 0.216238 0.918608 1
-0.360948 0.227572 0.924265 1
-0.348423 0.261953 0.939950 1
-0.380235 0.255975 0.918499 1
-0.370686 0.178294 0.919471 1
-0.392879 0.233402 0.920952 1
-0.395936 0.170878 0.924210 1
-0.367827 0.220032 0.920618 1
-0.373736 0.184796 0.918816 1
-0.369271 0.244798 0.920080 1
-0.399300 0.210904 0.924281 1
-0.401523 0.182814 0.925560 1
-0.353489 0.259449 0.930965 1
-0.364584 0.110662 0.951147 1
-0.387116 0.222986 0.919103 1
-0.378305 0.117115 0.934191 1
-0.356346 0.265793 0.929658 1
-0.394981 0.260271 0.921981 1
-0.378456 0.186330 0.918203 1
-0.375277 0.191366 0.918530 1
-0.359798 0.152514 0.934267 1
-0.367841 0.236647 0.920654 1
-0.369251 0.221551 0.920029 1
-0.541531 0.439114 1.419458 1
-0.355110 0.274135 0.935235 1
-0.359586 0.144681 0.938110 1
-0.376833 0.204566 0.918284 1
-0.384115 0.157479 0.923848 1
-0.408091 0.194369 0.932942 1
-0.346451 0.187340 0.948475 1
-0.353846 0.264754 0.931905 1
-0.404538 0.201850 0.928649 1
-0.354689 0.210466 0.929709 1
-0.354631 0.260418 0.985470 1
-0.354602 0.237290 0.985389 1
-0.375667 0.112278 0.936014 1
-0.375304 0.178125 0.918597 1
-0.362282 0.259011 0.923415 1
-0.354717 0.284964 0.943160 1
-0.401813 0.236410 0.926230 1
-0.390885 0.239842 0.920169 1
-0.373777 0.216310 0.918916 1
-0.359629 0.234468 0.925160 1
-0.349358 0.222473 0.937909 1
-0.366370 0.181939 0.921129 1
-0.372335 0.097094 0.936127 1
-0.396746 0.280994 0.930018 1
-0.346273 0.219106 0.952694 1
-0.364946 0.185383 0.921730 1
-0.355164 0.173804 0.930953 1
-0.347570 0.226898 0.942235 1
-0.406233 0.089780 0.985595 1
-0.372278 0.117339 0.935985 1
-0.346288 0.215678 0.952735 1
-0.388835 0.184883 0.919248 1
-0.357107 0.201552 0.927279 1
-0.350268 0.255738 0.935821 1
-0.385219 0.184740 0.918533 1
-0.380226 0.250999 0.918477 1
-0.355900 0.235313 0.928493 1
-0.376859 0.219489 0.918348 1
-0.392197 0.127359 0.935171 1
-0.367801 0.190127 0.920554 1
-0.393177 0.263504 0.921652 1
-0.373787 0.102095 0.935535 1
-0.394177 0.269174 0.923996 1
-0.388554 0.283269 0.926485 1
-0.346156 0.246518 0.952372 1
-0.394934 0.245275 0.921871 1
-0.380220 0.247681 0.918463 1
-0.357108 0.258422 0.927281 1
-0.357108 0.246714 0.927280 1
-0.390307 0.167274 0.922726 1
-0.391340 0.132130 0.933126 1
-0.372280 0.244594 0.919313 1
-0.399466 0.249353 0.924663 1
-0.387112 0.221326 0.919094 1
-0.394845 0.216957 0.921664 1
-0.349378 0.205566 0.937962 1
-0.387023 0.183152 0.918881 1
-0.372342 0.105539 0.936145 1
-0.384780 0.087975 0.985290 1
-0.384495 0.154298 0.924761 1
-0.387257 0.097025 0.935462 1
-0.381852 0.234412 0.918404 1
-0.385256 0.091888 0.934701 1
-0.355900 0.248711 0.928494 1
-0.372599 0.264719 0.920099 1
-0.365839 0.169169 0.923984 1
-0.347032 0.193553 0.945397 1
-0.396736 0.131117 0.937925 1
-0.367101 0.129118 0.935698 1
-0.373777 0.090280 0.935510 1
-0.357108 0.231660 0.927280 1
-0.359614 0.201083 0.925122 1
-0.357108 0.261768 0.927281 1
-0.350448 0.273707 0.945411 1
-0.362771 0.126587 0.941985 1
-0.379097 0.125245 0.931996 1
-0.381811 0.211197 0.918305 1
-0.351589 0.263903 0.934843 1
-0.388918 0.219751 0.919442 1
-0.353491 0.256092 0.930970 1
-0.378468 0.192961 0.918232 1
-0.363003 0.118723 0.947025 1
-0.390875 0.236517 0.920145 1
-0.396999 0.218890 0.922806 1
-0.408421 0.177684 0.933696 1
-0.429787 0.287414 0.986610 1
-0.429792 0.290977 0.986622 1
-0.399286 0.207562 0.924248 1
-0.358312 0.186255 0.926069 1
-0.369235 0.203287 0.919990 1
-0.360932 0.192553 0.924225 1
-0.348441 0.246706 0.939998 1
-0.367800 0.188466 0.920550 1
-0.386780 0.120500 0.934309 1
-0.375300 0.209605 0.918587 1
-0.402981 0.162370 0.932801 1
-0.408585 0.231672 0.934071 1
-0.346926 0.241229 0.945111 1
-0.373893 0.115628 0.935801 1
-0.376923 0.255976 0.918503 1
-0.361064 0.141212 0.937553 1
-0.357901 0.159161 0.933714 1
-0.359611 0.194407 0.925114 1
-0.374780 0.282963 0.925485 1
-0.391674 0.092208 0.937959 1
-0.347598 0.204819 0.942309 1
-0.376905 0.246024 0.918461 1
-0.365733 0.119648 0.940863 1
-0.372419 0.160798 0.923770 1
-0.360938 0.204226 0.924238 1
-0.367836 0.230001 0.920640 1
-0.356571 0.267638 0.930243 1
-0.387230 0.117266 0.935397 1
-0.388949 0.233038 0.919516 1
-0.375313 0.219554 0.918619 1
-0.385390 0.257756 0.918940 1
-0.362106 0.166418 0.927229 1
-0.388984 0.247988 0.919600 1
-0.366455 0.135630 0.934052 1
-0.363143 0.118173 0.956391 1
-0.376766 0.093559 0.934552 1
-0.366392 0.208536 0.921186 1
-0.388875 0.201485 0.919340 1
-0.387907 0.112400 0.937033 1
-0.377686 0.268116 0.920363 1
-0.373792 0.227922 0.918953 1
-0.350305 0.183171 0.935917 1
-0.555491 0.419353 1.347722 1
-0.359875 0.169719 0.985228 1
-0.363684 0.177265 0.922746 1
-0.385309 0.222899 0.918746 1
-0.350393 0.166245 0.945263 1
-0.401100 0.139919 0.940224 1
-0.354689 0.225559 0.929709 1
-0.402065 0.176374 0.926810 1
-0.360310 0.147668 0.935597 1
-0.388976 0.244665 0.919581 1
-0.391405 0.173681 0.921393 1
-0.378567 0.249341 0.918473 1
-0.348466 0.224680 0.940067 1
-0.373749 0.194747 0.918847 1
-0.347607 0.266928 0.951642 1
-0.385347 0.239495 0.918838 1
-0.351840 0.265779 0.935512 1
-0.401566 0.192852 0.925660 1
-0.360963 0.260927 0.924303 1
-0.392530 0.165846 0.924042 1
-0.358365 0.177930 0.926208 1
-0.373835 0.261104 0.919058 1
-0.373917 0.130241 0.931655 1
-0.367637 0.272602 0.924316 1
-0.389437 0.173545 0.920671 1
-0.369237 0.204947 0.919993 1
-0.397084 0.140792 0.934762 1
-0.377635 0.089744 0.985197 1
-0.346436 0.194175 0.948434 1
-0.367742 0.164275 0.924581 1
-0.369028 0.165771 0.923625 1
-0.373575 0.118903 0.935005 1
-0.360865 0.153936 0.932669 1
-0.383437 0.194617 0.918232 1
-0.349331 0.246139 0.937835 1
-0.399221 0.192526 0.924098 1
-0.404746 0.233797 0.929127 1
-0.365012 0.261910 0.921896 1
-0.408607 0.233369 0.934122 1
-0.349310 0.172530 0.942343 1
-0.388933 0.226394 0.919479 1
-0.371366 0.141672 0.929476 1
-0.372333 0.095405 0.936123 1
-0.383456 0.107031 0.934424 1
-0.431566 0.280296 0.986610 1
-0.399236 0.195867 0.924131 1
-0.359637 0.252831 0.925181 1
-0.365007 0.256919 0.921885 1
-0.349093 0.174122 0.941758 1
-0.362272 0.235685 0.923389 1
-0.378629 0.275442 0.922661 1
-0.380473 0.112201 0.935376 1
-0.374100 0.118184 0.985247 1
-0.394079 0.169129 0.923766 1
-0.348490 0.204346 0.940131 1
-0.370727 0.229735 0.919573 1
-0.357289 0.146819 0.940972 1
-0.346420 0.201009 0.948393 1
-0.361636 0.171214 0.926027 1
-0.355900 0.196792 0.928492 1
-0.358165 0.135915 0.947784 1
-0.378552 0.241048 0.918437 1
-0.391702 0.278117 0.926025 1
-0.385252 0.090201 0.934692 1
-0.370721 0.224755 0.919558 1
-0.377332 0.126898 0.931788 1
-0.378485 0.202908 0.918274 1
-0.376799 0.184673 0.918202 1
-0.387295 0.262896 0.919528 1
-0.373758 0.201382 0.918868 1
-0.363294 0.117109 0.947783 1
-0.389390 0.105583 0.936534 1
-0.371945 0.165586 0.922593 1
-0.358312 0.182914 0.926069 1
-0.362213 0.141001 0.936151 1
-0.378573 0.252658 0.918487 1
-0.375722 0.143092 0.927811 1
-0.363786 0.137580 0.935855 1
-0.399358 0.177585 0.924414 1
-0.346904 0.251441 0.945049 1
-0.369663 0.104047 0.937916 1
-0.399416 0.153880 0.932334 1
-0.348518 0.180619 0.940206 1
-0.385260 0.093575 0.934711 1
-0.386020 0.171841 0.920443 1
-0.354834 0.176998 0.930090 1
-0.374095 0.114628 0.985234 1
-0.379552 0.089052 0.958621 1
-0.429789 0.289196 0.986616 1
-0.359775 0.135234 0.943040 1
-0.362271 0.234019 0.923387 1
-0.385279 0.102010 0.934758 1
-0.382661 0.170164 0.920351 1
-0.358130 0.168581 0.929935 1
-0.354030 0.164763 0.936840 1
-0.375318 0.222871 0.918629 1
-0.429618 0.177006 0.986224 1
-0.377876 0.152652 0.924892 1
-0.383840 0.174925 0.919199 1
-0.415227 0.125368 0.985844 1
-0.366384 0.198562 0.921165 1
-0.399647 0.176045 0.925082 1
-0.381881 0.250998 0.918475 1
-0.351413 0.170202 0.938878 1
-0.347043 0.188443 0.945428 1
-0.367983 0.109630 0.942279 1
-0.357108 0.241696 0.927280 1
-0.379339 0.280961 0.924392 1
-0.385324 0.229537 0.918783 1
-0.366888 0.109811 0.943834 1
-0.369228 0.178391 0.919971 1
-0.381887 0.254315 0.918489 1
-0.366111 0.094289 0.941836 1
-0.367816 0.206741 0.920590 1
-0.361864 0.269935 0.926609 1
-0.399426 0.272146 0.928449 1
-0.381761 0.183013 0.918185 1
-0.396856 0.185532 0.922475 1
-0.378482 0.201250 0.918267 1
-0.362927 0.279110 0.929332 1
-0.386353 0.281212 0.925216 1
-0.350280 0.232113 0.935852 1
-0.371508 0.268450 0.921511 1
-0.385235 0.191375 0.918570 1
-0.385223 0.186398 0.918542 1
-0.347028 0.195257 0.945387 1
-0.346843 0.246509 0.959021 1
-0.363570 0.193848 0.922457 1
-0.408854 0.252057 0.934688 1
-0.388548 0.151241 0.926470 1
-0.382685 0.280969 0.924418 1
-0.382537 0.155849 0.924062 1
-0.392900 0.240059 0.921001 1
-0.351188 0.160568 0.952042 1
-0.364391 0.156646 0.928790 1
-0.408382 0.216401 0.933609 1
-0.364940 0.178729 0.921716 1
-0.374062 0.089739 0.985147 1
-0.373786 0.222945 0.918937 1
-0.347605 0.201424 0.942329 1
-0.373764 0.206358 0.918884 1
-0.346332 0.205393 0.952856 1
-0.420620 0.143171 0.985981 1
-0.353498 0.240983 0.930989 1
-0.426216 0.294525 0.986585 1
-0.351378 0.192963 0.934281 1
-0.368503 0.141861 0.930714 1
-0.397184 0.262291 0.923237 1
-0.396992 0.217222 0.922789 1
-0.348429 0.256871 0.939965 1
-0.390833 0.223215 0.920048 1
-0.369658 0.093895 0.937904 1
-0.394944 0.248607 0.921895 1
-0.399480 0.252698 0.924697 1
-0.369691 0.173630 0.921126 1
-0.367069 0.280110 0.927093 1
-0.354689 0.235621 0.929710 1
-0.381884 0.252657 0.918482 1
-0.381477 0.271771 0.921500 1
-0.388910 0.216430 0.919424 1
-0.381899 0.260951 0.918517 1
-0.362067 0.120689 0.949049 1
-0.347533 0.259163 0.942133 1
-0.374071 0.096850 0.985172 1
-0.381082 0.138195 0.928639 1
-0.350302 0.188235 0.935910 1
-0.348488 0.206040 0.940126 1
-0.392734 0.186818 0.920612 1
-0.365658 0.143741 0.932021 1
-0.383429 0.095225 0.934358 1
-0.375831 0.157499 0.923966 1
-0.371245 0.157675 0.924998 1
-0.362252 0.192368 0.923339 1
-0.364986 0.231961 0.921831 1
-0.353662 0.177251 0.931421 1
-0.346353 0.231757 0.948207 1
-0.398510 0.169596 0.926319 1
-0.373033 0.268351 0.921171 1
-0.346372 0.223217 0.948259 1
-0.354768 0.167693 0.934333 1
-0.387282 0.105469 0.935523 1
-0.355269 0.145376 0.953777 1
-0.385382 0.254435 0.918922 1
-0.373743 0.189772 0.918832 1
-0.388015 0.170328 0.921237 1
-0.387247 0.093648 0.935437 1
-0.376885 0.234414 0.918411 1
-0.349410 0.178512 0.938047 1
-0.364296 0.132702 0.937167 1
-0.390348 0.138510 0.930761 1
-0.346311 0.250541 0.948094 1
-0.367837 0.231663 0.920643 1
-0.353004 0.165074 0.938605 1
-0.399229 0.194197 0.924115 1
-0.398593 0.156920 0.930413 1
-0.346361 0.198535 0.952936 1
-0.365685 0.170764 0.923597 1
-0.374168 0.143138 0.928108 1
-0.352067 0.165429 0.940625 1
-0.387567 0.264740 0.920172 1
-0.372216 0.194813 0.919155 1
-0.374762 0.152743 0.925441 1
-0.349380 0.203876 0.937968 1
-0.360931 0.189218 0.924221 1
-0.368480 0.279911 0.926435 1
-0.349408 0.180203 0.938042 1
-0.364157 0.104898 0.945584 1
-0.359639 0.257839 0.925187 1
-0.383008 0.089170 0.941611 1
-0.363077 0.105576 0.951696 1
-0.390926 0.253148 0.920266 1
-0.404702 0.227069 0.929026 1
-0.393283 0.111274 0.941810 1
-0.362276 0.245681 0.923400 1
-0.364865 0.151817 0.929999 1
-0.353481 0.277190 0.939875 1
-0.349346 0.232616 0.937877 1
-0.347035 0.191850 0.945408 1
-0.355900 0.190092 0.928492 1
-0.427802 0.159203 0.986137 1
-0.386689 0.151168 0.926020 1
-0.403856 0.267838 0.930939 1
-0.351377 0.194648 0.934279 1
-0.359767 0.283938 0.934185 1
-0.354689 0.183633 0.929708 1
-0.347617 0.196331 0.942360 1
-0.346149 0.248231 0.952352 1
-0.366989 0.144841 0.985240 1
-0.354689 0.218851 0.929709 1
-0.560056 0.411981 1.324031 1
-0.399423 0.239320 0.924563 1
-0.350270 0.252363 0.935825 1
-0.361812 0.287138 0.985663 1
-0.352672 0.156073 0.956066 1
-0.401406 0.157364 0.933049 1
-0.374530 0.109062 0.937395 1
-0.387163 0.242910 0.919214 1
-0.380155 0.211197 0.918307 1
-0.386210 0.170265 0.920896 1
-0.356646 0.141119 0.948290 1
-0.359933 0.127995 0.952460 1
-0.395504 0.087988 0.985440 1
-0.357307 0.140706 0.945514 1
-0.378340 0.105329 0.934277 1
-0.396515 0.155085 0.929476 1
-0.346734 0.261996 0.958720 1
-0.548329 0.430919 1.384894 1
-0.395940 0.158209 0.928128 1
-0.357798 0.171777 0.929074 1
-0.346938 0.236122 0.945141 1
-0.387264 0.146374 0.927396 1
-0.376632 0.149484 0.925934 1
-0.349319 0.256280 0.937803 1
-0.346326 0.243711 0.948135 1
-0.389355 0.097128 0.936451 1
-0.359616 0.204422 0.925126 1
-0.347853 0.177830 0.961813 1
-0.378835 0.174911 0.919122 1
-0.353492 0.252734 0.930974 1
-0.372323 0.125292 0.985247 1
-0.348502 0.194178 0.940163 1
-0.376099 0.089143 0.941321 1
-0.391611 0.117568 0.937807 1
-0.395913 0.134222 0.935980 1
-0.356731 0.170391 0.930660 1
-0.358312 0.253074 0.926070 1
-0.347050 0.185037 0.945449 1
-0.390797 0.211578 0.919963 1
-0.351234 0.161516 0.947533 1
-0.369659 0.095587 0.937906 1
-0.375292 0.202972 0.918566 1
-0.385254 0.199669 0.918616 1
-0.360018 0.281792 0.985619 1
-0.349348 0.230925 0.937883 1
-0.366152 0.108395 0.946333 1
-0.352427 0.243082 0.932598 1
-0.371731 0.109233 0.938867 1
-0.399257 0.200879 0.924181 1
-0.349364 0.217401 0.937925 1
-0.387179 0.249552 0.919251 1
-0.397034 0.227234 0.922889 1
-0.376824 0.199593 0.918262 1
-0.366381 0.195237 0.921158 1
-0.385274 0.207965 0.918663 1
-0.394741 0.183658 0.921421 1
-0.383556 0.246039 0.918518 1
-0.381671 0.105317 0.934179 1
-0.380154 0.178068 0.918303 1
-0.390045 0.268624 0.922108 1
-0.542410 0.437757 1.415071 1
-0.392756 0.164274 0.924573 1
-0.356108 0.273606 0.933429 1
-0.429605 0.168106 0.986193 1
-0.350291 0.210175 0.935881 1
-0.373783 0.097032 0.935524 1
-0.363597 0.253769 0.922526 1
-0.359609 0.189400 0.925109 1
-0.385313 0.224558 0.918755 1
-0.360028 0.161971 0.930505 1
-0.396513 0.269629 0.925557 1
-0.404472 0.191768 0.928498 1
-0.390295 0.281647 0.926649 1
-0.397106 0.243924 0.923055 1
-0.375326 0.229504 0.918651 1
-0.378957 0.110564 0.935801 1
-0.378523 0.224463 0.918366 1
-0.368476 0.116049 0.939204 1
-0.376525 0.135012 0.929795 1
-0.363579 0.213821 0.922480 1
-0.380182 0.226121 0.918371 1
-0.346930 0.239527 0.945121 1
-0.373250 0.270170 0.921708 1
-0.381870 0.244363 0.918447 1
-0.394798 0.201970 0.921554 1
-0.352943 0.159037 0.942966 1
-0.357108 0.251732 0.927280 1
-0.361480 0.172809 0.925628 1
-0.366300 0.164376 0.925150 1
-0.364218 0.278815 0.928351 1
-0.346383 0.218093 0.948290 1
-0.372250 0.221361 0.919239 1
-0.385058 0.118803 0.934220 1
-0.360572 0.270220 0.927587 1
-0.354616 0.278446 0.938392 1
-0.382413 0.141417 0.927803 1
-0.388894 0.209787 0.919387 1
-0.355900 0.193442 0.928492 1
-0.357108 0.250059 0.927280 1
-0.378444 0.179699 0.918175 1
-0.385231 0.189716 0.918561 1
-0.359631 0.154128 0.933832 1
-0.561521 0.407191 1.316268 1
-0.368024 0.146706 0.929503 1
-0.378865 0.277280 0.923237 1
-0.381840 0.227779 0.918376 1
-0.346823 0.248225 0.958967 1
-0.395503 0.135770 0.935011 1
-0.364013 0.265721 0.923581 1
-0.375350 0.247747 0.918709 1
-0.351343 0.262033 0.934190 1
-0.357108 0.245041 0.927280 1
-0.355520 0.147917 0.959095 1
-0.351380 0.187908 0.934288 1
-0.404790 0.240527 0.929228 1
-0.373127 0.138351 0.929687 1
-0.387206 0.261178 0.919316 1
-0.369247 0.216570 0.920019 1
-0.378506 0.214514 0.918324 1
-0.353491 0.254413 0.930972 1
-0.389715 0.266735 0.921328 1
-0.367897 0.162676 0.924969 1
-0.348249 0.173693 0.958131 1
-0.375940 0.171787 0.920153 1
-0.356872 0.279254 0.935431 1
-0.398222 0.171144 0.925649 1
-0.349352 0.227544 0.937893 1
-0.428007 0.294533 0.986610 1
-0.372263 0.231317 0.919271 1
-0.379342 0.170164 0.920352 1
-0.399408 0.235976 0.924530 1
-0.386400 0.168687 0.921349 1
-0.373775 0.214651 0.918911 1
-0.356439 0.153243 0.938735 1
-0.380818 0.108926 0.936225 1
-0.401933 0.254864 0.926506 1
-0.391456 0.145015 0.929405 1
-0.389590 0.115778 0.937015 1
-0.378465 0.191303 0.918225 1
-0.390705 0.181665 0.919745 1
-0.353880 0.158695 0.940936 1
-0.372248 0.219701 0.919234 1
-0.374086 0.107516 0.985209 1
-0.346120 0.255081 0.952271 1
-0.363568 0.190520 0.922453 1
-0.371016 0.130402 0.932811 1
-0.375279 0.193024 0.918535 1
-0.358312 0.187926 0.926069 1
-0.390766 0.201606 0.919890 1
-0.382320 0.173330 0.919530 1
-0.365049 0.092751 0.943483 1
-0.385320 0.227878 0.918774 1
-0.369270 0.243137 0.920076 1
-0.371721 0.283176 0.926183 1
-0.354098 0.266625 0.932569 1
-0.383514 0.227789 0.918417 1
-0.394283 0.280434 0.928167 1
-0.373762 0.204699 0.918879 1
-0.405159 0.158173 0.937842 1
-0.388864 0.178264 0.919315 1
-0.371680 0.138436 0.930262 1
-0.404876 0.176871 0.929426 1
-0.374097 0.116406 0.985241 1
-0.350282 0.228738 0.935856 1
-0.393360 0.146776 0.929944 1
-0.375450 0.130190 0.931289 1
-0.367243 0.116195 0.940383 1
-0.390375 0.270516 0.922889 1
-0.367444 0.125860 0.936572 1
-0.363574 0.203835 0.922468 1
-0.370767 0.261279 0.919674 1
-0.392789 0.149913 0.928595 1
-0.372231 0.206427 0.919192 1
-0.361706 0.145863 0.934842 1
-0.404735 0.232115 0.929102 1
-0.354689 0.250714 0.929710 1
-0.375356 0.252723 0.918724 1
-0.373648 0.163939 0.922691 1
-0.352365 0.169845 0.936906 1
-0.346171 0.243093 0.952412 1
-0.381953 0.275439 0.922651 1
-0.347594 0.206517 0.942299 1
-0.367860 0.258249 0.920701 1
-0.429781 0.283851 0.986597 1
-0.365889 0.154896 0.928342 1
-0.357696 0.276899 0.933180 1
-0.363489 0.129636 0.939451 1
-0.388354 0.087980 0.985340 1
-0.366397 0.213524 0.921197 1
-0.373741 0.188113 0.918826 1
-0.422647 0.301636 0.986560 1
-0.347120 0.222469 0.959788 1
-0.373285 0.136731 0.930080 1
-0.355900 0.253736 0.928494 1
-0.367857 0.254926 0.920694 1
-0.399415 0.237648 0.924547 1
-0.390937 0.256474 0.920291 1
-0.400691 0.133564 0.943254 1
-0.352435 0.226265 0.932620 1
-0.366213 0.126018 0.937746 1
-0.357394 0.163981 0.932391 1
-0.346345 0.235173 0.948186 1
-0.407956 0.184211 0.932635 1
-0.350366 0.163618 0.949813 1
-0.373467 0.284905 0.926371 1
-0.380871 0.155849 0.924062 1
-0.362728 0.266000 0.924552 1
-0.380173 0.221146 0.918350 1
-0.362433 0.150523 0.932374 1
-0.390782 0.206592 0.919927 1
-0.360195 0.160367 0.930937 1
-0.370313 0.283377 0.926840 1
-0.429597 0.162766 0.986174 1
-0.355900 0.195117 0.928492 1
-0.392786 0.203451 0.920734 1
-0.378558 0.244365 0.918451 1
-0.358096 0.175049 0.985221 1
-0.374079 0.102183 0.985191 1
-0.408338 0.213009 0.933506 1
-0.361324 0.174404 0.925228 1
-0.429784 0.285633 0.986603 1
-0.351347 0.253610 0.934201 1
-0.408046 0.190982 0.932840 1
-0.366390 0.205211 0.921179 1
-0.367847 0.274426 0.924845 1
-0.384966 0.135032 0.929928 1
-0.355900 0.255411 0.928494 1
-0.378926 0.126869 0.931575 1
-0.379578 0.136581 0.929057 1
-0.389121 0.263009 0.919922 1
-0.390715 0.184988 0.919769 1
-0.367811 0.201757 0.920579 1
-0.365182 0.148591 0.930807 1
-0.349374 0.208948 0.937952 1
-0.379989 0.107004 0.934189 1
-0.375361 0.256041 0.918735 1
-0.354689 0.188664 0.929708 1
-0.392334 0.153085 0.927518 1
-0.353499 0.239305 0.930992 1
-0.392109 0.268899 0.923051 1
-0.359828 0.176157 0.925674 1
-0.358312 0.199619 0.926069 1
-0.381425 0.134966 0.929475 1
-0.346090 0.261929 0.952191 1
-0.366427 0.248439 0.921273 1
-0.355406 0.268025 0.931589 1
-0.554693 0.418153 1.351701 1
-0.349317 0.257970 0.937797 1
-0.372941 0.125436 0.933419 1
-0.365256 0.161315 0.926736 1
-0.388968 0.241343 0.919563 1
-0.376879 0.231097 0.918397 1
-0.373790 0.226263 0.918947 1
-0.347062 0.179926 0.945479 1
-0.354603 0.270375 0.933900 1
-0.401879 0.246474 0.926380 1
-0.408877 0.253757 0.934739 1
-0.363569 0.192184 0.922455 1
-0.369382 0.176805 0.920355 1
-0.358107 0.148153 0.938668 1
-0.352713 0.277920 0.942351 1
-0.353426 0.155848 0.944257 1
-0.360447 0.130375 0.944803 1
-0.368101 0.175326 0.921305 1
-0.359630 0.236137 0.925162 1
-0.359195 0.169969 0.928352 1
-0.376894 0.239390 0.918433 1
-0.350285 0.221988 0.935865 1
-0.371837 0.136816 0.930656 1
-0.372203 0.184858 0.919123 1
-0.399358 0.224274 0.924414 1
-0.375328 0.231162 0.918656 1
-0.391038 0.274310 0.924454 1
-0.422417 0.148513 0.986025 1
-0.360451 0.169772 0.927275 1
-0.393836 0.278445 0.927116 1
-0.359636 0.249492 0.925178 1
-0.354689 0.228913 0.929709 1
-0.352785 0.166664 0.938024 1
-0.377436 0.141434 0.927910 1
-0.350581 0.264414 0.936655 1
-0.396296 0.278999 0.928963 1
-0.371804 0.122248 0.934792 1
-0.377921 0.303226 0.985943 1
-0.378895 0.143027 0.927387 1
-0.404680 0.223705 0.928976 1
-0.351813 0.174641 0.935440 1
-0.394762 0.190317 0.921469 1
-0.368925 0.124101 0.936044 1
-0.375431 0.275538 0.922982 1
-0.394913 0.238610 0.921822 1
-0.355900 0.257086 0.928494 1
-0.363580 0.217150 0.922484 1
-0.378477 0.197934 0.918253 1
-0.351376 0.196332 0.934277 1
-0.396942 0.205544 0.922673 1
-0.373756 0.199723 0.918863 1
-0.372287 0.249573 0.919329 1
-0.355900 0.221914 0.928493 1
-0.395847 0.277009 0.927910 1
-0.397082 0.164685 0.926887 1
-0.393936 0.156404 0.927353 1
-0.366408 0.226824 0.921226 1
-0.549144 0.429603 1.380663 1
-0.424437 0.301644 0.986585 1
-0.347531 0.260861 0.942128 1
-0.346251 0.224247 0.952634 1
-0.369244 0.213249 0.920011 1
-0.349350 0.229235 0.937888 1
-0.392209 0.140255 0.931194 1
-0.356066 0.156466 0.937753 1
-0.399171 0.180835 0.923982 1
-0.384996 0.271909 0.921966 1
-0.382656 0.123627 0.932474 1
-0.363918 0.161462 0.927584 1
-0.369657 0.092203 0.937903 1
-0.376578 0.165428 0.921713 1
-0.379108 0.266288 0.919785 1
-0.372577 0.159200 0.924162 1
-0.364000 0.147113 0.932080 1
-0.354099 0.285839 0.946055 1
-0.361253 0.139594 0.938044 1
-0.379850 0.165405 0.921585 1
-0.413422 0.114691 0.985782 1
-0.387093 0.213025 0.919048 1
-0.369466 0.132132 0.933145 1
-0.387545 0.159185 0.924078 1
-0.346193 0.237954 0.952473 1
-0.346923 0.242931 0.945100 1
-0.375781 0.173373 0.919763 1
-0.383707 0.275503 0.922866 1
-0.378321 0.090157 0.934229 1
-0.353606 0.151545 0.949312 1
-0.398472 0.136208 0.938029 1
-0.392791 0.112832 0.940634 1
-0.355873 0.279796 0.937244 1
-0.429800 0.296322 0.986641 1
-0.368183 0.145093 0.929906 1
-0.369960 0.156168 0.925957 1
-0.354398 0.170886 0.933360 1
-0.370871 0.275861 0.924065 1
-0.361369 0.149096 0.933972 1
-0.370672 0.186580 0.919436 1
-0.368719 0.168961 0.922850 1
-0.369282 0.256422 0.920105 1
-0.369894 0.114269 0.938503 1
-0.370545 0.132401 0.985247 1
-0.395151 0.116421 0.942214 1
-0.380188 0.229438 0.918385 1
-0.383441 0.100284 0.934386 1
-0.347559 0.237088 0.942203 1
-0.559285 0.410781 1.327871 1
-0.376810 0.191303 0.918227 1
-0.367804 0.193450 0.920561 1
-0.366775 0.132376 0.934866 1
-0.360548 0.125892 0.949557 1
-0.375849 0.089742 0.985172 1
-0.380832 0.171748 0.919941 1
-0.390574 0.136911 0.931301 1
-0.392369 0.281937 0.927602 1
-0.399494 0.256043 0.924730 1
-0.354857 0.272253 0.934567 1
-0.378019 0.166993 0.921174 1
-0.349342 0.235997 0.937867 1
-0.350272 0.248988 0.935830 1
-0.391054 0.133715 0.932447 1
-0.378532 0.229438 0.918388 1
-0.383071 0.089066 0.958772 1
-0.376920 0.254317 0.918496 1
-0.397013 0.222227 0.922839 1
-0.364983 0.228634 0.921824 1
-0.361208 0.275725 0.929222 1
-0.394794 0.151715 0.929373 1
-0.378579 0.255976 0.918501 1
-0.357108 0.260095 0.927281 1
-0.369261 0.233174 0.920054 1
-0.382024 0.160633 0.922822 1
-0.394222 0.154843 0.928025 1
-0.352448 0.201038 0.932654 1
-0.363877 0.113872 0.949303 1
-0.388224 0.281358 0.925698 1
-0.377066 0.113879 0.935296 1
-0.348472 0.219597 0.940083 1
-0.364947 0.187046 0.921734 1
-0.366727 0.121113 0.939063 1
-0.394855 0.220288 0.921688 1
-0.383483 0.214519 0.918343 1
-0.363566 0.185527 0.922447 1
-0.374393 0.125358 0.932840 1
-0.363468 0.089798 0.948238 1
-0.369392 0.263140 0.920381 1
-0.358312 0.239710 0.926070 1
-0.364993 0.240280 0.921849 1
-0.366117 0.116376 0.941851 1
-0.351515 0.159935 0.948291 1
-0.417024 0.130709 0.985888 1
-0.380199 0.236071 0.918414 1
-0.354030 0.174072 0.932390 1
-0.361767 0.121162 0.952768 1
-0.371296 0.279515 0.925123 1
-0.367795 0.183483 0.920539 1
-0.349386 0.198803 0.937984 1
-0.362272 0.123599 0.945116 1
-0.362260 0.210694 0.923360 1
-0.360295 0.171370 0.926874 1
-0.353845 0.166366 0.936351 1
-0.376821 0.197935 0.918255 1
-0.350287 0.218613 0.935870 1
-0.391924 0.141831 0.930517 1
-0.426214 0.292744 0.986578 1
-0.394753 0.092533 0.941265 1
-0.372208 0.188176 0.919134 1
-0.358312 0.238040 0.926070 1
-0.370670 0.184920 0.919431 1
-0.350303 0.186547 0.935912 1
-0.367847 0.243294 0.920669 1
-0.381482 0.284650 0.925544 1
-0.383413 0.181355 0.918175 1
-0.360246 0.277952 0.931069 1
-0.375987 0.108994 0.936811 1
-0.370388 0.136901 0.931232 1
-0.387736 0.157596 0.924534 1
-0.368423 0.100787 0.939069 1
-0.350038 0.173747 0.939732 1
-0.400540 0.266748 0.927150 1
-0.350281 0.230426 0.935854 1
-0.379003 0.173330 0.919531 1
-0.380196 0.234413 0.918406 1
-0.355687 0.169014 0.932324 1
-0.370778 0.162476 0.923833 1
-0.383466 0.178067 0.918302 1
-0.392822 0.215097 0.920819 1
-0.357511 0.145212 0.941557 1
-0.347630 0.175096 0.947028 1
-0.375331 0.232821 0.918661 1
-0.368649 0.114408 0.939644 1
-0.397070 0.235578 0.922972 1
-0.367415 0.114552 0.940825 1
-0.353518 0.202370 0.931040 1
-0.349002 0.271446 0.955461 1
-0.395244 0.263773 0.922594 1
-0.389011 0.133591 0.931581 1
-0.392723 0.183492 0.920588 1
-0.354689 0.245683 0.929710 1
-0.381653 0.095203 0.934136 1
-0.360945 0.220902 0.924257 1
-0.399200 0.187516 0.924048 1
-0.358440 0.263190 0.926401 1
-0.367992 0.263326 0.921030 1
-0.378564 0.247682 0.918466 1
-0.354351 0.268498 0.933234 1
-0.391205 0.160986 0.924850 1
-0.431384 0.160991 0.986193 1
-0.362501 0.275434 0.928241 1
-0.372376 0.275742 0.923665 1
-0.352418 0.259898 0.932576 1
-0.394813 0.097642 0.941409 1
-0.356431 0.271101 0.985532 1
-0.346383 0.193390 0.952997 1
-0.370674 0.188239 0.919442 1
-0.406564 0.172558 0.933299 1
-0.370744 0.243016 0.919616 1
-0.385208 0.179764 0.918505 1
-0.429797 0.294540 0.986635 1
-0.404708 0.167436 0.932903 1
-0.364173 0.091256 0.945626 1
-0.357471 0.275042 0.932591 1
-0.369918 0.141760 0.930051 1
-0.360947 0.225905 0.924263 1
-0.351355 0.238449 0.934221 1
-0.349711 0.166733 0.948039 1
-0.383003 0.166993 0.921173 1
-0.362272 0.237351 0.923391 1
-0.404724 0.230433 0.929077 1
-0.400911 0.169906 0.928008 1
-0.380492 0.174910 0.919121 1
-0.394735 0.181994 0.921408 1
-0.355900 0.262110 0.928494 1
-0.389397 0.107274 0.936550 1
-0.401716 0.221319 0.926005 1
-0.352444 0.207766 0.932645 1
-0.390778 0.149784 0.927796 1
-0.351179 0.268250 0.938254 1
-0.363563 0.178870 0.922440 1
-0.383460 0.204567 0.918287 1
-0.361156 0.285389 0.933421 1
-0.348480 0.212819 0.940104 1
-0.358312 0.233028 0.926070 1
-0.363092 0.102146 0.951735 1
-0.543283 0.436408 1.410711 1
-0.362270 0.232353 0.923385 1
-0.349344 0.234306 0.937872 1
-0.415219 0.120031 0.985825 1
-0.389246 0.175119 0.920219 1
-0.348510 0.187398 0.940185 1
-0.431395 0.168111 0.986218 1
-0.357107 0.226642 0.927280 1
-0.348464 0.226375 0.940062 1
-0.429591 0.159207 0.986162 1
-0.378329 0.096899 0.934250 1
-0.408427 0.219793 0.933712 1
-0.354689 0.217174 0.929709 1
-0.401781 0.231379 0.926155 1
-0.347039 0.190147 0.945418 1
-0.375650 0.277365 0.923521 1
-0.381673 0.107003 0.934186 1
-0.360955 0.242582 0.924282 1
-0.348520 0.178924 0.940211 1
-0.389335 0.092055 0.936401 1
-0.354689 0.244006 0.929710 1
-0.347565 0.231993 0.942219 1
-0.357172 0.156210 0.936218 1
-0.352405 0.275980 0.941529 1
-0.354274 0.151100 0.946522 1
-0.365002 0.250263 0.921870 1
-0.347578 0.220105 0.942256 1
-0.346914 0.264683 0.949744 1
-0.353488 0.261128 0.930963 1
-0.428004 0.292751 0.986603 1
-0.361090 0.163370 0.928919 1
-0.373783 0.221286 0.918932 1
-0.387370 0.275741 0.923661 1
-0.373813 0.244512 0.919005 1
-0.431577 0.287421 0.986635 1
-0.379066 0.141417 0.927804 1
-0.377818 0.122013 0.932988 1
-0.381656 0.096888 0.934143 1
-0.355182 0.266177 0.931002 1
-0.381878 0.249339 0.918468 1
-0.408113 0.196063 0.932994 1
-0.366859 0.278278 0.926561 1
-0.354557 0.149512 0.947279 1
-0.397862 0.275572 0.928706 1
-0.362254 0.197366 0.923345 1
-0.355695 0.151956 0.941246 1
-0.401857 0.243119 0.926330 1
-0.383587 0.259315 0.918592 1
-0.363567 0.187191 0.922449 1
-0.353291 0.171165 0.934886 1
-0.544161 0.437612 1.406403 1
-0.348317 0.174584 0.944258 1
-0.359694 0.165174 0.929642 1
-0.374875 0.167073 0.921616 1
-0.372210 0.189835 0.919139 1
-0.374076 0.100405 0.985185 1
-0.362096 0.153744 0.931508 1
-0.369233 0.199966 0.919983 1
-0.347629 0.262634 0.942393 1
-0.375870 0.279194 0.924061 1
-0.375233 0.102030 0.934933 1
-0.397141 0.252272 0.923138 1
-0.360949 0.229240 0.924267 1
-0.363568 0.188856 0.922451 1
-0.388922 0.221412 0.919451 1
-0.346432 0.195884 0.948424 1
-0.385270 0.206306 0.918654 1
-0.368304 0.117688 0.938764 1
-0.394306 0.167559 0.924297 1
-0.408225 0.204534 0.933250 1
-0.372229 0.204767 0.919187 1
-0.413430 0.120028 0.985801 1
-0.384674 0.122052 0.933289 1
-0.365041 0.099557 0.943462 1
-0.391370 0.276212 0.925239 1
-0.385301 0.219580 0.918727 1
-0.365499 0.145359 0.931616 1
-0.349315 0.259660 0.937792 1
-0.375296 0.206289 0.918577 1
-0.371942 0.272092 0.922587 1
-0.360672 0.128751 0.945392 1
-0.395111 0.089219 0.942119 1
-0.403722 0.170386 0.930631 1
-0.397947 0.160017 0.928905 1
-0.367007 0.267141 0.922732 1
-0.396673 0.142331 0.933795 1
-0.357964 0.170180 0.929504 1
-0.371962 0.120614 0.935190 1
-0.394893 0.104456 0.941600 1
-0.376807 0.189645 0.918220 1
-0.373924 0.176598 0.919277 1
-0.392442 0.270793 0.923833 1
-0.376781 0.105364 0.934590 1
-0.403203 0.281481 0.937226 1
-0.384099 0.126912 0.931895 1
-0.352454 0.187583 0.932671 1
-0.401900 0.249830 0.926431 1
-0.371173 0.128774 0.933207 1
-0.397163 0.257282 0.923187 1
-0.557031 0.416867 1.339732 1
-0.378555 0.146241 0.926553 1
-0.367641 0.137129 0.932786 1
-0.356057 0.165823 0.933295 1
-0.396849 0.183865 0.922458 1
-0.352597 0.271423 0.937522 1
-0.383803 0.113876 0.935269 1
-0.368691 0.281744 0.926967 1
-0.376903 0.244365 0.918454 1
-0.363152 0.269651 0.925634 1
-0.401821 0.155842 0.934014 1
-0.357107 0.216606 0.927279 1
-0.385371 0.249455 0.918894 1
-0.347569 0.228596 0.942230 1
-0.377794 0.089045 0.958546 1
-0.392744 0.190145 0.920637 1
-0.386826 0.272026 0.922363 1
-0.375324 0.227846 0.918645 1
-0.388657 0.272143 0.922760 1
-0.370712 0.218115 0.919536 1
-0.356359 0.147136 0.943003 1
-0.399509 0.259389 0.924763 1
-0.562257 0.406009 1.312445 1
-0.365033 0.106362 0.943441 1
-0.353520 0.197333 0.931047 1
-0.350292 0.208487 0.935883 1
-0.383456 0.202909 0.918278 1
-0.355900 0.211865 0.928493 1
-0.349402 0.185276 0.938026 1
-0.356626 0.151629 0.939226 1
-0.363871 0.126379 0.940436 1
-0.368622 0.268769 0.922608 1
-0.369254 0.274232 0.924190 1
-0.381758 0.181356 0.918177 1
-0.431591 0.296329 0.986666 1
-0.358312 0.194607 0.926069 1
-0.381726 0.147846 0.926136 1
-0.408764 0.245259 0.934482 1
-0.368343 0.143478 0.930310 1
-0.376876 0.229439 0.918390 1
-0.356846 0.150028 0.939805 1
-0.396935 0.203876 0.922657 1
-0.346972 0.220800 0.945234 1
-0.381805 0.207881 0.918291 1
-0.357228 0.165586 0.931957 1
-0.394986 0.261938 0.921993 1
-0.382354 0.110570 0.935853 1
-0.401617 0.204566 0.925777 1
-0.360935 0.199223 0.924233 1
-0.348037 0.267655 0.948135 1
-0.367856 0.253264 0.920690 1
-0.351354 0.240134 0.934219 1
-0.347017 0.200366 0.945356 1
-0.387272 0.102091 0.935499 1
-0.378327 0.095214 0.934245 1
-0.352191 0.159467 0.945514 1
-0.387183 0.251213 0.919261 1
-0.365101 0.110300 0.948036 1
-0.365924 0.110033 0.945743 1
-0.364999 0.246935 0.921863 1
-0.346105 0.258505 0.952231 1
-0.389915 0.127164 0.933746 1
-0.346098 0.260217 0.952211 1
-0.350656 0.162835 0.955271 1
-0.399377 0.164942 0.928334 1
-0.381890 0.255974 0.918496 1
-0.390122 0.140108 0.930223 1
-0.394834 0.213626 0.921640 1
-0.372236 0.209745 0.919202 1
-0.355619 0.277906 0.936574 1
-0.362277 0.249014 0.923404 1
-0.392754 0.193471 0.920661 1
-0.358312 0.216323 0.926069 1
-0.367207 0.097526 0.940292 1
-0.391709 0.100677 0.938042 1
-0.427999 0.289188 0.986591 1
-0.352924 0.174356 0.933913 1
-0.399502 0.257716 0.924746 1
-0.369814 0.266764 0.921431 1
-0.351378 0.191278 0.934284 1
-0.383491 0.217836 0.918361 1
-0.400165 0.161912 0.930166 1
-0.418823 0.137829 0.985937 1
-0.359631 0.239476 0.925166 1
-0.390942 0.258138 0.920303 1
-0.354407 0.283016 0.942336 1
-0.362358 0.119073 0.949811 1
-0.386109 0.110679 0.936770 1
-0.390890 0.241505 0.920181 1
-0.347101 0.224187 0.959733 1
-0.351371 0.206441 0.934263 1
-0.395618 0.265689 0.923469 1
-0.349455 0.168256 0.956699 1
-0.389205 0.160849 0.924062 1
-0.374064 0.091517 0.985153 1
-0.388878 0.203145 0.919349 1
-0.374082 0.175014 0.919666 1
-0.347597 0.181166 0.961106 1
-0.380435 0.128491 0.931154 1
-0.346685 0.260230 0.958584 1
-0.363048 0.156790 0.929642 1
-0.352445 0.206084 0.932647 1
-0.396795 0.166236 0.926216 1
-0.370714 0.219775 0.919542 1
-0.404922 0.260726 0.929531 1
-0.367863 0.261573 0.920708 1
-0.354541 0.153889 0.942691 1
-0.371292 0.266632 0.920974 1
-0.346439 0.192466 0.948444 1
-0.363206 0.155180 0.930046 1
-0.389462 0.130382 0.932662 1
-0.387354 0.160773 0.923622 1
-0.358312 0.192937 0.926069 1
-0.357107 0.206570 0.927279 1
-0.376841 0.209540 0.918305 1
-0.408652 0.236765 0.934225 1
-0.388953 0.234699 0.919525 1
-0.372300 0.259532 0.919360 1
-0.363583 0.223808 0.922491 1
-0.363679 0.150343 0.931258 1
-0.378453 0.184672 0.918196 1
-0.381295 0.120365 0.933260 1
-0.358312 0.196278 0.926069 1
-0.373015 0.170308 0.921127 1
-0.374060 0.087962 0.985141 1
-0.379577 0.282805 0.924970 1
-0.365392 0.265513 0.922858 1
-0.390730 0.189973 0.919805 1
-0.401802 0.234733 0.926205 1
-0.346990 0.212286 0.945285 1
-0.399365 0.225946 0.924430 1
-0.362714 0.277271 0.928786 1
-0.367824 0.216709 0.920611 1
-0.388882 0.204806 0.919359 1
-0.350268 0.257426 0.935818 1
-0.363585 0.227137 0.922495 1
-0.379920 0.133349 0.929895 1
-0.399077 0.144275 0.935481 1
-0.362288 0.273599 0.927696 1
-0.380226 0.146241 0.926553 1
-0.390725 0.188311 0.919793 1
-0.363572 0.198841 0.922463 1
-0.384305 0.155889 0.924304 1
-0.385336 0.234516 0.918811 1
-0.353883 0.284664 0.959348 1
-0.351359 0.230026 0.934232 1
-0.355900 0.188417 0.928492 1
-0.361488 0.123914 0.947530 1
-0.385733 0.128578 0.931780 1
-0.356795 0.269485 0.930829 1
-0.361425 0.160167 0.929781 1
-0.356614 0.161024 0.934754 1
-0.404582 0.208573 0.928749 1
-0.353320 0.153134 0.948544 1
-0.381986 0.113837 0.934952 1
-0.360943 0.215899 0.924252 1
-0.358461 0.154349 0.935175 1
-0.396920 0.200540 0.922624 1
-0.390741 0.193296 0.919830 1
-0.348468 0.222986 0.940072 1
-0.377910 0.282807 0.924975 1
-0.359638 0.254500 0.925183 1
-0.399401 0.234304 0.924514 1
-0.356685 0.140096 0.952964 1
-0.378503 0.212856 0.918317 1
-0.429608 0.169886 0.986199 1
-0.352454 0.189265 0.932669 1
-0.381778 0.192960 0.918227 1
-0.346424 0.199301 0.948403 1
-0.373468 0.271991 0.922246 1
-0.377057 0.160645 0.922887 1
-0.394508 0.153280 0.928698 1
-0.387455 0.115646 0.935942 1
-0.380568 0.143027 0.927386 1
-0.387633 0.173480 0.920331 1
-0.385283 0.103698 0.934767 1
-0.374968 0.135056 0.930094 1
-0.402478 0.174881 0.927762 1
-0.353708 0.154268 0.945011 1
-0.398251 0.147345 0.933546 1
-0.404428 0.185049 0.928397 1
-0.358312 0.236369 0.926070 1
-0.351363 0.221603 0.934243 1
-0.360953 0.237579 0.924277 1
-0.387058 0.198087 0.918964 1
-0.366763 0.159571 0.926318 1
-0.372238 0.211404 0.919208 1
-0.352740 0.175949 0.933426 1
-0.348462 0.228069 0.940056 1
-0.408136 0.197756 0.933045 1
-0.366374 0.186925 0.921140 1
-0.354982 0.150676 0.943865 1
-0.394947 0.177102 0.921901 1
-0.360941 0.210896 0.924246 1
-0.392863 0.228409 0.920916 1
-0.352440 0.216175 0.932634 1
-0.367207 0.106007 0.940292 1
-0.392560 0.151500 0.928053 1
-0.380765 0.266287 0.919780 1
-0.380123 0.192960 0.918229 1
-0.374052 0.113989 0.936199 1
-0.375227 0.095282 0.934919 1
-0.349325 0.251209 0.937819 1
-0.429803 0.298103 0.986647 1
-0.347054 0.183333 0.945459 1
-0.386972 0.163943 0.922711 1
-0.388965 0.239682 0.919553 1
-0.399458 0.247681 0.924647 1
-0.399178 0.182505 0.923998 1
-0.404911 0.259042 0.929505 1
-0.355900 0.236988 0.928493 1
-0.371000 0.175125 0.920250 1
-0.383572 0.252677 0.918555 1
-0.365209 0.150171 0.985234 1
-0.347041 0.229341 0.959569 1
-0.372184 0.148037 0.927336 1
-0.374125 0.159149 0.923868 1
-0.350277 0.238863 0.935843 1
-0.397430 0.150402 0.931620 1
-0.364707 0.153428 0.929596 1
-0.373809 0.241194 0.918995 1
-0.395628 0.286431 0.931334 1
-0.367797 0.185144 0.920543 1
-0.392982 0.162699 0.925105 1
-0.346881 0.261652 0.944988 1
-0.351362 0.224973 0.934239 1
-0.365573 0.158108 0.927538 1
-0.361593 0.158564 0.930212 1
-0.398974 0.270165 0.927397 1
-0.349400 0.186967 0.938021 1
-0.362277 0.247348 0.923402 1
-0.394794 0.138893 0.933335 1
-0.365099 0.162916 0.926336 1
-0.349432 0.168308 0.947280 1
-0.368362 0.157869 0.926137 1
-0.373738 0.186455 0.918821 1
-0.364783 0.166114 0.925536 1
-0.354689 0.205434 0.929709 1
-0.350642 0.276913 0.950561 1
-0.381796 0.202907 0.918269 1
-0.347212 0.263608 0.945888 1
-0.393843 0.267281 0.923213 1
-0.347635 0.187842 0.942411 1
-0.380091 0.131731 0.930314 1
-0.374551 0.123728 0.933235 1
-0.346296 0.257371 0.948053 1
-0.357107 0.189844 0.927279 1
-0.383428 0.189644 0.918211 1
-0.347572 0.225200 0.942240 1
-0.385541 0.130193 0.931316 1
-0.373790 0.105471 0.935543 1
-0.370763 0.257958 0.919663 1
-0.372261 0.229658 0.919266 1
-0.371089 0.159277 0.924609 1
-0.402892 0.173386 0.928717 1
-0.372285 0.247913 0.919324 1
-0.357108 0.243368 0.927280 1
-0.355474 0.153558 0.940662 1
-0.354871 0.280339 0.939065 1
-0.368269 0.278081 0.925904 1
-0.380223 0.249340 0.918470 1
-0.397049 0.230571 0.922922 1
-0.375365 0.259358 0.918745 1
-0.385340 0.236176 0.918820 1
-0.348757 0.169642 0.954788 1
-0.360937 0.202558 0.924236 1
-0.355900 0.228613 0.928493 1
-0.375401 0.146315 0.927020 1
-0.375285 0.197998 0.918550 1
-0.365532 0.172358 0.923209 1
-0.359606 0.182723 0.925101 1
-0.371001 0.107328 0.937023 1
-0.368823 0.138624 0.931523 1
-0.348433 0.253483 0.939976 1
-0.424440 0.303425 0.986591 1
-0.365051 0.091050 0.943488 1
-0.378555 0.242706 0.918444 1
-0.360361 0.268389 0.927043 1
-0.381873 0.246022 0.918454 1
-0.382765 0.138197 0.928658 1
-0.396835 0.180531 0.922425 1
-0.375611 0.128565 0.931688 1
-0.375339 0.239455 0.918682 1
-0.376203 0.138248 0.929001 1
-0.372783 0.127066 0.933023 1
-0.408405 0.218097 0.933660 1
-0.379129 0.108926 0.936226 1
-0.382069 0.144634 0.926969 1
-0.355900 0.243687 0.928493 1
-0.394512 0.271071 0.924780 1
-0.347613 0.198029 0.942350 1
-0.363568 0.284641 0.930973 1
-0.362506 0.175836 0.923986 1
-0.370755 0.251317 0.919642 1
-0.385061 0.284828 0.926122 1
-0.363574 0.202170 0.922467 1
-0.360936 0.200891 0.924234 1
-0.348595 0.173019 0.945012 1
-0.380645 0.110564 0.935801 1
-0.393074 0.148346 0.929269 1
-0.385268 0.096949 0.934729 1
-0.408517 0.226580 0.933917 1
-0.370723 0.226415 0.919563 1
-0.408018 0.088004 0.985614 1
-0.347908 0.173527 0.947786 1
-0.375266 0.183077 0.918503 1
-0.557772 0.413209 1.335721 1
-0.370526 0.285213 0.927372 1
-0.382832 0.168579 0.920762 1
-0.358312 0.246392 0.926070 1
-0.380190 0.162225 0.922410 1
-0.557009 0.414434 1.339680 1
-0.413386 0.089789 0.985695 1
-0.386498 0.152763 0.925562 1
-0.360934 0.195888 0.924229 1
-0.404658 0.220342 0.928926 1
-0.401868 0.244797 0.926355 1
-0.382465 0.125247 0.932009 1
-0.391975 0.115984 0.938678 1
-0.373803 0.236217 0.918979 1
-0.424434 0.299862 0.986578 1
-0.364159 0.103192 0.945589 1
-0.354953 0.166094 0.934820 1
-0.363447 0.140825 0.934982 1
-0.350273 0.245613 0.935834 1
-0.354617 0.249743 0.985433 1
-0.375223 0.090222 0.934908 1
-0.363354 0.282795 0.930425 1
-0.353037 0.154721 0.947785 1
-0.365240 0.114936 0.943976 1
-0.406230 0.088002 0.985589 1
-0.398799 0.168047 0.926990 1
-0.369662 0.102355 0.937914 1
-0.431397 0.169891 0.986224 1
-0.377758 0.138204 0.928703 1
-0.366395 0.211861 0.921194 1
-0.359610 0.192738 0.925112 1
-0.351381 0.186223 0.934290 1
-0.387887 0.141583 0.928889 1
-0.384789 0.282958 0.925469 1
-0.392889 0.236730 0.920977 1
-0.347602 0.203122 0.942319 1
-0.398664 0.145811 0.934513 1
-0.387046 0.193109 0.918936 1
-0.349335 0.242758 0.937845 1
-0.380237 0.257634 0.918506 1
-0.369762 0.143377 0.929659 1
-0.347220 0.213873 0.960063 1
-0.393646 0.145204 0.930620 1
-0.404395 0.180010 0.928322 1
-0.364444 0.121481 0.941918 1
-0.353522 0.193975 0.931052 1
-0.370659 0.274038 0.923537 1
-0.378468 0.115479 0.934593 1
-0.383553 0.244380 0.918509 1
-0.401976 0.261577 0.926606 1
-0.392035 0.280025 0.926813 1
-0.383444 0.101971 0.934395 1
-0.381647 0.091831 0.934121 1
-0.362281 0.257345 0.923414 1
-0.375335 0.236138 0.918672 1
-0.350266 0.260800 0.935814 1
-0.385266 0.204647 0.918644 1
-0.396892 0.193870 0.922558 1
-0.353330 0.281812 0.943999 1
-0.358312 0.214653 0.926069 1
-0.387073 0.204726 0.919001 1
-0.401508 0.179468 0.925527 1
-0.377228 0.112240 0.935699 1
-0.392950 0.176952 0.921119 1
-0.399272 0.204220 0.924214 1
-0.355900 0.250386 0.928494 1
-0.379374 0.154251 0.924477 1
-0.354362 0.276555 0.937719 1
-0.352453 0.190947 0.932667 1
-0.370761 0.089017 0.958246 1
-0.365414 0.159712 0.927137 1
-0.346942 0.237928 0.959295 1
-0.394788 0.198640 0.921530 1
-0.358848 0.135527 0.945079 1
-0.352456 0.184219 0.932676 1
-0.359607 0.186061 0.925105 1
-0.387456 0.144773 0.927856 1
-0.388141 0.110776 0.937597 1
-0.393853 0.170697 0.923235 1
-0.354689 0.195372 0.929708 1
-0.395560 0.124513 0.939151 1
-0.385659 0.113926 0.935680 1
-0.360910 0.127129 0.946016 1
-0.360499 0.146057 0.936085 1
-0.371083 0.277687 0.924594 1
-0.397113 0.245594 0.923071 1
-0.392760 0.195134 0.920673 1
-0.396963 0.210549 0.922723 1
-0.556242 0.415666 1.343663 1
-0.377217 0.159047 0.923279 1
-0.369606 0.144993 0.929266 1
-0.378666 0.176490 0.918712 1
-0.349376 0.207257 0.937957 1
-0.358665 0.265027 0.926982 1
-0.394881 0.228616 0.921749 1
-0.364809 0.111920 0.947277 1
-0.547509 0.432244 1.389151 1
-0.402199 0.146485 0.938831 1
-0.404812 0.243893 0.929278 1
-0.376737 0.273612 0.922103 1
-0.401580 0.196198 0.925693 1
-0.375352 0.249406 0.918714 1
-0.553911 0.419408 1.355757 1
-0.385830 0.173416 0.919990 1
-0.388824 0.179903 0.919220 1
-0.356363 0.275486 0.934096 1
-0.357108 0.240023 0.927280 1
-0.371157 0.173539 0.920640 1
-0.352430 0.236355 0.932607 1
-0.358315 0.259758 0.926078 1
-0.390777 0.204930 0.919914 1
-0.407979 0.185904 0.932686 1
-0.347021 0.231059 0.959514 1
-0.378323 0.091842 0.934234 1
-0.374556 0.268252 0.920832 1
-0.383168 0.271792 0.921570 1
-0.408899 0.255457 0.934791 1
-0.372152 0.133572 0.931444 1
-0.349313 0.261350 0.937787 1
-0.370748 0.246336 0.919626 1
-0.373807 0.239535 0.918990 1
-0.397840 0.148875 0.932582 1
-0.372270 0.236296 0.919287 1
-0.362662 0.174245 0.924384 1
-0.363109 0.132886 0.938468 1
-0.353528 0.180543 0.931069 1
-0.399207 0.189186 0.924065 1
-0.388871 0.199825 0.919331 1
-0.348496 0.199262 0.940147 1
-0.349337 0.241068 0.937851 1
-0.381254 0.136581 0.929057 1
-0.364987 0.233625 0.921834 1
-0.358312 0.179573 0.926068 1
-0.346979 0.217395 0.945254 1
-0.350271 0.250676 0.935827 1
-0.362257 0.202364 0.923351 1
-0.374710 0.122097 0.933631 1
-0.396878 0.190535 0.922524 1
-0.386591 0.167107 0.921803 1
-0.350305 0.181484 0.935919 1
-0.359296 0.157350 0.932963 1
-0.397370 0.163131 0.927558 1
-0.350101 0.267026 0.939903 1
-0.401955 0.258220 0.926556 1
-0.365870 0.129280 0.936869 1
-0.380243 0.260951 0.918520 1
-0.394873 0.102752 0.941552 1
-0.554714 0.420608 1.351754 1
-0.415222 0.121810 0.985832 1
-0.364311 0.170901 0.924338 1
-0.381793 0.201249 0.918262 1
-0.383431 0.191301 0.918218 1
-0.355138 0.164494 0.935308 1
-0.349394 0.192040 0.938005 1
-0.358401 0.138763 0.943902 1
-0.374343 0.301430 0.985887 1
-0.429610 0.171666 0.986205 1
-0.373258 0.122173 0.934211 1
-0.358312 0.209642 0.926069 1
-0.387237 0.090271 0.935413 1
-0.405293 0.175375 0.930384 1
-0.385367 0.247795 0.918885 1
-0.365378 0.173950 0.922822 1
-0.560780 0.408381 1.320113 1
-0.360530 0.157154 0.931802 1
-0.362253 0.194034 0.923341 1
-0.370101 0.281544 0.926309 1
-0.359627 0.229460 0.925155 1
-0.385741 0.264627 0.919777 1
-0.393627 0.172264 0.922705 1
-0.346319 0.247126 0.948114 1
-0.346325 0.207107 0.952836 1
-0.354689 0.197049 0.929708 1
-0.362919 0.134508 0.937977 1
-0.376801 0.186330 0.918207 1
-0.348476 0.216208 0.940094 1
-0.390792 0.109354 0.939907 1
-0.381383 0.151051 0.925306 1
-0.348470 0.221291 0.940078 1
-0.363143 0.090142 0.951869 1
-0.353660 0.167967 0.935862 1
-0.382955 0.282836 0.925069 1
-0.400884 0.276500 0.931836 1
-0.346724 0.256801 0.958693 1
-0.426009 0.157419 0.986106 1
-0.394866 0.223619 0.921713 1
-0.365023 0.150205 0.930403 1
-0.389671 0.143298 0.929147 1
-0.389877 0.156118 0.925659 1
-0.349404 0.183585 0.938031 1
-0.380214 0.244364 0.918449 1
-0.366112 0.092590 0.941839 1
-0.382660 0.268111 0.920348 1
-0.359633 0.244484 0.925172 1
-0.370685 0.196537 0.919468 1
-0.387897 0.127055 0.932943 1
-0.364945 0.183719 0.921726 1
-0.378725 0.144635 0.926970 1
-0.355900 0.226939 0.928493 1
-0.362261 0.212360 0.923362 1
-0.358312 0.249733 0.926070 1
-0.390161 0.112563 0.938389 1
-0.378541 0.234414 0.918409 1
-0.390627 0.283560 0.927438 1
-0.397006 0.220559 0.922823 1
-0.385227 0.188057 0.918552 1
-0.352449 0.199356 0.932656 1
-0.363577 0.208828 0.922474 1
-0.352450 0.195993 0.932660 1
-0.378462 0.189645 0.918218 1
-0.372384 0.176654 0.919569 1
-0.366151 0.284039 0.929006 1
-0.361118 0.124969 0.955596 1
-0.361201 0.150711 0.933537 1
-0.394840 0.215292 0.921652 1
-0.346391 0.191675 0.953017 1
-0.388886 0.206466 0.919368 1
-0.373753 0.198064 0.918858 1
-0.348449 0.239929 0.940019 1
-0.368603 0.127366 0.935227 1
-0.367810 0.200095 0.920575 1
-0.383526 0.232766 0.918445 1
-0.404090 0.275861 0.935368 1
-0.355364 0.276019 0.935904 1
-0.346744 0.255086 0.958748 1
-0.348949 0.168901 0.950620 1
-0.369248 0.120829 0.936863 1
-0.347577 0.182890 0.961051 1
-0.385164 0.163882 0.922369 1
-0.366108 0.101083 0.941827 1
-0.376839 0.207882 0.918298 1
-0.366412 0.231812 0.921237 1
-0.404139 0.168881 0.931591 1
-0.353529 0.178864 0.931072 1
-0.392858 0.226745 0.920904 1
-0.431588 0.294548 0.986660 1
-0.384584 0.138249 0.929005 1
-0.356617 0.277369 0.934763 1
-0.360926 0.179213 0.924210 1
-0.372227 0.203108 0.919181 1
-0.362390 0.129849 0.940997 1
-0.389636 0.171971 0.921140 1
-0.377345 0.173330 0.919532 1
-0.363128 0.093572 0.951831 1
-0.427804 0.160983 0.986143 1
-0.381781 0.194617 0.918234 1
-0.381002 0.170164 0.920352 1
-0.352860 0.284177 0.951921 1
-0.346908 0.249739 0.945059 1
-0.359861 0.163573 0.930074 1
-0.385328 0.231197 0.918792 1
-0.358312 0.226346 0.926070 1
-0.376911 0.249341 0.918475 1
-0.375237 0.107090 0.934944 1
-0.355900 0.203491 0.928492 1
-0.431400 0.171671 0.986230 1
-0.349323 0.267730 0.942379 1
-0.362248 0.184039 0.923330 1
-0.431564 0.278514 0.986603 1
-0.385281 0.211283 0.918681 1
-0.361538 0.147480 0.934407 1
-0.366391 0.206874 0.921183 1
-0.353523 0.190617 0.931056 1
-0.394751 0.186987 0.921445 1
-0.386081 0.279346 0.924564 1
-0.350278 0.237176 0.935845 1
-0.359115 0.268709 0.928146 1
-0.365393 0.108677 0.948795 1
-0.391667 0.090515 0.937942 1
-0.370716 0.221435 0.919547 1
-0.351356 0.236765 0.934223 1
-0.385243 0.194693 0.918589 1
-0.353680 0.283796 0.944935 1
-0.387062 0.178198 0.918975 1
-0.360958 0.249253 0.924290 1
-0.383822 0.144665 0.927164 1
-0.399081 0.089771 0.985496 1
-0.365053 0.089349 0.943493 1
-0.375270 0.186393 0.918514 1
-0.359619 0.211099 0.925134 1
-0.367072 0.156361 0.927099 1
-0.380766 0.279118 0.923809 1
-0.385212 0.181422 0.918515 1
-0.378576 0.254317 0.918494 1
-0.381810 0.178067 0.918303 1
-0.365349 0.122913 0.939877 1
-0.553933 0.421869 1.355809 1
-0.393175 0.175391 0.921647 1
-0.399379 0.229289 0.924464 1
-0.399336 0.219260 0.924364 1
-0.360687 0.144444 0.936574 1
-0.366434 0.256753 0.921291 1
-0.379034 0.157445 0.923649 1
-0.364253 0.123116 0.941424 1
-0.378479 0.199592 0.918260 1
-0.346442 0.179668 0.953158 1
-0.348347 0.171163 0.953666 1
-0.385305 0.221240 0.918737 1
-0.363432 0.157280 0.985234 1
-0.394756 0.188652 0.921457 1
-0.370678 0.191559 0.919452 1
-0.396885 0.192202 0.922541 1
-0.371934 0.285010 0.926714 1
-0.349824 0.274187 0.953005 1
-0.372736 0.157600 0.924555 1
-0.376797 0.183016 0.918196 1
-0.388561 0.136793 0.930502 1
-0.376742 0.117152 0.934492 1
-0.350296 0.200049 0.935895 1
-0.355900 0.213540 0.928493 1
-0.402528 0.154429 0.935658 1
-0.352900 0.282833 0.947417 1
-0.392957 0.258371 0.921135 1
-0.358312 0.204630 0.926069 1
-0.380662 0.173330 0.919531 1
-0.380144 0.204565 0.918279 1
-0.387081 0.208046 0.919020 1
-0.351367 0.214865 0.934252 1
-0.354689 0.249037 0.929710 1
-0.376967 0.275444 0.922666 1
-0.372218 0.196472 0.919160 1
-0.370708 0.214795 0.919526 1
-0.357283 0.263569 0.927735 1
-0.389008 0.257956 0.919655 1
-0.381790 0.199591 0.918255 1
-0.548307 0.428404 1.384839 1
-0.346893 0.256547 0.945018 1
-0.346266 0.220820 0.952674 1
-0.354689 0.233944 0.929709 1
-0.402565 0.163884 0.931839 1
-0.369230 0.196646 0.919976 1
-0.393640 0.132337 0.934593 1
-0.354689 0.257422 0.929710 1
-0.400225 0.172957 0.926421 1
-0.371523 0.140055 0.929869 1
-0.408315 0.211314 0.933455 1
-0.363136 0.091857 0.951850 1
-0.364636 0.119845 0.942413 1
-0.353495 0.154708 0.958295 1
-0.369115 0.285415 0.928031 1
-0.379969 0.095203 0.934138 1
-0.366432 0.255090 0.921287 1
-0.387031 0.186471 0.918899 1
-0.358629 0.163777 0.931231 1
-0.362274 0.240683 0.923395 1
-0.367961 0.133881 0.933598 1
-0.366424 0.245113 0.921265 1
-0.367813 0.203418 0.920582 1
-0.374076 0.128615 0.932050 1
-0.378331 0.098585 0.934255 1
-0.362255 0.199032 0.923347 1
-0.363598 0.257098 0.922529 1
-0.387928 0.156005 0.924991 1
-0.394733 0.090831 0.941217 1
-0.364169 0.094667 0.945615 1
-0.378243 0.133350 0.929895 1
-0.369218 0.183365 0.919947 1
-0.387054 0.196428 0.918955 1
-0.346398 0.189960 0.953037 1
-0.367597 0.112911 0.941290 1
-0.366683 0.146841 0.930356 1
-0.377633 0.087966 0.985191 1
-0.363760 0.163065 0.927183 1
-0.367247 0.089003 0.958095 1
-0.383417 0.090166 0.934330 1
-0.429616 0.175226 0.986217 1
-0.357107 0.199880 0.927279 1
-0.404768 0.237162 0.929178 1
-0.385267 0.273764 0.922614 1
-0.366388 0.203549 0.921176 1
-0.360930 0.187550 0.924219 1
-0.367853 0.249941 0.920683 1
-0.373747 0.193089 0.918842 1
-0.353507 0.222517 0.931014 1
-0.376364 0.136631 0.929398 1
-0.385884 0.112303 0.936225 1
-0.399351 0.222603 0.924397 1
-0.358314 0.256416 0.926075 1
-0.356076 0.144309 0.946774 1
-0.360938 0.205893 0.924240 1
-0.367588 0.165873 0.924192 1
-0.383611 0.115505 0.934802 1
-0.374123 0.277467 0.923863 1
-0.389302 0.275929 0.924291 1
-0.408360 0.214705 0.933558 1
-0.404460 0.178364 0.928471 1
-0.387140 0.232947 0.919159 1
-0.383037 0.120383 0.933404 1
-0.354692 0.149299 0.956862 1
-0.388780 0.164004 0.923054 1
-0.350270 0.166919 0.958931 1
-0.346387 0.216385 0.948300 1
-0.373760 0.203040 0.918874 1
-0.429600 0.164546 0.986180 1
-0.429594 0.160987 0.986168 1
-0.352420 0.256535 0.932580 1
-0.373822 0.251149 0.919026 1
-0.383717 0.130145 0.930967 1
-0.355900 0.252061 0.928494 1
-0.370702 0.133654 0.932021 1
-0.404691 0.225387 0.929001 1
-0.359551 0.136850 0.942453 1
-0.370704 0.211475 0.919515 1
-0.404516 0.198489 0.928598 1
-0.431378 0.157431 0.986180 1
-0.353868 0.150674 0.954640 1
-0.372120 0.118977 0.935587 1
-0.385264 0.095262 0.934720 1
-0.394897 0.233613 0.921786 1
-0.387050 0.194768 0.918946 1
-0.372812 0.279400 0.924745 1
-0.367817 0.208402 0.920593 1
-0.352439 0.217856 0.932631 1
-0.347643 0.184446 0.942431 1
-0.367854 0.251602 0.920687 1
-0.366401 0.218511 0.921208 1
-0.360020 0.276099 0.930483 1
-0.391911 0.128951 0.934489 1
-0.391854 0.170552 0.922451 1
-0.347582 0.216708 0.942267 1
-0.404494 0.195128 0.928548 1
-0.356253 0.154856 0.938244 1
-0.366106 0.104480 0.941823 1
-0.359613 0.197745 0.925118 1
-0.370428 0.151348 0.927127 1
-0.355171 0.282272 0.939861 1
-0.404801 0.242210 0.929253 1
-0.363365 0.271480 0.926176 1
-0.353497 0.242662 0.930987 1
-0.366398 0.215186 0.921201 1
-0.375264 0.181419 0.918498 1
-0.404190 0.151677 0.939521 1
-0.350712 0.270889 0.941543 1
-0.353846 0.175662 0.931905 1
-0.359328 0.138464 0.941868 1
-0.390895 0.243168 0.920193 1
-0.369305 0.133757 0.932739 1
-0.363565 0.183863 0.922446 1
-0.370706 0.213135 0.919521 1
-0.348492 0.202651 0.940137 1
-0.354689 0.222205 0.929709 1
-0.550738 0.424502 1.372224 1
-0.383995 0.112245 0.935737 1
-0.390710 0.183327 0.919757 1
-0.371314 0.171951 0.921030 1
-0.353349 0.269018 0.935039 1
-0.387175 0.247891 0.919242 1
-0.357260 0.137935 0.949923 1
-0.358312 0.197948 0.926069 1
-0.385250 0.117177 0.934687 1
-0.389000 0.254633 0.919637 1
-0.379984 0.103632 0.934174 1
-0.360935 0.197555 0.924231 1
-0.376783 0.107050 0.934595 1
-0.352192 0.156816 0.950118 1
-0.373759 0.131866 0.931261 1
-0.545831 0.432379 1.397688 1
-0.376891 0.237731 0.918425 1
-0.385471 0.262783 0.919133 1
-0.389026 0.118986 0.935659 1
-0.373794 0.229581 0.918958 1
-0.353508 0.220838 0.931016 1
-0.352724 0.160638 0.942380 1
-0.361012 0.177588 0.924430 1
-0.369338 0.162576 0.924401 1
-0.375262 0.179761 0.918493 1
-0.383225 0.284705 0.925722 1
-0.360959 0.250920 0.924292 1
-0.393108 0.274591 0.925402 1
-0.352444 0.209447 0.932642 1
-0.383502 0.222812 0.918389 1
-0.372297 0.257872 0.919355 1
-0.381843 0.229437 0.918383 1
-0.383926 0.159067 0.923392 1
-0.359624 0.222783 0.925147 1
-0.379960 0.090146 0.934117 1
-0.389876 0.114172 0.937702 1
-0.375423 0.262713 0.918887 1
-0.375333 0.234479 0.918666 1
-0.347609 0.199726 0.942339 1
-0.360928 0.182548 0.924213 1
-0.408832 0.250357 0.934636 1
-0.376418 0.120420 0.933689 1
-0.383533 0.236084 0.918463 1
-0.392936 0.251712 0.921086 1
-0.372344 0.107228 0.936149 1
-0.380300 0.113837 0.934953 1
-0.363085 0.103861 0.951715 1
-0.389369 0.100510 0.936484 1
-0.381468 0.118735 0.933683 1
-0.363680 0.128009 0.939944 1
-0.349126 0.271923 0.951101 1
-0.372894 0.155998 0.924949 1
-0.348443 0.245012 0.940003 1
-0.346339 0.203678 0.952876 1
-0.363442 0.101764 0.948168 1
-0.372276 0.241275 0.919302 1
-0.365006 0.255255 0.921881 1
-0.403620 0.160942 0.934279 1
-0.349366 0.215710 0.937930 1
-0.351382 0.184539 0.934292 1
-0.379612 0.120365 0.933261 1
-0.346962 0.236211 0.959350 1
-0.369804 0.157772 0.925567 1
-0.408113 0.169836 0.936856 1
-0.347378 0.200111 0.960502 1
-0.366437 0.260079 0.921298 1
-0.374121 0.264622 0.919760 1
-0.367947 0.176914 0.920919 1
-0.353506 0.225874 0.931009 1
-0.408248 0.206228 0.933301 1
-0.346207 0.234528 0.952513 1
-0.389055 0.176692 0.919766 1
-0.352431 0.234674 0.932609 1
-0.358315 0.258087 0.926076 1
-0.354689 0.230590 0.929709 1
-0.365358 0.134162 0.935558 1
-0.408809 0.248657 0.934585 1
-0.380170 0.219488 0.918343 1
-0.355916 0.150351 0.941831 1
-0.365541 0.121282 0.940370 1
-0.368903 0.283578 0.927499 1
-0.366375 0.188588 0.921143 1
-0.556263 0.418106 1.343715 1
-0.398236 0.158456 0.929579 1
-0.381764 0.184671 0.918192 1
-0.347561 0.235389 0.942208 1
-0.358312 0.201289 0.926069 1
-0.351379 0.189593 0.934286 1
-0.356384 0.283583 0.938589 1
-0.390839 0.224877 0.920060 1
-0.357560 0.162374 0.932824 1
-0.352437 0.222902 0.932625 1
-0.367826 0.218371 0.920615 1
-0.380179 0.224463 0.918364 1
-0.370750 0.247996 0.919631 1
-0.357108 0.236678 0.927280 1
-0.399004 0.155402 0.931373 1
-0.381817 0.214513 0.918319 1
-0.357107 0.221624 0.927280 1
-0.377391 0.110600 0.936102 1
-0.348478 0.214513 0.940099 1
-0.394887 0.230281 0.921761 1
-0.355905 0.178371 0.928506 1
-0.367864 0.148319 0.929100 1
-0.346134 0.251656 0.952312 1
-0.352417 0.261580 0.932574 1
-0.392780 0.201788 0.920722 1
-0.390800 0.135309 0.931840 1
-0.364956 0.197026 0.921755 1
-0.378471 0.194618 0.918239 1
-0.378582 0.257634 0.918508 1
-0.375772 0.126939 0.932088 1
-0.354689 0.203757 0.929709 1
-0.429589 0.157427 0.986155 1
-0.352451 0.194311 0.932662 1
-0.431585 0.292766 0.986653 1
-0.352433 0.229628 0.932616 1
-0.359567 0.272399 0.929313 1
-0.397177 0.260621 0.923220 1
-0.389689 0.128774 0.933203 1
-0.346323 0.245419 0.948125 1
-0.388885 0.285182 0.927274 1
-0.358378 0.282486 0.934959 1
-0.356128 0.281688 0.937916 1
-0.360942 0.214231 0.924250 1
-0.382287 0.126869 0.931574 1
-0.381802 0.206223 0.918284 1
-0.367207 0.100918 0.940292 1
-0.346941 0.234420 0.945152 1
-0.359630 0.237807 0.925164 1
-0.367846 0.241632 0.920665 1
-0.378046 0.151051 0.925307 1
-0.375320 0.224529 0.918635 1
-0.381876 0.247681 0.918461 1
-0.405793 0.173911 0.931531 1
-0.362256 0.200698 0.923349 1
-0.370710 0.216455 0.919531 1
-0.379972 0.096889 0.934145 1
-0.431574 0.285640 0.986628 1
-0.381799 0.204565 0.918277 1
-0.366113 0.090891 0.941841 1
-0.391872 0.089101 0.959148 1
-0.357727 0.160766 0.933258 1
-0.355899 0.185068 0.928492 1
-0.364161 0.101487 0.945594 1
-0.385544 0.160713 0.923279 1
-0.355900 0.186743 0.928492 1
-0.401944 0.256542 0.926531 1
-0.362939 0.145681 0.933676 1
-0.367803 0.191789 0.920557 1
-0.370680 0.193218 0.919457 1
-0.558552 0.414410 1.331835 1
-0.373811 0.242853 0.919000 1
-0.353503 0.230911 0.931003 1
-0.352426 0.244764 0.932596 1
-0.346998 0.208881 0.945305 1
-0.364997 0.245272 0.921860 1
-0.392739 0.188481 0.920624 1
-0.562278 0.408392 1.312494 1
-0.374922 0.151138 0.925835 1
-0.388425 0.109165 0.938284 1
-0.392926 0.248382 0.921062 1
-0.364994 0.241944 0.921852 1
-0.426219 0.296307 0.986591 1
-0.363586 0.228801 0.922497 1
-0.365158 0.124543 0.939384 1
-0.347047 0.186740 0.945438 1
-0.391682 0.143421 0.929943 1
-0.347359 0.201832 0.960447 1
-0.387287 0.107158 0.935535 1
-0.354594 0.159948 0.938333 1
-0.352458 0.180855 0.932680 1
-0.376850 0.214515 0.918326 1
-0.367839 0.233324 0.920647 1
-0.347586 0.213311 0.942278 1
-0.373053 0.154395 0.925343 1
-0.371787 0.167179 0.922202 1
-0.379978 0.100260 0.934160 1
-0.404450 0.188408 0.928447 1
-0.357107 0.194862 0.927279 1
-0.369220 0.185025 0.919950 1
-0.375354 0.251065 0.918719 1
-0.353525 0.187259 0.931060 1
-0.369269 0.241477 0.920072 1
-0.380240 0.259292 0.918513 1
-0.375346 0.244430 0.918698 1
-0.380114 0.187987 0.918208 1
-0.350289 0.215238 0.935874 1
-0.364075 0.159858 0.927986 1
-0.370733 0.234715 0.919589 1
-0.358312 0.217994 0.926069 1
-0.357955 0.141992 0.942728 1
-0.370995 0.093805 0.937007 1
-0.371568 0.110878 0.938456 1
-0.346398 0.211260 0.948331 1
-0.370668 0.183261 0.919426 1
-0.347259 0.210434 0.960172 1
-0.355899 0.180043 0.928492 1
-0.382195 0.159040 0.923235 1
-0.364980 0.225307 0.921816 1
-0.354689 0.232267 0.929709 1
-0.358227 0.278226 0.985582 1
-0.347418 0.196668 0.960611 1
-0.397360 0.175771 0.923645 1
-0.369257 0.228193 0.920044 1
-0.372244 0.216382 0.919223 1
-0.355900 0.201816 0.928492 1
-0.387267 0.100403 0.935486 1
-0.384029 0.173352 0.919650 1
-0.408944 0.258858 0.934894 1
-0.347762 0.177707 0.942755 1
-0.372278 0.242934 0.919308 1
-0.352459 0.179173 0.932683 1
-0.365003 0.251927 0.921874 1
-0.346141 0.249943 0.952332 1
-0.545018 0.436267 1.402081 1
-0.362315 0.284976 0.932070 1
-0.380910 0.139807 0.928221 1
-0.359626 0.227791 0.925153 1
-0.383583 0.257655 0.918583 1
-0.365009 0.258582 0.921888 1
-0.366385 0.200224 0.921169 1
-0.384685 0.152706 0.925218 1
-0.394795 0.164428 0.925444 1
-0.354761 0.152284 0.943278 1
-0.363121 0.095287 0.951811 1
-0.357107 0.224969 0.927280 1
-0.424217 0.155635 0.986074 1
-0.393716 0.087986 0.985415 1
-0.359636 0.251161 0.925179 1
-0.347279 0.208714 0.960227 1
-0.369254 0.224872 0.920037 1
-0.350273 0.247301 0.935832 1
-0.400578 0.160399 0.931125 1
-0.365225 0.175541 0.922435 1
-0.431583 0.290985 0.986647 1
-0.360139 0.172967 0.926474 1
-0.359615 0.202753 0.925124 1
-0.352441 0.214493 0.932636 1
-0.365817 0.142122 0.932426 1
-0.383908 0.128529 0.931431 1
-0.370311 0.167264 0.922671 1
-0.350279 0.235488 0.935847 1
-0.377177 0.174911 0.919122 1
-0.366899 0.119475 0.939503 1
-0.396324 0.132671 0.936951 1
-0.350406 0.268956 0.940722 1
-0.394803 0.203635 0.921566 1
-0.374277 0.089031 0.958396 1
-0.346435 0.181384 0.953138 1
-0.366439 0.274620 0.925500 1
-0.347517 0.188058 0.960886 1
-0.353517 0.204049 0.931038 1
-0.360152 0.139824 0.939585 1
-0.365037 0.102959 0.943451 1
-0.376926 0.257635 0.918510 1
-0.402151 0.165394 0.930878 1
-0.385289 0.214602 0.918700 1
-0.362265 0.222356 0.923373 1
-0.359625 0.226122 0.925151 1
-0.359313 0.280213 0.933006 1
-0.347557 0.238786 0.942197 1
-0.376982 0.262645 0.918647 1
-0.357025 0.142299 0.944766 1
-0.366378 0.191912 0.921151 1
-0.381823 0.217829 0.918333 1
-0.350297 0.198361 0.935897 1
-0.360962 0.257591 0.924299 1
-0.558531 0.411992 1.331784 1
-0.347081 0.225905 0.959679 1
-0.348484 0.209430 0.940115 1
-0.428012 0.298096 0.986622 1
-0.376310 0.282858 0.925142 1
-0.358863 0.173157 0.927493 1
-0.350290 0.211862 0.935879 1
-0.369231 0.198306 0.919979 1
-0.379204 0.155849 0.924063 1
-0.379553 0.089157 0.941465 1
-0.399243 0.197538 0.924148 1
-0.399387 0.230961 0.924480 1
-0.350293 0.206799 0.935886 1
-0.370687 0.198197 0.919473 1
-0.369537 0.175219 0.920740 1
-0.356123 0.263950 0.929074 1
-0.397647 0.174231 0.924312 1
-0.346304 0.253956 0.948073 1
-0.360150 0.266561 0.926500 1
-0.364953 0.193699 0.921748 1
-0.374102 0.119961 0.985253 1
-0.387159 0.241249 0.919205 1
-0.354689 0.181956 0.929708 1
-0.372206 0.186517 0.919129 1
-0.388957 0.236360 0.919535 1
-0.359728 0.262910 0.925416 1
-0.376530 0.284693 0.925684 1
-0.366146 0.165975 0.924761 1
-0.359029 0.171564 0.927922 1
-0.350298 0.196673 0.935899 1
-0.387672 0.128663 0.932402 1
-0.417026 0.132488 0.985894 1
-0.540656 0.443056 1.423898 1
-0.352434 0.227947 0.932618 1
-0.378450 0.183014 0.918189 1
-0.404439 0.186729 0.928422 1
-0.402386 0.263517 0.927550 1
-0.381867 0.242705 0.918439 1
-0.401559 0.191179 0.925644 1
-0.373331 0.167126 0.921909 1
-0.413383 0.088011 0.985689 1
-0.381650 0.093517 0.934128 1
-0.370702 0.209815 0.919510 1
-0.349152 0.169881 0.946523 1
-0.359129 0.158959 0.932530 1
-0.347352 0.176663 0.946271 1
-0.366404 0.221836 0.921215 1
-0.387223 0.131874 0.931322 1
-0.371725 0.270270 0.922049 1
-0.373766 0.208016 0.918890 1
-0.394219 0.142053 0.931975 1
-0.363177 0.115907 0.951957 1
-0.375268 0.184735 0.918509 1
-0.376830 0.202908 0.918277 1
-0.551560 0.425701 1.368123 1
-0.385074 0.303257 0.986042 1
-0.372293 0.254552 0.919345 1
-0.376471 0.151089 0.925540 1
-0.422420 0.150293 0.986031 1
-0.364549 0.155038 0.929193 1
-0.373773 0.212992 0.918905 1
-0.366107 0.102782 0.941825 1
-0.354689 0.185310 0.929708 1
-0.356235 0.175184 0.929366 1
-0.404971 0.262434 0.929643 1
-0.348486 0.207735 0.940121 1
-0.381123 0.121993 0.932838 1
-0.357907 0.137126 0.956229 1
-0.346185 0.239667 0.952453 1
-0.365184 0.263698 0.922331 1
-0.354689 0.208789 0.929709 1
-0.385386 0.256095 0.918931 1
-0.369889 0.279713 0.925779 1
-0.382995 0.089751 0.985272 1
-0.376151 0.154297 0.924752 1
-0.391725 0.104065 0.938081 1
-0.357107 0.196534 0.927279 1
-0.353222 0.163482 0.939187 1
-0.346334 0.240296 0.948155 1
-0.358962 0.160566 0.932096 1
-0.359622 0.219445 0.925143 1
-0.355886 0.143905 0.955434 1
-0.386212 0.139908 0.928891 1
-0.372594 0.277570 0.924205 1
-0.381775 0.191302 0.918220 1
-0.361146 0.131712 0.942179 1
-0.368424 0.107563 0.939070 1
-0.355900 0.191767 0.928492 1
-0.351485 0.270178 0.939071 1
-0.363592 0.243782 0.922514 1
-0.392832 0.218425 0.920843 1
-0.381846 0.231096 0.918390 1
-0.374234 0.126987 0.932444 1
-0.377825 0.089150 0.941393 1
-0.397077 0.237247 0.922988 1
-0.363465 0.091508 0.948228 1
-0.371995 0.135194 0.931049 1
-0.359089 0.131123 0.950229 1
-0.408450 0.221489 0.933763 1
-0.553147 0.423139 1.359889 1
-0.363581 0.218814 0.922486 1
-0.372214 0.193153 0.919150 1
-0.364967 0.210334 0.921784 1
-0.378535 0.231097 0.918395 1
-0.355900 0.245362 0.928493 1
-0.360941 0.212564 0.924248 1
-0.361633 0.279405 0.930315 1
-0.358312 0.221335 0.926070 1
-0.356361 0.142715 0.947532 1
-0.377438 0.279121 0.923819 1
-0.427815 0.168102 0.986168 1
-0.360529 0.136577 0.940571 1
-0.367828 0.221693 0.920622 1
-0.390756 0.198282 0.919866 1
-0.398072 0.266216 0.925301 1
-0.550760 0.426994 1.372278 1
-0.360719 0.134951 0.941064 1
-0.375226 0.093596 0.934915 1
-0.370731 0.233055 0.919584 1
-0.387109 0.219665 0.919085 1
-0.392910 0.243388 0.921025 1
-0.387147 0.236268 0.919177 1
-0.352605 0.155284 0.951233 1
-0.399372 0.227617 0.924447 1
-0.359966 0.150899 0.934703 1
-0.369450 0.146607 0.928874 1
-0.346112 0.256793 0.952251 1
-0.366382 0.196899 0.921161 1
-0.364004 0.276978 0.927806 1
-0.366415 0.235137 0.921244 1
-0.350776 0.162095 0.950926 1
-0.380208 0.241047 0.918435 1
-0.364432 0.280655 0.928896 1
-0.369215 0.180044 0.919940 1
-0.369250 0.219890 0.920026 1
-0.357067 0.148425 0.940389 1
-0.349327 0.249519 0.937824 1
-0.347122 0.175704 0.950314 1
-0.346317 0.208822 0.952815 1
-0.349396 0.190349 0.938010 1
-0.395367 0.161323 0.926784 1
-0.350863 0.275739 0.946533 1
-0.367818 0.210063 0.920597 1
-0.401705 0.219643 0.925980 1
-0.385297 0.217921 0.918718 1
-0.387916 0.279466 0.924963 1
-0.363277 0.142445 0.934546 1
-0.370740 0.148129 0.927909 1
-0.360950 0.230908 0.924269 1
-0.358312 0.184585 0.926069 1
-0.354852 0.146924 0.952657 1
-0.364167 0.096372 0.945610 1
-0.372699 0.173484 0.920347 1
-0.381784 0.196275 0.918241 1
-0.374371 0.110706 0.936996 1
-0.362965 0.124955 0.942490 1
-0.392079 0.168985 0.922981 1
-0.378585 0.259293 0.918515 1
-0.349555 0.170950 0.943005 1
-0.354735 0.262487 0.929831 1
-0.351368 0.211495 0.934257 1
-0.371646 0.123882 0.934395 1
-0.350908 0.167382 0.942069 1
-0.359931 0.130335 0.957025 1
-0.394871 0.225284 0.921725 1
-0.372916 0.110775 0.937588 1
-0.368764 0.125734 0.935636 1
-0.379885 0.149449 0.925721 1
-0.359511 0.129561 0.951343 1
-0.376258 0.168610 0.920932 1
-0.374328 0.141524 0.928505 1
-0.364171 0.092962 0.945620 1
-0.374372 0.089136 0.941248 1
-0.367161 0.141991 0.931569 1
-0.408967 0.260558 0.934945 1
-0.369283 0.258083 0.920108 1
-0.397063 0.233909 0.922955 1
-0.427799 0.157423 0.986130 1
-0.383468 0.207884 0.918306 1
-0.347624 0.192936 0.942380 1
-0.386331 0.123727 0.933225 1
-0.369664 0.107431 0.937920 1
-0.366430 0.251765 0.921280 1
-0.363461 0.093217 0.948218 1
-0.362551 0.137753 0.937026 1
-0.376873 0.227781 0.918383 1
-0.380193 0.232755 0.918399 1
-0.350180 0.164335 0.953974 1
-0.346413 0.204426 0.948372 1
-0.369274 0.248119 0.920087 1
-0.347576 0.221803 0.942251 1
-0.368424 0.104175 0.939070 1
-0.400991 0.158883 0.932086 1
-0.358296 0.166981 0.930367 1
-0.390813 0.216565 0.919999 1
-0.367467 0.089109 0.940958 1
-0.379680 0.166993 0.921174 1
-0.394767 0.191981 0.921481 1
-0.370226 0.110983 0.939345 1
-0.390947 0.259801 0.920315 1
-0.354689 0.190341 0.929708 1
-0.349341 0.237687 0.937861 1
-0.401537 0.186160 0.925593 1
-0.372331 0.092027 0.936116 1
-0.376882 0.232756 0.918404 1
-0.368983 0.151442 0.927699 1
-0.392967 0.261701 0.921159 1
-0.362283 0.260677 0.923417 1
-0.354620 0.251522 0.985439 1
-0.372225 0.201449 0.919176 1
-0.367227 0.154754 0.927492 1
-0.349384 0.200494 0.937978 1
-0.369241 0.209928 0.920004 1
-0.431419 0.184132 0.986274 1
-0.388992 0.251310 0.919618 1
-0.348437 0.250095 0.939987 1
-0.373786 0.100407 0.935532 1
-0.384775 0.136641 0.929466 1
-0.357107 0.184826 0.927279 1
-0.355900 0.223589 0.928493 1
-0.389237 0.131987 0.932121 1
-0.378393 0.273607 0.922085 1
-0.354100 0.157095 0.941520 1
-0.359610 0.191069 0.925111 1
-0.353441 0.161888 0.939769 1
-0.408922 0.257157 0.934842 1
-0.353512 0.214122 0.931025 1
-0.365019 0.116568 0.943405 1
-0.392827 0.216761 0.920831 1
-0.375343 0.242772 0.918693 1
-0.392775 0.200124 0.920709 1
-0.382899 0.269940 0.920923 1
-0.363289 0.167864 0.925981 1
-0.357107 0.223297 0.927280 1
-0.369144 0.135381 0.932333 1
-0.348457 0.233152 0.940040 1
-0.381555 0.149449 0.925721 1
-0.368412 0.266953 0.922081 1
-0.359528 0.166774 0.929212 1
-0.380117 0.189645 0.918215 1
-0.362200 0.131478 0.940503 1
-0.351362 0.223288 0.934241 1
-0.375315 0.221212 0.918624 1
-0.352428 0.241400 0.932600 1
-0.367833 0.226678 0.920633 1
-0.348461 0.229764 0.940051 1
-0.366377 0.190250 0.921147 1
-0.370996 0.097186 0.937011 1
-0.352452 0.192629 0.932665 1
-0.397021 0.121572 0.942618 1
-0.351372 0.204756 0.934266 1
-0.356565 0.171990 0.930228 1
-0.367801 0.135506 0.933192 1
-0.369279 0.253101 0.920097 1
-0.377202 0.277281 0.923242 1
-0.385354 0.162298 0.922824 1
-0.350673 0.164671 0.946019 1
-0.394330 0.129192 0.936230 1
-0.375188 0.117194 0.934821 1
-0.388859 0.194844 0.919303 1
-0.364977 0.221979 0.921809 1
-0.352424 0.248127 0.932591 1
-0.373730 0.179821 0.918800 1
-0.362274 0.242349 0.923396 1
-0.351797 0.158351 0.949052 1
-0.377682 0.170164 0.920352 1
-0.376777 0.101991 0.934579 1
-0.346982 0.234494 0.959405 1
-0.355791 0.286161 0.941500 1
-0.372645 0.089129 0.941175 1
-0.372027 0.149647 0.926946 1
-0.381767 0.186329 0.918199 1
-0.387070 0.203066 0.918992 1
-0.393932 0.143630 0.931297 1
-0.365696 0.111669 0.945153 1
-0.378509 0.216172 0.918331 1
-0.363191 0.123332 0.943076 1
-0.398522 0.268188 0.926348 1
-0.350255 0.172159 0.940315 1
-0.401552 0.189506 0.925627 1
-0.388980 0.246327 0.919590 1
-0.362076 0.271766 0.927153 1
-0.361760 0.156959 0.930644 1
-0.397020 0.223896 0.922856 1
-0.347580 0.218406 0.942262 1
-0.362300 0.119619 0.954171 1
-0.381897 0.146241 0.926552 1
-0.379269 0.123620 0.932417 1
-0.403307 0.171887 0.929673 1
-0.378385 0.147846 0.926138 1
-0.368423 0.097399 0.939069 1
-0.383416 0.183013 0.918182 1
-0.357107 0.228315 0.927280 1
-0.365293 0.276686 0.926828 1
-0.428010 0.296314 0.986616 1
-0.359641 0.261178 0.925191 1
-0.370056 0.112626 0.938914 1
-0.346885 0.259951 0.944998 1
-0.361258 0.161770 0.929350 1
-0.347551 0.243880 0.942181 1
-0.396261 0.123036 0.940815 1
-0.407912 0.180827 0.932533 1
-0.396899 0.195537 0.922574 1
-0.346784 0.251656 0.958857 1
-0.374074 0.098628 0.985178 1
-0.386117 0.125341 0.932708 1
-0.385066 0.149516 0.926133 1
-0.365936 0.282198 0.928460 1
-0.379986 0.105318 0.934181 1
-0.347001 0.232777 0.959459 1
-0.376686 0.133392 0.930193 1
-0.389342 0.093746 0.936418 1
-0.384831 0.089073 0.958847 1
-0.362602 0.148911 0.932808 1
-0.390916 0.249821 0.920242 1
-0.376133 0.303218 0.985918 1
-0.384407 0.170202 0.920555 1
-0.383419 0.184670 0.918189 1
-0.364175 0.089551 0.945631 1
-0.384218 0.171778 0.920102 1
-0.392894 0.238395 0.920989 1
-0.346428 0.197592 0.948413 1
-0.393435 0.159546 0.926171 1
-0.372289 0.251233 0.919334 1
-0.400152 0.274318 0.930135 1
-0.346803 0.249941 0.958912 1
-0.376897 0.241048 0.918440 1
-0.353526 0.185580 0.931063 1
-0.401922 0.253186 0.926481 1
-0.366422 0.243451 0.921262 1
-0.366502 0.113097 0.942842 1
-0.381787 0.197933 0.918248 1
-0.375882 0.114631 0.985259 1
-0.361168 0.175997 0.924829 1
-0.407337 0.171199 0.935074 1
-0.397658 0.161575 0.928231 1
-0.383452 0.201250 0.918269 1
-0.359608 0.187730 0.925107 1
-0.372754 0.112418 0.937181 1
-0.399315 0.214246 0.924314 1
-0.350294 0.205112 0.935888 1
-0.366105 0.106179 0.941821 1
-0.390849 0.228203 0.920084 1
-0.380138 0.201249 0.918265 1
-0.390960 0.285476 0.928228 1
-0.373966 0.160747 0.923475 1
-0.378512 0.217830 0.918338 1
-0.375933 0.125311 0.932488 1
-0.367702 0.285618 0.928691 1
-0.383434 0.192959 0.918225 1
-0.394913 0.106160 0.941648 1
-0.390182 0.125566 0.934384 1
-0.399572 0.142765 0.936643 1
-0.366295 0.137255 0.933645 1
-0.389362 0.098819 0.936468 1
-0.367807 0.196773 0.920568 1
-0.347160 0.219031 0.959898 1
-0.359971 0.129111 0.948037 1
-0.360763 0.166571 0.928078 1
-0.359624 0.224452 0.925149 1
-0.363837 0.148728 0.931662 1
-0.387187 0.252873 0.919270 1
-0.365340 0.146976 0.931211 1
-0.381209 0.089748 0.985247 1
-0.375507 0.113918 0.935616 1
-0.355900 0.247037 0.928494 1
-0.373079 0.109132 0.937998 1
-0.369267 0.239816 0.920069 1
-0.381342 0.166993 0.921173 1
-0.362280 0.255678 0.923412 1
-0.381808 0.209539 0.918298 1
-0.397198 0.282993 0.931076 1
-0.377009 0.176490 0.918713 1
-0.370231 0.138522 0.930838 1
-0.373771 0.211334 0.918900 1
-0.387171 0.246231 0.919233 1
-0.362265 0.152134 0.931941 1
-0.358312 0.219664 0.926069 1
-0.404571 0.206892 0.928724 1
-0.385239 0.193034 0.918579 1
-0.373796 0.231240 0.918963 1
-0.359617 0.207760 0.925130 1
-0.346896 0.254845 0.945029 1
-0.401624 0.206239 0.925794 1
-0.389446 0.144891 0.928611 1
-0.376871 0.226122 0.918376 1
-0.349333 0.244448 0.937840 1
-0.373751 0.196406 0.918853 1
-0.378491 0.206224 0.918288 1
-0.431414 0.180571 0.986261 1
-0.545853 0.434918 1.397744 1
-0.355432 0.144742 0.949617 1
-0.388843 0.188203 0.919266 1
-0.376774 0.100305 0.934574 1
-0.349019 0.265798 0.941557 1
-0.379172 0.171748 0.919942 1
-0.346414 0.262590 0.948375 1
-0.372519 0.089024 0.958321 1
-0.397091 0.240586 0.923021 1
-0.431572 0.283858 0.986622 1
-0.399322 0.215917 0.924331 1
-0.351630 0.176237 0.934952 1
-0.372223 0.199790 0.919171 1
-0.352457 0.182537 0.932678 1
-0.395653 0.159767 0.927456 1
-0.346900 0.253143 0.945039 1
-0.378447 0.181357 0.918182 1
-0.380190 0.231096 0.918392 1
-0.388941 0.229716 0.919498 1
-0.372221 0.198131 0.919165 1
-0.368672 0.154658 0.926917 1
-0.383564 0.249358 0.918537 1
-0.367615 0.124229 0.937010 1
-0.383145 0.134981 0.929581 1
-0.367217 0.268959 0.923260 1
-0.404505 0.196809 0.928573 1
-0.360939 0.207561 0.924242 1
-0.401544 0.187833 0.925610 1
-0.350300 0.191610 0.935906 1
-0.393067 0.135511 0.933230 1
-0.388800 0.120604 0.935114 1
-0.358312 0.202960 0.926069 1
-0.351601 0.159037 0.953161 1
-0.358890 0.266867 0.927564 1
-0.375367 0.261017 0.918751 1
-0.365079 0.274853 0.926285 1
-0.358313 0.254745 0.926073 1
-0.370997 0.098876 0.937013 1
-0.347654 0.179352 0.942462 1
-0.374808 0.136675 0.929696 1
-0.381855 0.236071 0.918411 1
-0.369243 0.211588 0.920008 1
-0.431389 0.164551 0.986205 1
-0.347537 0.186335 0.960941 1
-0.387027 0.184811 0.918890 1
-0.373805 0.237876 0.918984 1
-0.411600 0.091565 0.985676 1
-0.375029 0.118829 0.934424 1
-0.348427 0.258565 0.939960 1
-0.392383 0.114410 0.939655 1
-0.378529 0.227780 0.918380 1
-0.350275 0.242239 0.935839 1
-0.381497 0.303241 0.985992 1
-0.346259 0.222533 0.952654 1
-0.360953 0.239246 0.924278 1
-0.368995 0.111122 0.940525 1
-0.383580 0.255996 0.918574 1
-0.350761 0.174958 0.937136 1
-0.374083 0.105738 0.985203 1
-0.387089 0.211366 0.919038 1
-0.354689 0.192018 0.929708 1
-0.354814 0.158354 0.938914 1
-0.379544 0.152652 0.924891 1
-0.375348 0.246089 0.918703 1
-0.350267 0.259113 0.935816 1
-0.370919 0.089122 0.941103 1
-0.388972 0.274029 0.923508 1
-0.358670 0.143298 0.940144 1
-0.362770 0.147297 0.933242 1
-0.355900 0.205166 0.928492 1
-0.379419 0.087968 0.985216 1
-0.390327 0.152955 0.926726 1
-0.364226 0.267543 0.924120 1
-0.360875 0.142829 0.937063 1
-0.378157 0.271774 0.921511 1
-0.366438 0.261742 0.921302 1
-0.374399 0.171842 0.920445 1
-0.379709 0.303234 0.985968 1
-0.401640 0.209587 0.925830 1
-0.369286 0.261405 0.920115 1
-0.368768 0.139510 0.985246 1
-0.360020 0.283572 0.985625 1
-0.404388 0.159560 0.936057 1
-0.354098 0.281071 0.941514 1
-0.377920 0.136587 0.929100 1
-0.391625 0.130542 0.933807 1
-0.348431 0.255177 0.939971 1
-0.393928 0.130747 0.935276 1
-0.359104 0.140076 0.941283 1
-0.376917 0.252659 0.918489 1
-0.353991 0.152685 0.945766 1
-0.350289 0.213550 0.935877 1
-0.358312 0.243051 0.926070 1
-0.359605 0.181054 0.925099 1
-0.381243 0.282804 0.924965 1
-0.346369 0.196820 0.952957 1
-0.388937 0.228055 0.919488 1
-0.431593 0.298111 0.986672 1
-0.367823 0.215048 0.920608 1
-0.357545 0.152992 0.937196 1
-0.373818 0.247830 0.919016 1
-0.361595 0.128473 0.943351 1
-0.377921 0.269944 0.920937 1
-0.363070 0.107290 0.951677 1
-0.368121 0.132254 0.934005 1
-0.375288 0.199656 0.918556 1
-0.365047 0.094453 0.943478 1
-0.408158 0.199450 0.933096 1
-0.378561 0.246023 0.918458 1
-0.369661 0.100663 0.937912 1
-0.362249 0.185705 0.923331 1
-0.354629 0.258639 0.985464 1
-0.351343 0.279185 0.952462 1
-0.362975 0.171057 0.925182 1
-0.385293 0.216261 0.918709 1
-0.413389 0.091568 0.985701 1
-0.362275 0.244015 0.923398 1
-0.351364 0.219919 0.934246 1
-0.364954 0.195363 0.921751 1
-0.369284 0.259744 0.920112 1
-0.361875 0.144244 0.935278 1
-0.399631 0.262805 0.925046 1
-0.390931 0.254811 0.920279 1
-0.376844 0.211198 0.918312 1
-0.373212 0.152791 0.925737 1
-0.366917 0.157967 0.926708 1
-0.381512 0.165405 0.921585 1
-0.348451 0.269685 0.949263 1
-0.352285 0.163834 0.941209 1
-0.360940 0.209228 0.924244 1
-0.380147 0.206223 0.918286 1
-0.352556 0.177540 0.932941 1
-0.389221 0.146481 0.928074 1
-0.361859 0.281259 0.930896 1
-0.546684 0.433577 1.393435 1
-0.349992 0.165155 0.948798 1
-0.363571 0.197177 0.922461 1
-0.358648 0.152742 0.935663 1
-0.413428 0.118249 0.985794 1
-0.379511 0.168579 0.920763 1
-0.350288 0.216925 0.935872 1
-0.376865 0.222806 0.918362 1
-0.399451 0.246009 0.924630 1
-0.384202 0.141460 0.928084 1
-0.360701 0.281666 0.932244 1
-0.355872 0.167420 0.932809 1
-0.355899 0.183393 0.928492 1
-0.366114 0.089192 0.941843 1
-0.357679 0.136381 0.951037 1
-0.359607 0.184392 0.925103 1
-0.347567 0.230295 0.942224 1
-0.370934 0.160877 0.924221 1
-0.404834 0.247259 0.929329 1
-0.391324 0.119172 0.937120 1
-0.431387 0.162771 0.986199 1
-0.409198 0.176335 0.935472 1
-0.364972 0.215325 0.921795 1
-0.394819 0.208631 0.921603 1
-0.354214 0.172480 0.932875 1
-0.396222 0.169333 0.924878 1
-0.379963 0.091831 0.934124 1
-0.381042 0.154251 0.924476 1
-0.359616 0.206091 0.925128 1
-0.372240 0.213064 0.919213 1
-0.375232 0.100343 0.934930 1
-0.381665 0.101946 0.934164 1
-0.357108 0.255077 0.927281 1
-0.358452 0.134313 0.948543 1
-0.372272 0.237955 0.919292 1
-0.374241 0.173429 0.920055 1
-0.404560 0.205211 0.928699 1
-0.351373 0.203071 0.934268 1
-0.371629 0.168771 0.921811 1
-0.393381 0.089212 0.942046 1
-0.353523 0.192296 0.931054 1
-0.393442 0.276495 0.926189 1
-0.346405 0.207843 0.948351 1
-0.383510 0.226130 0.918407 1
-0.349321 0.254590 0.937808 1
-0.557794 0.415635 1.335772 1
-0.384736 0.089177 0.941683 1
-0.346409 0.206135 0.948362 1
-0.359341 0.270553 0.928729 1
-0.375298 0.207947 0.918582 1
-0.363590 0.238788 0.922508 1
-0.388122 0.125445 0.933485 1
-0.374008 0.144750 0.927712 1
-0.383448 0.103657 0.934405 1
-0.371401 0.156072 0.925386 1
-0.404483 0.193448 0.928523 1
-0.380951 0.123620 0.932417 1
-0.367071 0.117836 0.939943 1
-0.390531 0.165705 0.923256 1
-0.373833 0.259445 0.919053 1
-0.387144 0.234607 0.919168 1
-0.369571 0.117552 0.937682 1
-0.347857 0.266719 0.957051 1
-0.387005 0.118884 0.934853 1
-0.356639 0.285481 0.939263 1
-0.351369 0.209810 0.934259 1
-0.404527 0.200170 0.928624 1
-0.385344 0.237836 0.918829 1
-0.370689 0.199857 0.919479 1
-0.364973 0.216989 0.921798 1
-0.387681 0.114024 0.936487 1
-0.355502 0.170607 0.931840 1
-0.390706 0.272411 0.923671 1
-0.375827 0.110637 0.936412 1
-0.378414 0.131732 0.930315 1
-0.372282 0.246254 0.919318 1
-0.424431 0.298081 0.986572 1
-0.363445 0.100054 0.948178 1
-0.390854 0.229865 0.920096 1
-0.346417 0.202718 0.948382 1
-0.358295 0.146537 0.939160 1
-0.362046 0.125225 0.944527 1
-0.363578 0.212157 0.922478 1
-0.354689 0.220528 0.929709 1
-0.364646 0.282496 0.929442 1
-0.354689 0.237298 0.929710 1
-0.353602 0.270898 0.935708 1
-0.372259 0.227998 0.919260 1
-0.385258 0.201328 0.918626 1
-0.394975 0.258605 0.921968 1
-0.346987 0.213989 0.945274 1
-0.353495 0.247698 0.930981 1
-0.372468 0.130322 0.932233 1
-0.392915 0.245053 0.921038 1
-0.375882 0.141479 0.928207 1
-0.363299 0.131262 0.938959 1
-0.346975 0.219097 0.945244 1
-0.369260 0.231514 0.920051 1
-0.366421 0.241788 0.921258 1
-0.356932 0.139520 0.949050 1
-0.350978 0.173375 0.937716 1
-0.346405 0.188245 0.953057 1
-0.388111 0.139988 0.929426 1
-0.380158 0.212856 0.918314 1
-0.381896 0.259292 0.918510 1
-0.426012 0.159199 0.986112 1
-0.404878 0.253992 0.929430 1
-0.368423 0.099093 0.939069 1
-0.375230 0.098656 0.934926 1
-0.374341 0.279297 0.924403 1
-0.397042 0.228902 0.922905 1
-0.387077 0.206386 0.919011 1
-0.378081 0.134969 0.929497 1
-0.358316 0.261429 0.926080 1
-0.378497 0.209540 0.918303 1
-0.370993 0.090424 0.937004 1
-0.375289 0.131813 0.930890 1
-0.366842 0.145226 0.930760 1
-0.357108 0.229987 0.927280 1
-0.382192 0.277276 0.923227 1
-0.367434 0.167470 0.923805 1
-0.411598 0.089787 0.985670 1
-0.360474 0.279808 0.931656 1
-0.367272 0.127490 0.936135 1
-0.372329 0.090338 0.936113 1
-0.353519 0.199012 0.931045 1
-0.363585 0.115492 0.948542 1
-0.408742 0.243560 0.934431 1
-0.346956 0.227610 0.945192 1
-0.401433 0.147896 0.937042 1
-0.362250 0.187371 0.923333 1
-0.357107 0.191516 0.927279 1
-0.387124 0.226306 0.919122 1
-0.376792 0.147876 0.926328 1
-0.383522 0.231107 0.918435 1
-0.399279 0.205891 0.924231 1
-0.400335 0.141344 0.938430 1
-0.367843 0.238309 0.920658 1
-0.385641 0.174990 0.919538 1
-0.390808 0.214903 0.919987 1
-0.370691 0.201517 0.919484 1
-0.358624 0.137146 0.944490 1
-0.364154 0.172494 0.923940 1
-0.363616 0.139203 0.935418 1
-0.388384 0.270288 0.922112 1
-0.346922 0.176474 0.954480 1
-0.357107 0.214933 0.927279 1
-0.422423 0.152072 0.986037 1
-0.404647 0.218660 0.928901 1
-0.354689 0.212143 0.929709 1
-0.394773 0.094236 0.941313 1
-0.367790 0.111271 0.941784 1
-0.372199 0.181540 0.919113 1
-0.363434 0.105182 0.948148 1
-0.390141 0.087982 0.985365 1
-0.378526 0.162225 0.922410 1
-0.369276 0.249780 0.920090 1
-0.366206 0.151678 0.929146 1
-0.370996 0.095495 0.937009 1
-0.359398 0.146296 0.937620 1
-0.352867 0.273324 0.938241 1
-0.375307 0.214579 0.918603 1
-0.347140 0.220750 0.959843 1
-0.394902 0.235279 0.921798 1
-0.354435 0.148468 0.951539 1
-0.380020 0.163816 0.921997 1
-0.384785 0.167045 0.921461 1
-0.346200 0.236241 0.952493 1
-0.352423 0.249808 0.932589 1
-0.358463 0.165380 0.930798 1
-0.363592 0.242117 0.922512 1
-0.373816 0.246171 0.919011 1
-0.394939 0.246941 0.921883 1
-0.371076 0.264817 0.920438 1
-0.377980 0.120381 0.933389 1
-0.405477 0.166069 0.934676 1
-0.370399 0.109340 0.939785 1
-0.362263 0.217358 0.923368 1
-0.392771 0.124166 0.936540 1
-0.363417 0.121706 0.943663 1
-0.394793 0.095939 0.941361 1
-0.385538 0.275622 0.923263 1
-0.358312 0.228017 0.926070 1
-0.377656 0.123642 0.932588 1
-0.388786 0.135193 0.931041 1
-0.363578 0.273310 0.926719 1
-0.397934 0.172688 0.924980 1
-0.346945 0.232718 0.945162 1
-0.369253 0.223211 0.920033 1
-0.388336 0.138392 0.929964 1
-0.380700 0.157445 0.923649 1
-0.370272 0.152956 0.926736 1
-0.346919 0.244633 0.945090 1
-0.390921 0.251484 0.920254 1
-0.357107 0.188171 0.927279 1
-0.356428 0.162625 0.934267 1
-0.420859 0.303410 0.986541 1
-0.374090 0.111072 0.985222 1
-0.351351 0.246872 0.934210 1
-0.383437 0.098598 0.934377 1
-0.388831 0.183223 0.919238 1
-0.383737 0.160653 0.922937 1
-0.388351 0.089087 0.958998 1
-0.366555 0.122749 0.938623 1
-0.361420 0.277564 0.929768 1
-0.351384 0.179484 0.934299 1
-0.376812 0.192961 0.918234 1
-0.351373 0.201387 0.934270 1
-0.360950 0.232575 0.924271 1
-0.364163 0.099782 0.945599 1
-0.362265 0.220690 0.923372 1
-0.391038 0.120774 0.936435 1
-0.375129 0.133435 0.930492 1
-0.369732 0.115912 0.938093 1
-0.431580 0.289203 0.986641 1
-0.364974 0.218652 0.921802 1
-0.354689 0.213820 0.929709 1
-0.364989 0.235289 0.921838 1
-0.346229 0.229388 0.952574 1
-0.376953 0.146268 0.926723 1
-0.347547 0.247277 0.942171 1
-0.362266 0.224022 0.923375 1
-0.355694 0.159682 0.936773 1
-0.354583 0.169290 0.933846 1
-0.382955 0.136590 0.929119 1
-0.347553 0.242182 0.942187 1
-0.369263 0.234835 0.920058 1
-0.408068 0.192676 0.932891 1
-0.346376 0.195105 0.952977 1
-0.366110 0.095987 0.941834 1
-0.376517 0.271790 0.921565 1
-0.390880 0.238179 0.920157 1
-0.357359 0.154602 0.936707 1
-0.361821 0.126850 0.943939 1
-0.378584 0.130112 0.930734 1
-0.357107 0.213261 0.927279 1
-0.346994 0.210584 0.945295 1
-0.355033 0.156757 0.939496 1
-0.350953 0.163095 0.946775 1
-0.369294 0.148220 0.928482 1
-0.375234 0.103716 0.934937 1
-0.388972 0.243004 0.919572 1
-0.355900 0.258760 0.928494 1
-0.366371 0.183601 0.921133 1
-0.360697 0.155546 0.932235 1
-0.346364 0.226633 0.948238 1
-0.369649 0.159375 0.925178 1
-0.346402 0.209552 0.948341 1
-0.369240 0.208268 0.920001 1
-0.347438 0.194946 0.960666 1
-0.387136 0.231287 0.919149 1
-0.355900 0.216890 0.928493 1
-0.431569 0.282077 0.986616 1
-0.354689 0.215497 0.929709 1
-0.547487 0.429721 1.389096 1
-0.401792 0.233056 0.926180 1
-0.431408 0.177011 0.986249 1
-0.385351 0.241155 0.918848 1
-0.358531 0.176340 0.926636 1
-0.389632 0.277832 0.925076 1
-0.362273 0.239017 0.923393 1
-0.369661 0.098971 0.937910 1
-0.380054 0.273606 0.922080 1
-0.389328 0.090365 0.936385 1
-0.364982 0.226970 0.921820 1
-0.386012 0.266473 0.920422 1
-0.369234 0.201627 0.919986 1
-0.373826 0.254467 0.919037 1
-0.346458 0.183922 0.948496 1
-0.357108 0.235005 0.927280 1
-0.349244 0.270685 0.946771 1
-0.367859 0.256588 0.920697 1
-0.357107 0.183153 0.927279 1
-0.366309 0.114737 0.942346 1
-0.346922 0.239645 0.959240 1
-0.361229 0.264456 0.924984 1
-0.373100 0.123805 0.933815 1
-0.363841 0.175676 0.923144 1
-0.401824 0.238087 0.926255 1
-0.368282 0.130626 0.934412 1
-0.348876 0.175711 0.941173 1
-0.383229 0.118759 0.933869 1
-0.386788 0.135082 0.930276 1
-0.380232 0.254316 0.918491 1
-0.348474 0.217902 0.940088 1
-0.360946 0.222569 0.924259 1
-0.357467 0.174966 0.928214 1
-0.366384 0.124384 0.938184 1
-0.427812 0.166322 0.986162 1
-0.396863 0.187200 0.922491 1
-0.373828 0.256126 0.919042 1
-0.361018 0.262634 0.924443 1
-0.351018 0.272825 0.942365 1
-0.347624 0.265629 0.947011 1
-0.367491 0.283780 0.928158 1
-0.399444 0.244336 0.924613 1
-0.365043 0.097855 0.943467 1
-0.374558 0.170253 0.920835 1
-0.383506 0.224471 0.918398 1
-0.362724 0.120339 0.946296 1
-0.394395 0.117894 0.940412 1
-0.396984 0.215553 0.922773 1
-0.404900 0.257359 0.929480 1
-0.347632 0.189540 0.942401 1
-0.371472 0.170362 0.921420 1
-0.359540 0.282074 0.933595 1
-0.386404 0.138301 0.929352 1
-0.348540 0.170417 0.949507 1
-0.372857 0.171896 0.920737 1
-0.383591 0.260975 0.918602 1
-0.364233 0.158253 0.928388 1
-0.370156 0.168858 0.922284 1
-0.346379 0.219801 0.948279 1
-0.368131 0.119325 0.938325 1
-0.370896 0.146517 0.928300 1
-0.376768 0.095246 0.934557 1
-0.387824 0.171905 0.920783 1
-0.366589 0.263512 0.921680 1
-0.350330 0.262536 0.935985 1
-0.385275 0.100323 0.934748 1
-0.394949 0.250273 0.921908 1
-0.387194 0.256195 0.919288 1
-0.378500 0.211198 0.918310 1
-0.346281 0.217392 0.952715 1
-0.370919 0.117444 0.936815 1
-0.354841 0.147922 0.948038 1
-0.365925 0.118013 0.941357 1
-0.426222 0.298088 0.986597 1
-0.366417 0.236800 0.921247 1
-0.555470 0.416906 1.347670 1
-0.350283 0.227051 0.935859 1
-0.383479 0.212860 0.918334 1
-0.368984 0.137003 0.931928 1
-0.354689 0.223882 0.929709 1
-0.362264 0.219024 0.923370 1
-0.382546 0.108937 0.936321 1
-0.368873 0.167367 0.923237 1
-0.364678 0.140649 0.933816 1
-0.369221 0.186685 0.919954 1
-0.401889 0.248152 0.926405 1
-0.385735 0.159126 0.923735 1
-0.402739 0.273257 0.932239 1
-0.346863 0.244793 0.959076 1
-0.387163 0.162358 0.923166 1
-0.347009 0.203772 0.945336 1
-0.367844 0.239971 0.920661 1
-0.385285 0.212943 0.918690 1
-0.383545 0.241062 0.918491 1
-0.346356 0.230049 0.948217 1
-0.347543 0.250673 0.942160 1
-0.396508 0.167786 0.925547 1
-0.373807 0.162344 0.923083 1
-0.560034 0.409577 1.323980 1
-0.376908 0.247683 0.918468 1
-0.372625 0.128695 0.932628 1
-0.381837 0.226121 0.918369 1
-0.347005 0.205475 0.945326 1
-0.353515 0.207407 0.931034 1
-0.381769 0.131731 0.930314 1
-0.363564 0.180534 0.922442 1
-0.363595 0.248775 0.922520 1
-0.404603 0.211935 0.928800 1
-0.385271 0.098636 0.934739 1
-0.364552 0.113549 0.946610 1
-0.362279 0.252346 0.923408 1
-0.380141 0.202907 0.918272 1
-0.387066 0.201407 0.918983 1
-0.379817 0.271773 0.921505 1
-0.385157 0.133421 0.930390 1
-0.385638 0.144719 0.927510 1
-0.372246 0.218042 0.919229 1
-0.399329 0.217589 0.924347 1
-0.353490 0.257770 0.930967 1
-0.385394 0.259416 0.918950 1
-0.356137 0.148745 0.942417 1
-0.359604 0.179385 0.925097 1
-0.388929 0.224733 0.919470 1
-0.384975 0.165464 0.921915 1
-0.371488 0.125514 0.933999 1
-0.366109 0.099384 0.941830 1
-0.365018 0.137409 0.934686 1
-0.370859 0.132029 0.932416 1
-0.373831 0.257786 0.919047 1
-0.418820 0.136050 0.985931 1
-0.369086 0.122466 0.936453 1
-0.371000 0.105638 0.937021 1
-0.359639 0.256169 0.925185 1
-0.390761 0.199944 0.919878 1
-0.383471 0.209543 0.918315 1
-0.386283 0.268321 0.921068 1
-0.372197 0.179881 0.919108 1
-0.367321 0.140372 0.931974 1
-0.383448 0.199592 0.918260 1
-0.381172 0.168579 0.920762 1
-0.360929 0.283527 0.932832 1
-0.396956 0.208880 0.922707 1
-0.381947 0.262640 0.918632 1
-0.372655 0.143200 0.928510 1
-0.371406 0.112522 0.938045 1
-0.396913 0.198873 0.922607 1
-0.355900 0.242012 0.928493 1
-0.362729 0.136129 0.937487 1
-0.357107 0.208243 0.927279 1
-0.388589 0.165587 0.922599 1
-0.370765 0.259619 0.919668 1
-0.369138 0.149832 0.928090 1
-0.364970 0.213661 0.921791 1
-0.378570 0.250999 0.918480 1
-0.372338 0.100472 0.936134 1
-0.406250 0.164696 0.936456 1
-0.355507 0.147489 0.945262 1
-0.392952 0.256706 0.921123 1
-0.360956 0.245917 0.924286 1
-0.404636 0.216979 0.928875 1
-0.378147 0.284653 0.925554 1
-0.352567 0.168251 0.937444 1
-0.408495 0.224883 0.933866 1
-0.381980 0.176490 0.918711 1
-0.351280 0.277776 0.947656 1
-0.394861 0.221953 0.921700 1
-0.348039 0.176147 0.943506 1
-0.358312 0.229687 0.926070 1
-0.376095 0.123682 0.932888 1
-0.383487 0.216177 0.918352 1
-0.366379 0.193575 0.921154 1
-0.383537 0.237743 0.918472 1
-0.387019 0.181493 0.918872 1
-0.358882 0.141686 0.940699 1
0.184584 0.125232 0.658070 2
0.176632 0.140006 0.654995 2
0.101987 0.124132 0.646167 2
0.146318 0.165122 0.651535 2
0.137921 0.195437 0.650733 2
0.201476 0.113096 0.830446 2
0.094021 0.116491 0.655642 2
0.122242 0.114054 0.648507 2
0.137969 0.140317 0.650957 2
0.169317 0.135099 0.654120 2
0.098446 0.156698 0.645880 2
0.146423 0.153479 0.652002 2
0.120021 0.194962 0.649149 2
0.164603 0.155163 0.654144 2
0.170522 0.123318 0.654217 2
0.109280 0.109280 0.647944 2
0.112789 0.106945 0.647964 2
0.172960 0.126916 0.654513 2
0.141597 0.155698 0.651444 2
0.179069 0.136518 0.655267 2
0.135471 0.160102 0.650241 2
0.123568 0.156364 0.649328 2
0.163848 0.103514 0.655845 2
0.133145 0.126106 0.650335 2
0.106740 0.123072 0.646721 2
0.135573 0.154354 0.650731 2
0.147513 0.151039 0.651622 2
0.118780 0.193676 0.648766 2
0.142670 0.132102 0.650979 2
0.146402 0.195791 0.651912 2
0.148718 0.147542 0.651752 2
0.116383 0.147965 0.648452 2
0.105566 0.145226 0.646671 2
0.190418 0.128338 0.661847 2
0.157203 0.165446 0.652814 2
0.110351 0.180415 0.647372 2
0.110321 0.136004 0.647194 2
0.180325 0.162588 0.655536 2
0.123444 0.121104 0.648677 2
0.164587 0.139811 0.654082 2
0.116388 0.154990 0.648480 2
0.159592 0.128970 0.652954 2
0.166887 0.138581 0.653846 2
0.129064 0.096061 0.653430 2
0.147498 0.104013 0.651558 2
0.104031 0.115786 0.651674 2
0.162171 0.153915 0.653853 2
0.115125 0.186420 0.647951 2
0.171752 0.118633 0.654409 2
0.186632 0.143973 0.656925 2
0.143388 0.089694 0.676526 2
0.141521 0.101590 0.651095 2
0.171768 0.151699 0.654469 2
0.109159 0.180376 0.647231 2
0.117503 0.144394 0.648173 2
0.157166 0.107720 0.652659 2
0.140310 0.190799 0.650926 2
0.150033 0.135912 0.652357 2
0.175418 0.144705 0.654873 2
0.186729 0.159460 0.657264 2
0.099643 0.174230 0.646089 2
0.117592 0.166735 0.648667 2
0.123433 0.107053 0.648617 2
0.182770 0.140183 0.655824 2
0.194337 0.158459 0.662997 2
0.128269 0.161068 0.649405 2
0.180993 0.110039 0.666707 2
0.137971 0.142668 0.650967 2
0.094126 0.178313 0.648219 2
0.119907 0.191267 0.648532 2
0.105569 0.149896 0.646690 2
0.162093 0.198906 0.658327 2
0.084051 0.145180 0.651702 2
0.172997 0.161188 0.654650 2
0.145066 0.115701 0.651193 2
0.176651 0.157745 0.655066 2
0.127084 0.178620 0.649336 2
0.148746 0.179318 0.651875 2
0.117558 0.104691 0.648477 2
0.082821 0.135255 0.660644 2
0.193986 0.147429 0.661799 2
0.133089 0.187028 0.650063 2
0.157836 0.094222 0.665412 2
0.140363 0.122744 0.651170 2
0.139057 0.132016 0.650556 2
0.111553 0.186312 0.647574 2
0.151118 0.129950 0.651964 2
0.182786 0.156758 0.655881 2
0.171738 0.120984 0.654353 2
0.106797 0.187041 0.654211 2
0.103190 0.147497 0.646401 2
0.139082 0.161382 0.650672 2
0.139111 0.194286 0.650807 2
0.111541 0.178115 0.647500 2
0.111530 0.162916 0.647440 2
0.089245 0.131242 0.646743 2
0.089155 0.133441 0.646090 2
0.102002 0.148632 0.646266 2
0.121101 0.187794 0.648658 2
0.152345 0.148815 0.652180 2
0.115179 0.133888 0.648255 2
0.178534 0.113613 0.666506 2
0.153522 0.114700 0.652181 2
0.106751 0.138251 0.646783 2
0.118709 0.187713 0.648378 2
0.169326 0.144546 0.654155 2
0.260137 0.198463 0.876689 2
0.104370 0.134690 0.646490 2
0.122257 0.133956 0.648587 2
0.097269 0.171823 0.645802 2
0.179073 0.140067 0.655282 2
0.116366 0.123383 0.648354 2
0.121148 0.122318 0.648911 2
0.088990 0.151807 0.644898 2
0.128245 0.130587 0.649286 2
0.105665 0.102083 0.661909 2
0.090278 0.165994 0.645784 2
0.133746 0.096038 0.653274 2
0.162158 0.140930 0.653801 2
0.177876 0.161329 0.655224 2
0.131860 0.151785 0.649784 2
0.185548 0.118727 0.661508 2
0.091359 0.122009 0.653523 2
0.127026 0.107123 0.649040 2
0.132135 0.199083 0.651139 2
0.125891 0.189130 0.649227 2
0.129469 0.163448 0.649553 2
0.158512 0.136120 0.653354 2
0.158382 0.097877 0.657710 2
0.109609 0.104920 0.649899 2
0.115192 0.152615 0.648330 2
0.266436 0.198443 0.876601 2
0.088104 0.133615 0.646935 2
0.163398 0.165758 0.654044 2
0.177834 0.116760 0.663894 2
0.087942 0.158995 0.645745 2
0.163096 0.197495 0.657584 2
0.169341 0.158720 0.654212 2
0.108224 0.110590 0.655712 2
0.084106 0.140569 0.652125 2
0.169371 0.181173 0.654328 2
0.155995 0.168946 0.652688 2
0.161676 0.197209 0.656633 2
0.106765 0.160439 0.646871 2
0.149981 0.102928 0.652131 2
0.184013 0.149696 0.656036 2
0.183899 0.179138 0.659873 2
0.090171 0.158818 0.645023 2
0.150057 0.161826 0.652461 2
0.159646 0.184388 0.653173 2
0.140582 0.199403 0.652185 2
0.136776 0.153212 0.650867 2
0.189766 0.163592 0.659581 2
0.129467 0.161102 0.649543 2
0.185313 0.119768 0.660672 2
0.119870 0.139750 0.648328 2
0.195857 0.133183 0.668182 2
0.129554 0.142451 0.649977 2
0.123494 0.187875 0.648940 2
0.133066 0.158859 0.649952 2
0.134246 0.129556 0.649986 2
0.159756 0.168009 0.653625 2
0.094885 0.148440 0.645430 2
0.137999 0.175581 0.651098 2
0.152487 0.172504 0.652788 2
0.114014 0.105828 0.648279 2
0.100336 0.189392 0.658279 2
0.159192 0.100013 0.656159 2
0.111508 0.115011 0.647312 2
0.109122 0.124294 0.647006 2
0.140760 0.097177 0.653011 2
0.158978 0.196802 0.655276 2
0.091712 0.124425 0.647689 2
0.234980 0.253968 0.877232 2
0.136699 0.190674 0.650501 2
0.146331 0.180417 0.651596 2
0.099619 0.133407 0.645927 2
0.121061 0.133927 0.648445 2
0.137904 0.191891 0.650650 2
0.123573 0.162226 0.649352 2
0.144028 0.196936 0.651808 2
0.132164 0.092694 0.663071 2
0.084037 0.151032 0.651590 2
0.129424 0.108342 0.649327 2
0.099612 0.124079 0.645888 2
0.151165 0.180574 0.652164 2
0.142698 0.163839 0.651107 2
0.118699 0.173664 0.648324 2
0.151119 0.131127 0.651967 2
0.133157 0.141369 0.650396 2
0.098453 0.168360 0.645924 2
0.097577 0.181715 0.647842 2
0.162394 0.104522 0.654750 2
0.117564 0.128092 0.648513 2
0.086925 0.160431 0.646839 2
0.156235 0.195146 0.653688 2
0.084867 0.153931 0.648946 2
0.159761 0.172730 0.653643 2
0.118660 0.119829 0.648109 2
0.154740 0.106494 0.652359 2
0.164272 0.101410 0.657540 2
0.149931 0.152282 0.651913 2
0.173566 0.186598 0.656804 2
0.184711 0.174021 0.658526 2
0.107911 0.113808 0.653815 2
0.139173 0.140348 0.651099 2
0.164585 0.137449 0.654073 2
0.106318 0.192077 0.651280 2
0.113922 0.099755 0.654469 2
0.153556 0.150026 0.652327 2
0.154184 0.094653 0.660053 2
0.156362 0.093576 0.669379 2
0.147479 0.114575 0.651471 2
0.131941 0.123731 0.650185 2
0.149892 0.112272 0.651746 2
0.185811 0.108234 0.693674 2
0.129428 0.113030 0.649346 2
0.094897 0.168252 0.645510 2
0.102134 0.113942 0.654584 2
0.083962 0.161375 0.660246 2
0.090726 0.173842 0.648989 2
0.124906 0.197621 0.650193 2
0.144318 0.093243 0.658498 2
0.131825 0.109561 0.649614 2
0.162244 0.093152 0.683995 2
0.164619 0.170519 0.654206 2
0.107938 0.134777 0.646909 2
0.153568 0.160628 0.652378 2
0.100805 0.132270 0.646062 2
0.153583 0.179475 0.652444 2
0.087868 0.146059 0.645198 2
0.122239 0.109371 0.648487 2
0.101989 0.118307 0.646183 2
0.095355 0.184195 0.656686 2
0.119848 0.110494 0.648211 2
0.105559 0.191657 0.653855 2
0.164599 0.151620 0.654130 2
0.097243 0.128687 0.645630 2
0.144134 0.204634 0.657656 2
0.135434 0.115500 0.650062 2
0.113997 0.151412 0.648185 2
0.164495 0.176286 0.653713 2
0.151246 0.139476 0.652514 2
0.135430 0.110806 0.650042 2
0.176639 0.145919 0.655020 2
0.163375 0.143322 0.653953 2
0.104389 0.165040 0.646610 2
0.127166 0.157639 0.649756 2
0.152444 0.126546 0.652604 2
0.142791 0.141616 0.651529 2
0.138148 0.199285 0.651802 2
0.140259 0.128522 0.650688 2
0.100815 0.148600 0.646126 2
0.152376 0.182969 0.652314 2
0.121066 0.139781 0.648472 2
0.173078 0.180166 0.654958 2
0.117515 0.188843 0.648243 2
0.147509 0.146334 0.651606 2
0.170569 0.169389 0.654398 2
0.117562 0.124580 0.648499 2
0.157301 0.138448 0.653221 2
0.130659 0.151752 0.649643 2
0.116397 0.166699 0.648526 2
0.175440 0.165989 0.654956 2
0.153517 0.109991 0.652162 2
0.088123 0.165158 0.647074 2
0.162391 0.193097 0.654739 2
0.123447 0.104725 0.648692 2
0.115115 0.172381 0.647898 2
0.169924 0.101954 0.661073 2
0.135488 0.178891 0.650320 2
0.134360 0.142575 0.650542 2
0.085757 0.145262 0.646835 2
0.166878 0.129139 0.653810 2
0.152457 0.140684 0.652661 2
0.186153 0.124300 0.659426 2
0.148722 0.152249 0.651769 2
0.192494 0.141242 0.660775 2
0.172547 0.103289 0.661986 2
0.125978 0.172854 0.649676 2
0.145235 0.175811 0.651949 2
0.116673 0.097527 0.663402 2
0.122265 0.143324 0.648625 2
0.152343 0.147638 0.652174 2
0.169322 0.141003 0.654141 2
0.118659 0.118659 0.648105 2
0.143875 0.130956 0.651118 2
0.113925 0.177022 0.647776 2
0.166913 0.163374 0.653948 2
0.142654 0.114475 0.650905 2
0.112789 0.130321 0.647961 2
0.166030 0.190846 0.655119 2
0.126394 0.094350 0.657939 2
0.095656 0.182510 0.650677 2
0.188050 0.157203 0.657740 2
0.130643 0.129472 0.649564 2
0.094886 0.149605 0.645435 2
0.124636 0.114103 0.648788 2
0.123464 0.146869 0.648780 2
0.166923 0.172821 0.653987 2
0.087903 0.156595 0.645456 2
0.189313 0.124815 0.662157 2
0.143966 0.195677 0.651531 2
0.112735 0.108062 0.647650 2
0.129427 0.111858 0.649341 2
0.107944 0.142952 0.646942 2
0.159752 0.163289 0.653606 2
0.154764 0.147702 0.652458 2
0.129934 0.200486 0.651882 2
0.100334 0.108646 0.658268 2
0.147707 0.197139 0.652480 2
0.105548 0.119544 0.646565 2
0.124680 0.171508 0.649019 2
0.089553 0.171497 0.648977 2
0.157197 0.157197 0.652787 2
0.156075 0.124271 0.653022 2
0.125849 0.134044 0.649008 2
0.123483 0.171471 0.648878 2
0.102041 0.181342 0.646514 2
0.155940 0.112395 0.652456 2
0.105586 0.177922 0.646799 2
0.118781 0.157400 0.648770 2
0.173008 0.171827 0.654693 2
0.141464 0.129724 0.650832 2
0.146337 0.187476 0.651621 2
0.191378 0.163953 0.661038 2
0.169339 0.157539 0.654208 2
0.115173 0.125696 0.648223 2
0.155911 0.200965 0.657295 2
0.082991 0.154798 0.652605 2
0.162071 0.182109 0.653450 2
0.111502 0.120843 0.647278 2
0.162074 0.185649 0.653462 2
0.109132 0.139479 0.647068 2
0.105584 0.173250 0.646782 2
0.179090 0.155448 0.655343 2
0.153571 0.165339 0.652393 2
0.180294 0.136551 0.655424 2
0.145208 0.145208 0.651827 2
0.160962 0.159783 0.653734 2
0.244427 0.242845 0.877062 2
0.101996 0.138131 0.646225 2
0.179073 0.131793 0.655279 2
0.158431 0.181990 0.653022 2
0.106757 0.147593 0.646820 2
0.170559 0.159936 0.654359 2
0.146426 0.157011 0.652016 2
0.131398 0.096044 0.653316 2
0.090190 0.161179 0.645161 2
0.084269 0.169135 0.662655 2
0.116269 0.116269 0.647814 2
0.124634 0.111761 0.648778 2
0.118708 0.185371 0.648369 2
0.109792 0.114489 0.650980 2
0.160288 0.101141 0.655801 2
0.164604 0.156344 0.654149 2
0.266437 0.200026 0.876607 2
0.173085 0.116374 0.654984 2
0.092068 0.121389 0.650204 2
0.140314 0.193151 0.650940 2
0.153654 0.193686 0.652742 2
0.154738 0.096637 0.657349 2
0.171785 0.168243 0.654535 2
0.188705 0.110966 0.695117 2
0.158024 0.092847 0.681756 2
0.174251 0.176614 0.654929 2
0.190848 0.153987 0.659209 2
0.124664 0.150417 0.648937 2
0.159648 0.156113 0.653181 2
0.097259 0.155499 0.645736 2
0.130664 0.157618 0.649669 2
0.085208 0.159251 0.651556 2
0.131859 0.150612 0.649779 2
0.113396 0.101645 0.651450 2
0.137844 0.121420 0.650370 2
0.165027 0.193419 0.655831 2
0.157202 0.163090 0.652811 2
0.085347 0.130706 0.661748 2
0.156076 0.125450 0.653026 2
0.145081 0.129809 0.651256 2
0.127603 0.092402 0.696955 2
0.161519 0.097150 0.660834 2
0.143856 0.110975 0.651032 2
0.116389 0.156160 0.648484 2
0.136362 0.095040 0.654515 2
0.107262 0.191665 0.649884 2
0.260135 0.196880 0.876683 2
0.169304 0.122111 0.654069 2
0.098434 0.135710 0.645797 2
0.154731 0.113547 0.652319 2
0.092671 0.171936 0.646226 2
0.131982 0.174216 0.650386 2
0.162144 0.126767 0.653744 2
0.110638 0.192592 0.649054 2
0.175435 0.122273 0.654937 2
0.134297 0.192942 0.650236 2
0.149902 0.121685 0.651788 2
0.100802 0.127605 0.646043 2
0.110325 0.143014 0.647221 2
0.132820 0.090366 0.672450 2
0.179482 0.187886 0.665564 2
0.129549 0.136584 0.649954 2
0.131855 0.147092 0.649762 2
0.099612 0.122913 0.645883 2
0.087863 0.150705 0.645160 2
0.096069 0.146141 0.645560 2
0.182761 0.149639 0.655790 2
0.177948 0.173219 0.655491 2
0.114095 0.104733 0.648742 2
0.122261 0.137471 0.648609 2
0.143443 0.091828 0.665460 2
0.122376 0.163363 0.649216 2
0.165704 0.111452 0.653833 2
0.157399 0.193949 0.653627 2
0.135590 0.174330 0.650811 2
0.171766 0.149336 0.654460 2
0.133055 0.145951 0.649900 2
0.162176 0.158637 0.653872 2
0.179070 0.132973 0.655270 2
0.118678 0.144402 0.648209 2
0.109253 0.116264 0.647784 2
0.152787 0.099695 0.654074 2
0.100813 0.145100 0.646113 2
0.172363 0.109578 0.656736 2
0.133182 0.171905 0.650518 2
0.134356 0.136702 0.650519 2
0.147498 0.134569 0.651554 2
0.153540 0.133539 0.652260 2
0.103192 0.150998 0.646415 2
0.137866 0.135520 0.650475 2
0.133029 0.113104 0.649769 2
0.157215 0.177235 0.652863 2
0.179406 0.115804 0.665281 2
0.140623 0.093155 0.657883 2
0.162186 0.169264 0.653915 2
0.099346 0.107674 0.659589 2
0.157226 0.189024 0.652909 2
0.122368 0.152813 0.649174 2
0.121058 0.130415 0.648431 2
0.145123 0.178026 0.651448 2
0.153572 0.167693 0.652395 2
0.143235 0.201001 0.653557 2
0.158431 0.106602 0.653022 2
0.127179 0.174065 0.649822 2
0.143892 0.150940 0.651194 2
0.158371 0.119514 0.652773 2
0.129482 0.177525 0.649615 2
0.121172 0.155124 0.649042 2
0.128269 0.162240 0.649409 2
0.133022 0.104894 0.649735 2
0.140403 0.168601 0.651354 2
0.185819 0.127639 0.658241 2
0.129472 0.166966 0.649564 2
0.164433 0.113747 0.653467 2
0.099640 0.169563 0.646068 2
0.101149 0.114011 0.648266 2
0.128668 0.092424 0.669780 2
0.127150 0.137697 0.649676 2
0.158525 0.150275 0.653411 2
0.127071 0.163377 0.649272 2
0.096082 0.168288 0.645648 2
0.112786 0.126812 0.647947 2
0.128284 0.182175 0.649483 2
0.153668 0.140715 0.652803 2
0.190828 0.152781 0.659137 2
0.170579 0.178843 0.654437 2
0.103199 0.162670 0.646461 2
0.156003 0.177196 0.652721 2
0.149910 0.129922 0.651822 2
0.166874 0.124419 0.653796 2
0.173121 0.181393 0.655123 2
0.082897 0.132994 0.661251 2
0.135574 0.155529 0.650735 2
0.148679 0.106367 0.651579 2
0.147001 0.201314 0.654576 2
0.157252 0.105423 0.653016 2
0.097830 0.114232 0.649522 2
0.102007 0.156800 0.646298 2
0.106772 0.170952 0.646912 2
0.137550 0.095045 0.654551 2
0.112797 0.142019 0.648007 2
0.092704 0.125355 0.646462 2
0.140309 0.189623 0.650921 2
0.084088 0.141714 0.651983 2
0.140389 0.153312 0.651292 2
0.093624 0.118355 0.652874 2
0.117581 0.151510 0.648606 2
0.175421 0.148251 0.654885 2
0.163389 0.156310 0.654006 2
0.180067 0.181256 0.658919 2
0.158235 0.199720 0.657101 2
0.134246 0.130729 0.649989 2
0.147617 0.138207 0.652082 2
0.179089 0.154265 0.655339 2
0.161594 0.101218 0.656301 2
0.166893 0.144483 0.653870 2
0.145073 0.121579 0.651220 2
0.171771 0.154062 0.654479 2
0.144009 0.154589 0.651723 2
0.143534 0.202602 0.654922 2
0.124648 0.130500 0.648853 2
0.100891 0.181370 0.646613 2
0.112579 0.100791 0.653528 2
0.116396 0.165528 0.648522 2
0.145128 0.185083 0.651471 2
0.130791 0.100293 0.650297 2
0.152348 0.152348 0.652195 2
0.106759 0.151096 0.646834 2
0.115955 0.098116 0.659320 2
0.107247 0.190466 0.649790 2
0.113884 0.118556 0.647543 2
0.170538 0.138673 0.654278 2
0.145215 0.153446 0.651860 2
0.138185 0.098200 0.651978 2
0.131821 0.104871 0.649594 2
0.085158 0.140363 0.651172 2
0.170400 0.105090 0.658305 2
0.135258 0.091626 0.691103 2
0.129563 0.154186 0.650024 2
0.086568 0.129554 0.661958 2
0.120187 0.096505 0.656450 2
0.166959 0.111503 0.654130 2
0.182788 0.137831 0.655888 2
0.145072 0.103958 0.651217 2
0.189421 0.141918 0.658382 2
0.142816 0.169851 0.651642 2
0.154747 0.130035 0.652389 2
0.124652 0.135186 0.648873 2
0.151097 0.108766 0.651873 2
0.140260 0.204175 0.656182 2
0.182951 0.129665 0.656473 2
0.113924 0.174683 0.647767 2
0.136752 0.125014 0.650755 2
0.141517 0.192016 0.651073 2
0.167901 0.094793 0.686947 2
0.130828 0.092385 0.687475 2
0.158105 0.098890 0.656560 2
0.104711 0.107077 0.655932 2
0.260120 0.182638 0.876634 2
0.084914 0.155187 0.649306 2
0.101144 0.111790 0.655816 2
0.094877 0.135622 0.645380 2
0.096084 0.171787 0.645665 2
0.148756 0.191090 0.651919 2
0.115168 0.105814 0.648192 2
0.125197 0.098159 0.651708 2
0.102048 0.116043 0.646554 2
0.148824 0.135882 0.652215 2
0.162173 0.156276 0.653863 2
0.089197 0.132338 0.646394 2
0.107007 0.112919 0.655499 2
0.179094 0.158998 0.655358 2
0.170606 0.181232 0.654539 2
0.185312 0.143868 0.656445 2
0.134688 0.093154 0.657875 2
0.101687 0.106445 0.659341 2
0.179194 0.172097 0.655724 2
0.084100 0.157025 0.652075 2
0.174187 0.122226 0.654687 2
0.091331 0.143686 0.644995 2
0.165659 0.123212 0.653653 2
0.186238 0.174338 0.659726 2
0.116393 0.160844 0.648503 2
0.127167 0.158812 0.649761 2
0.096071 0.150803 0.645579 2
0.119892 0.169018 0.648448 2
0.135561 0.140256 0.650674 2
0.137992 0.167352 0.651066 2
0.102183 0.115029 0.647410 2
0.140263 0.134394 0.650705 2
0.148840 0.153546 0.652286 2
0.193442 0.165893 0.664029 2
0.127070 0.162205 0.649269 2
0.130804 0.204196 0.656249 2
0.157307 0.144345 0.653245 2
0.157384 0.096806 0.658496 2
0.147690 0.094308 0.657643 2
0.105645 0.105645 0.654389 2
0.093704 0.154233 0.645313 2
0.130755 0.142482 0.650118 2
0.166511 0.103699 0.657018 2
0.137323 0.096067 0.653474 2
0.173000 0.164734 0.654664 2
0.140292 0.167294 0.650840 2
0.117583 0.153852 0.648615 2
0.147607 0.127613 0.652040 2
0.148927 0.100658 0.652667 2
0.109133 0.140647 0.647072 2
0.127085 0.182135 0.649342 2
0.096059 0.129825 0.645496 2
0.119977 0.157434 0.648911 2
0.141444 0.108577 0.650739 2
0.165807 0.143385 0.654239 2
0.128351 0.138900 0.649822 2
0.143865 0.120377 0.651074 2
0.124692 0.187916 0.649081 2
0.117462 0.115125 0.647950 2
0.130776 0.168308 0.650222 2
0.146321 0.168652 0.651551 2
0.189467 0.157394 0.658541 2
0.182833 0.162716 0.656050 2
0.169333 0.151633 0.654183 2
0.136429 0.091559 0.672303 2
0.152359 0.162948 0.652242 2
0.119846 0.106984 0.648199 2
0.136630 0.108483 0.650173 2
0.158141 0.093915 0.671806 2
0.184335 0.168924 0.657184 2
0.123458 0.137500 0.648747 2
0.162160 0.143291 0.653811 2
0.146276 0.118078 0.651347 2
0.127066 0.152831 0.649248 2
0.177873 0.158963 0.655214 2
0.134372 0.156670 0.650599 2
0.109157 0.176869 0.647215 2
0.191490 0.114894 0.696123 2
0.182760 0.146089 0.655785 2
0.112805 0.153719 0.648054 2
0.086241 0.135522 0.650483 2
0.247574 0.238082 0.877001 2
0.090362 0.121074 0.654841 2
0.152310 0.106440 0.652030 2
0.098457 0.174193 0.645950 2
0.146288 0.132188 0.651404 2
0.109401 0.186278 0.655678 2
0.102911 0.192140 0.659561 2
0.166883 0.133860 0.653831 2
0.119982 0.163292 0.648934 2
0.163379 0.146864 0.653968 2
0.190116 0.167469 0.660795 2
0.151267 0.161861 0.652603 2
0.148759 0.102897 0.651933 2
0.145203 0.140500 0.651808 2
0.182763 0.152007 0.655797 2
0.128289 0.189211 0.649508 2
0.117570 0.136288 0.648546 2
0.187920 0.174795 0.661457 2
0.188379 0.121400 0.663073 2
0.187127 0.178757 0.662876 2
0.123456 0.136328 0.648736 2
0.109127 0.132470 0.647040 2
0.098431 0.132213 0.645783 2
0.099777 0.116115 0.646954 2
0.116376 0.137429 0.648410 2
0.111528 0.159409 0.647426 2
0.182803 0.159139 0.655940 2
0.123566 0.152847 0.649314 2
0.188140 0.137099 0.658052 2
0.116377 0.138599 0.648414 2
0.148812 0.122931 0.652163 2
0.089129 0.163694 0.645903 2
0.115200 0.164321 0.648377 2
0.131914 0.176472 0.650052 2
0.142701 0.166191 0.651119 2
0.179076 0.142433 0.655291 2
0.121045 0.112859 0.648361 2
0.181524 0.146047 0.655596 2
0.260134 0.195298 0.876678 2
0.158575 0.104341 0.653615 2
0.118705 0.180690 0.648357 2
0.123453 0.132814 0.648722 2
0.103195 0.155667 0.646433 2
0.119904 0.186582 0.648513 2
0.118704 0.178349 0.648351 2
0.170406 0.192969 0.658329 2
0.181526 0.148414 0.655602 2
0.163306 0.186888 0.653676 2
0.182760 0.147273 0.655787 2
0.105567 0.147561 0.646680 2
0.082683 0.140977 0.659536 2
0.088987 0.149475 0.644874 2
0.122243 0.115224 0.648512 2
0.129493 0.192775 0.649672 2
0.091553 0.119905 0.654910 2
0.145455 0.204824 0.658266 2
0.100810 0.141601 0.646099 2
0.154740 0.121791 0.652357 2
0.183126 0.116318 0.661380 2
0.153541 0.134716 0.652264 2
0.104359 0.118351 0.646422 2
0.105557 0.131217 0.646616 2
0.084150 0.166509 0.661719 2
0.163220 0.117259 0.653330 2
0.141507 0.180260 0.651028 2
0.181665 0.128408 0.656103 2
0.131883 0.178774 0.649898 2
0.088800 0.127614 0.652044 2
0.122256 0.132786 0.648582 2
0.171751 0.135158 0.654404 2
0.176644 0.124655 0.655038 2
0.125860 0.145763 0.649065 2
0.168125 0.113853 0.654073 2
0.164040 0.102451 0.656612 2
0.144125 0.099417 0.652247 2
0.133146 0.127280 0.650340 2
0.170567 0.167025 0.654388 2
0.184489 0.126354 0.657734 2
0.164584 0.136268 0.654068 2
0.131867 0.161171 0.649821 2
0.121151 0.127004 0.648930 2
0.163360 0.127975 0.653892 2
0.105580 0.167411 0.646758 2
0.114047 0.192418 0.648468 2
0.112812 0.164250 0.648096 2
0.100799 0.124106 0.646028 2
0.158523 0.147916 0.653401 2
0.129149 0.093108 0.666030 2
0.160808 0.132534 0.653109 2
0.093692 0.133264 0.645231 2
0.106763 0.156935 0.646857 2
0.170561 0.162299 0.654369 2
0.192397 0.154275 0.660444 2
0.166880 0.126781 0.653817 2
0.139103 0.187231 0.650770 2
0.150024 0.126491 0.652319 2
0.184089 0.136735 0.656309 2
0.264853 0.190536 0.876596 2
0.084069 0.154617 0.651839 2
0.093691 0.132099 0.645227 2
0.122348 0.125860 0.649066 2
0.157338 0.176195 0.653372 2
0.151168 0.184107 0.652176 2
0.180494 0.124866 0.656148 2
0.136691 0.180103 0.650463 2
0.181546 0.157892 0.655673 2
0.146343 0.193361 0.651647 2
0.192331 0.148268 0.660218 2
0.168140 0.174040 0.654133 2
0.113904 0.108063 0.647658 2
0.163399 0.166939 0.654048 2
0.087872 0.153049 0.645228 2
0.090180 0.159997 0.645086 2
0.141023 0.091815 0.665370 2
0.110336 0.158206 0.647281 2
0.153553 0.147670 0.652316 2
0.145097 0.148621 0.651329 2
0.109126 0.130134 0.647031 2
0.104398 0.179051 0.646662 2
0.163387 0.155130 0.654001 2
0.122246 0.118736 0.648526 2
0.121086 0.166713 0.648581 2
0.197542 0.110413 0.832804 2
0.111043 0.102817 0.651430 2
0.141584 0.140409 0.651382 2
0.115183 0.139740 0.648279 2
0.131843 0.128327 0.649702 2
0.098819 0.111837 0.656087 2
0.179495 0.178310 0.656825 2
0.156019 0.190166 0.652785 2
0.097266 0.167158 0.645781 2
0.177872 0.157780 0.655209 2
0.149925 0.146398 0.651890 2
0.135618 0.197849 0.650945 2
0.140406 0.172129 0.651368 2
0.162478 0.098201 0.659890 2
0.110347 0.174569 0.647346 2
0.154800 0.186584 0.652611 2
0.097244 0.129853 0.645635 2
0.144269 0.199622 0.652901 2
0.127030 0.111809 0.649060 2
0.169468 0.184821 0.654705 2
0.118696 0.168982 0.648308 2
0.123583 0.175124 0.649403 2
0.147493 0.128689 0.651536 2
0.125872 0.162170 0.649128 2
0.163231 0.111374 0.653374 2
0.180308 0.151932 0.655473 2
0.155945 0.117106 0.652476 2
0.129423 0.104826 0.649318 2
0.157222 0.185486 0.652892 2
0.114411 0.097639 0.664164 2
0.121051 0.119881 0.648390 2
0.116320 0.187632 0.648098 2
0.116392 0.170201 0.648498 2
0.111551 0.183972 0.647562 2
0.159626 0.159626 0.653091 2
0.123570 0.158709 0.649338 2
0.113981 0.128009 0.648092 2
0.084044 0.152220 0.651647 2
0.125831 0.110614 0.648914 2
0.154792 0.177158 0.652579 2
0.169327 0.145727 0.654160 2
0.142711 0.176773 0.651164 2
0.257006 0.217467 0.876798 2
0.091075 0.122805 0.651491 2
0.145202 0.139324 0.651803 2
0.134225 0.107263 0.649886 2
0.118657 0.115150 0.648091 2
0.106757 0.148760 0.646825 2
0.113947 0.189911 0.647898 2
0.162115 0.099169 0.658417 2
0.171824 0.105234 0.659211 2
0.115198 0.160809 0.648363 2
0.172999 0.163552 0.654660 2
0.140252 0.121473 0.650653 2
0.142660 0.120351 0.650932 2
0.128234 0.118865 0.649231 2
0.104381 0.103188 0.661336 2
0.187689 0.124530 0.660644 2
0.145127 0.183906 0.651466 2
0.159738 0.149128 0.653549 2
0.145069 0.118052 0.651205 2
0.128273 0.168102 0.649427 2
0.148842 0.155902 0.652295 2
0.114000 0.156093 0.648203 2
0.112795 0.139679 0.647998 2
0.148832 0.145303 0.652253 2
0.122296 0.185492 0.648790 2
0.174227 0.119892 0.654838 2
0.151171 0.095445 0.657305 2
0.124705 0.193790 0.649147 2
0.150490 0.092000 0.675537 2
0.160787 0.111314 0.653021 2
0.104363 0.124186 0.646447 2
0.098449 0.162529 0.645901 2
0.178163 0.186561 0.665122 2
0.094199 0.114343 0.656888 2
0.087206 0.132857 0.648933 2
0.134370 0.154320 0.650589 2
0.115117 0.174721 0.647908 2
0.196285 0.156668 0.665547 2
0.141613 0.174519 0.651519 2
0.184156 0.133232 0.656547 2
0.084353 0.133904 0.654044 2
0.160639 0.198576 0.657237 2
0.171815 0.116315 0.654649 2
0.116372 0.131576 0.648386 2
0.151541 0.094490 0.658914 2
0.088996 0.152979 0.644936 2
0.144013 0.159296 0.651741 2
0.105563 0.140556 0.646653 2
0.115244 0.104714 0.648624 2
0.256961 0.173152 0.876645 2
0.190987 0.139819 0.659688 2
0.182291 0.110096 0.667054 2
0.097253 0.143841 0.645690 2
0.103205 0.172008 0.646496 2
0.187959 0.146454 0.657422 2
0.118706 0.181860 0.648359 2
0.180770 0.177214 0.657153 2
0.092525 0.163520 0.645214 2
0.088023 0.135823 0.646336 2
0.084076 0.142870 0.651888 2
0.172980 0.106403 0.659086 2
0.098445 0.154366 0.645871 2
0.086397 0.163978 0.651659 2
0.155322 0.099808 0.654814 2
0.202428 0.112125 0.834367 2
0.129579 0.174140 0.650104 2
0.122299 0.189007 0.648807 2
0.189607 0.161077 0.659027 2
0.153664 0.137179 0.652789 2
0.149955 0.179357 0.652017 2
0.114011 0.171309 0.648264 2
0.175410 0.137611 0.654843 2
0.168317 0.187216 0.654821 2
0.098432 0.133379 0.645788 2
0.134232 0.115475 0.649921 2
0.168082 0.118542 0.653909 2
0.115131 0.189936 0.647984 2
0.164576 0.128003 0.654034 2
0.164439 0.120824 0.653491 2
0.101233 0.109521 0.656398 2
0.102016 0.170803 0.646352 2
0.175406 0.134065 0.654829 2
0.167873 0.103808 0.657710 2
0.159729 0.139689 0.653511 2
0.092513 0.141387 0.645125 2
0.093912 0.117537 0.654881 2
0.163378 0.145683 0.653963 2
0.133178 0.167206 0.650500 2
0.112787 0.127981 0.647951 2
0.147213 0.091015 0.677281 2
0.116373 0.132747 0.648391 2
0.127034 0.116496 0.649080 2
0.135427 0.107286 0.650027 2
0.099092 0.109772 0.657901 2
0.142645 0.105076 0.650866 2
0.107957 0.162810 0.647020 2
0.100856 0.117180 0.646392 2
0.119220 0.096681 0.657647 2
0.231716 0.132070 0.876854 2
0.164437 0.119644 0.653485 2
0.104360 0.120685 0.646431 2
0.146399 0.127585 0.651898 2
0.152306 0.108790 0.652015 2
0.153537 0.130006 0.652247 2
0.166886 0.137401 0.653841 2
0.137958 0.127391 0.650905 2
0.107965 0.102000 0.661366 2
0.087862 0.149540 0.645154 2
0.152473 0.157182 0.652727 2
0.109158 0.178038 0.647220 2
0.112806 0.154889 0.648058 2
0.129425 0.109514 0.649332 2
0.115079 0.122089 0.647696 2
0.175627 0.117676 0.655654 2
0.163391 0.158672 0.654015 2
0.107964 0.173325 0.647061 2
0.171758 0.141066 0.654430 2
0.139394 0.098223 0.652132 2
0.131975 0.165995 0.650353 2
0.090173 0.137878 0.645039 2
0.170527 0.129223 0.654238 2
0.193008 0.163130 0.662540 2
0.117512 0.184160 0.648225 2
0.125876 0.169201 0.649150 2
0.101997 0.140465 0.646234 2
0.135496 0.190633 0.650360 2
0.113995 0.149071 0.648175 2
0.121420 0.197673 0.650366 2
0.139097 0.177833 0.650742 2
0.115123 0.182911 0.647940 2
0.085736 0.151059 0.646677 2
0.150158 0.100694 0.652903 2
0.113999 0.153752 0.648194 2
0.260125 0.187385 0.876651 2
0.181529 0.150781 0.655611 2
0.087962 0.138060 0.645892 2
0.098446 0.155532 0.645876 2
0.174615 0.182902 0.656296 2
0.158364 0.113622 0.652746 2
0.136779 0.156738 0.650882 2
0.119901 0.180729 0.648497 2
0.164614 0.165794 0.654186 2
0.146430 0.161720 0.652035 2
0.111636 0.106960 0.648051 2
0.090206 0.162371 0.645273 2
0.154783 0.167731 0.652541 2
0.106760 0.152264 0.646838 2
0.129538 0.122504 0.649898 2
0.131886 0.184640 0.649914 2
0.100855 0.180140 0.646385 2
0.159825 0.192852 0.653907 2
0.186667 0.140445 0.657047 2
0.111537 0.172269 0.647477 2
0.128293 0.192733 0.649530 2
0.140262 0.133219 0.650700 2
0.117560 0.122239 0.648490 2
0.118697 0.170152 0.648311 2
0.180448 0.170982 0.655983 2
0.261705 0.192128 0.876645 2
0.171746 0.130433 0.654386 2
0.166346 0.099569 0.661071 2
0.173003 0.167098 0.654674 2
0.207010 0.116016 0.840751 2
0.148847 0.161791 0.652319 2
0.157168 0.128913 0.652670 2
0.107941 0.138281 0.646923 2
0.119869 0.138581 0.648327 2
0.178173 0.110983 0.665160 2
0.109137 0.146488 0.647095 2
0.176700 0.122330 0.655245 2
0.121043 0.110518 0.648352 2
0.155943 0.115928 0.652471 2
0.119874 0.144433 0.648350 2
0.144028 0.175772 0.651807 2
0.104364 0.125353 0.646452 2
0.137897 0.183666 0.650617 2
0.111522 0.151227 0.647394 2
0.174198 0.144673 0.654727 2
0.209908 0.113027 0.852524 2
0.118726 0.104690 0.648470 2
0.128180 0.093277 0.667238 2
0.150023 0.125313 0.652315 2
0.090227 0.163573 0.645424 2
0.172990 0.155278 0.654627 2
0.131824 0.108389 0.649609 2
0.162111 0.107877 0.653610 2
0.171767 0.150517 0.654465 2
0.164571 0.123281 0.654015 2
0.171758 0.142247 0.654432 2
0.130643 0.128299 0.649561 2
0.082627 0.151582 0.659092 2
0.124781 0.175162 0.649544 2
0.170417 0.101054 0.662990 2
0.132811 0.095033 0.654471 2
0.136790 0.169666 0.650933 2
0.160926 0.123200 0.653587 2
0.102324 0.111788 0.655800 2
0.189879 0.132737 0.659972 2
0.191260 0.162660 0.660630 2
0.150111 0.090067 0.679338 2
0.153438 0.096565 0.656858 2
0.159644 0.182029 0.653164 2
0.141456 0.121500 0.650795 2
0.157335 0.173835 0.653363 2
0.105581 0.169747 0.646768 2
0.114004 0.160774 0.648222 2
0.147542 0.183986 0.651750 2
0.152384 0.191215 0.652347 2
0.141522 0.194372 0.651096 2
0.135588 0.171979 0.650801 2
0.263278 0.190541 0.876618 2
0.171779 0.117471 0.654512 2
0.170563 0.163481 0.654374 2
0.159577 0.114825 0.652893 2
0.166926 0.176363 0.653998 2
0.169894 0.190020 0.656349 2
0.165635 0.101518 0.658244 2
0.085244 0.138154 0.651833 2
0.128338 0.122478 0.649756 2
0.138577 0.202263 0.653825 2
0.171563 0.106262 0.658210 2
0.181100 0.118160 0.658351 2
0.107959 0.166315 0.647034 2
0.179149 0.125937 0.655559 2
0.151245 0.138298 0.652509 2
0.143875 0.129781 0.651115 2
0.141572 0.127474 0.651330 2
0.098431 0.131047 0.645779 2
0.113988 0.138539 0.648134 2
0.134229 0.111955 0.649905 2
0.102020 0.177807 0.646380 2
0.133330 0.199115 0.651243 2
0.188306 0.133656 0.658634 2
0.135551 0.127335 0.650623 2
0.206664 0.112936 0.851830 2
0.104383 0.154533 0.646568 2
0.160789 0.113671 0.653031 2
0.123486 0.103588 0.648896 2
0.183629 0.120637 0.658906 2
0.123480 0.163274 0.648863 2
0.170525 0.126861 0.654229 2
0.085332 0.163014 0.652507 2
0.170518 0.120956 0.654203 2
0.175401 0.129336 0.654809 2
0.111522 0.112690 0.647393 2
0.090154 0.154134 0.644901 2
0.154768 0.151237 0.652476 2
0.106774 0.174456 0.646926 2
0.168645 0.107104 0.656097 2
0.109154 0.172194 0.647197 2
0.150022 0.124136 0.652310 2
0.134214 0.091765 0.692150 2
0.129550 0.137757 0.649959 2
0.131957 0.143687 0.650264 2
0.144010 0.155766 0.651727 2
0.130220 0.202106 0.653317 2
0.176641 0.148284 0.655028 2
0.115175 0.128037 0.648232 2
0.139197 0.168564 0.651212 2
0.160960 0.157422 0.653725 2
0.180692 0.121449 0.656871 2
0.123741 0.197633 0.650235 2
0.163393 0.161034 0.654025 2
0.132376 0.097075 0.652327 2
0.164503 0.184550 0.653746 2
0.165668 0.135010 0.653689 2
0.185298 0.149777 0.656395 2
0.123442 0.118762 0.648667 2
0.089014 0.156502 0.645071 2
0.118701 0.176005 0.648334 2
0.141529 0.168542 0.651128 2
0.109150 0.166351 0.647174 2
0.137972 0.143843 0.650971 2
0.176823 0.178006 0.655703 2
0.098442 0.149702 0.645852 2
0.149886 0.106390 0.651721 2
0.168122 0.156324 0.654061 2
0.181524 0.142499 0.655593 2
0.106744 0.127743 0.646742 2
0.099621 0.138072 0.645946 2
0.178176 0.118981 0.656330 2
0.152442 0.124190 0.652594 2
0.146264 0.106321 0.651296 2
0.103187 0.143996 0.646387 2
0.118673 0.136211 0.648179 2
0.137983 0.156772 0.651023 2
0.252224 0.160506 0.876667 2
0.147486 0.121632 0.651504 2
0.152316 0.118206 0.652056 2
0.114226 0.098677 0.663090 2
0.156282 0.102026 0.653887 2
0.169348 0.165808 0.654242 2
0.112793 0.136170 0.647984 2
0.181964 0.174851 0.657182 2
0.158543 0.167973 0.653482 2
0.140251 0.120299 0.650648 2
0.091416 0.167112 0.645601 2
0.157289 0.125477 0.653169 2
0.107940 0.137113 0.646919 2
0.131893 0.191684 0.649946 2
0.158659 0.194048 0.653962 2
0.121052 0.121052 0.648395 2
0.121070 0.144465 0.648492 2
0.103504 0.110601 0.655780 2
0.159642 0.179671 0.653156 2
0.170523 0.124500 0.654223 2
0.147632 0.154690 0.652149 2
0.112698 0.123209 0.647439 2
0.086816 0.142751 0.646031 2
0.145483 0.098363 0.653063 2
0.130754 0.141308 0.650114 2
0.152413 0.161828 0.652471 2
0.119811 0.097383 0.654397 2
0.089040 0.158875 0.645256 2
0.110377 0.110377 0.647527 2
0.133180 0.169555 0.650509 2
0.117582 0.152681 0.648611 2
0.165710 0.176325 0.653856 2
0.107941 0.139449 0.646928 2
0.111562 0.188663 0.647625 2
0.110311 0.123152 0.647140 2
0.154909 0.172580 0.653073 2
0.126771 0.096110 0.653762 2
0.164596 0.148077 0.654115 2
0.189853 0.164857 0.659883 2
0.136764 0.139112 0.650811 2
0.097374 0.119530 0.646493 2
0.122903 0.098205 0.652011 2
0.137882 0.164872 0.650547 2
0.152474 0.158361 0.652732 2
0.140405 0.170953 0.651363 2
0.135462 0.149536 0.650198 2
0.244335 0.147866 0.876733 2
0.140304 0.159089 0.650895 2
0.104388 0.163872 0.646605 2
0.180301 0.146015 0.655449 2
0.143866 0.121553 0.651078 2
0.184199 0.132078 0.656698 2
0.164541 0.186952 0.653899 2
0.097253 0.145006 0.645695 2
0.181542 0.156706 0.655659 2
0.153559 0.153559 0.652342 2
0.097255 0.148504 0.645709 2
0.097473 0.180354 0.647154 2
0.193203 0.164491 0.663209 2
0.164572 0.124461 0.654020 2
0.099642 0.171896 0.646078 2
0.180310 0.154298 0.655482 2
0.101994 0.134631 0.646211 2
0.096849 0.114458 0.650805 2
0.116386 0.151477 0.648466 2
0.146338 0.188653 0.651626 2
0.166293 0.096852 0.675385 2
0.130939 0.199051 0.651035 2
0.188264 0.176311 0.662669 2
0.109147 0.162846 0.647160 2
0.091333 0.147179 0.645009 2
0.169305 0.123292 0.654076 2
0.181820 0.172344 0.656664 2
0.092656 0.126455 0.646124 2
0.102001 0.146298 0.646257 2
0.171740 0.124527 0.654364 2
0.103206 0.174342 0.646505 2
0.135587 0.170804 0.650796 2
0.157217 0.179592 0.652871 2
0.137879 0.157827 0.650532 2
0.107967 0.177999 0.647080 2
0.100805 0.119451 0.646063 2
0.181886 0.173591 0.656901 2
0.158415 0.165482 0.652956 2
0.124671 0.103600 0.648970 2
0.187972 0.145278 0.657467 2
0.153653 0.125395 0.652741 2
0.085469 0.166812 0.653553 2
0.087866 0.151875 0.645187 2
0.169504 0.111624 0.654843 2
0.166915 0.098713 0.663332 2
0.103203 0.168506 0.646484 2
0.148825 0.137060 0.652220 2
0.158791 0.195390 0.654507 2
0.129580 0.175314 0.650109 2
0.096731 0.110974 0.657987 2
0.155948 0.119462 0.652488 2
0.165806 0.142204 0.654235 2
0.143874 0.128606 0.651112 2
0.125885 0.178581 0.649195 2
0.149895 0.115802 0.651760 2
0.190810 0.146823 0.659077 2
0.125838 0.119985 0.648953 2
0.226983 0.127332 0.876903 2
0.140277 0.150841 0.650769 2
0.141989 0.200905 0.653245 2
0.136665 0.149569 0.650339 2
0.154783 0.105347 0.652542 2
0.091333 0.148344 0.645013 2
0.096076 0.158962 0.645609 2
0.170526 0.128042 0.654233 2
0.124743 0.125915 0.649348 2
0.118854 0.194967 0.649167 2
0.112802 0.149039 0.648035 2
0.101837 0.105410 0.660311 2
0.096431 0.117471 0.647999 2
0.159741 0.152668 0.653563 2
0.182317 0.119367 0.658458 2
0.171739 0.123345 0.654357 2
0.169433 0.112758 0.654569 2
0.090422 0.169760 0.646817 2
0.174236 0.175417 0.654872 2
0.112738 0.186340 0.647671 2
0.158548 0.173873 0.653506 2
0.082662 0.142131 0.659370 2
0.175441 0.167171 0.654960 2
0.169306 0.125652 0.654080 2
0.151134 0.147606 0.652033 2
0.133068 0.161206 0.649962 2
0.149913 0.134628 0.651838 2
0.142685 0.149732 0.651048 2
0.114008 0.166627 0.648245 2
0.194136 0.109986 0.818446 2
0.189645 0.136140 0.659161 2
0.100798 0.120607 0.646016 2
0.141801 0.199462 0.652381 2
0.110350 0.179245 0.647365 2
0.125939 0.122425 0.649475 2
0.157195 0.156018 0.652781 2
0.141497 0.167330 0.650981 2
0.114012 0.172479 0.648269 2
0.185733 0.109439 0.693381 2
0.153641 0.202284 0.657728 2
0.167019 0.110362 0.654363 2
0.110339 0.162881 0.647300 2
0.160799 0.121924 0.653070 2
0.124728 0.102476 0.649268 2
0.113931 0.185210 0.647807 2
0.151098 0.106415 0.651876 2
0.111514 0.139539 0.647348 2
0.131829 0.114252 0.649633 2
0.105612 0.180298 0.646953 2
0.116313 0.177099 0.648058 2
0.105909 0.189926 0.656024 2
0.139071 0.149634 0.650621 2
0.125968 0.159950 0.649624 2
0.133090 0.188202 0.650068 2
0.127177 0.171718 0.649812 2
0.184015 0.150881 0.656044 2
0.181523 0.140133 0.655589 2
0.184107 0.161612 0.656371 2
0.182798 0.136655 0.655921 2
0.174194 0.141127 0.654715 2
0.152328 0.131155 0.652109 2
0.175435 0.161258 0.654937 2
0.102012 0.164969 0.646331 2
0.155939 0.111217 0.652451 2
0.165671 0.112609 0.653701 2
0.159737 0.147948 0.653544 2
0.085796 0.142993 0.647126 2
0.171166 0.108385 0.656687 2
0.105573 0.156901 0.646717 2
0.143921 0.183866 0.651325 2
0.129576 0.170619 0.650090 2
0.135501 0.194160 0.650385 2
0.173116 0.102432 0.664171 2
0.239601 0.139965 0.876771 2
0.188375 0.132516 0.658877 2
0.117457 0.109276 0.647924 2
0.093152 0.120101 0.649580 2
0.107928 0.119596 0.646849 2
0.122262 0.138642 0.648612 2
0.096536 0.113119 0.656660 2
0.194246 0.157190 0.662688 2
0.112788 0.129151 0.647956 2
0.139202 0.174443 0.651235 2
0.096060 0.132156 0.645505 2
0.162159 0.142110 0.653806 2
0.148753 0.187558 0.651905 2
0.144001 0.145176 0.651685 2
0.155094 0.196374 0.653853 2
0.096407 0.180544 0.647836 2
0.195385 0.110044 0.830022 2
0.155981 0.153626 0.652627 2
0.183369 0.122839 0.657971 2
0.127407 0.092385 0.669498 2
0.118783 0.159742 0.648779 2
0.192449 0.155508 0.660621 2
0.091337 0.155331 0.645040 2
0.096080 0.165957 0.645638 2
0.152460 0.144219 0.652675 2
0.096077 0.161293 0.645618 2
0.154748 0.131212 0.652393 2
0.130682 0.178736 0.649758 2
0.145083 0.133335 0.651266 2
0.147472 0.107520 0.651442 2
0.119892 0.170189 0.648451 2
0.168118 0.152781 0.654046 2
0.154046 0.099746 0.654410 2
0.136678 0.163661 0.650400 2
0.117505 0.174797 0.648189 2
0.181900 0.116297 0.661260 2
0.116388 0.153819 0.648475 2
0.184126 0.114554 0.664992 2
0.131833 0.118943 0.649654 2
0.165788 0.124488 0.654163 2
0.136672 0.158962 0.650376 2
0.101999 0.142798 0.646243 2
0.115595 0.196571 0.650599 2
0.174202 0.148219 0.654742 2
0.148732 0.164017 0.651816 2
0.086002 0.160888 0.648681 2
0.145853 0.096251 0.654725 2
0.160930 0.126739 0.653601 2
0.159650 0.187928 0.653190 2
0.141453 0.117975 0.650780 2
0.164449 0.131441 0.653533 2
0.164622 0.174063 0.654220 2
0.104385 0.158035 0.646582 2
0.111504 0.124347 0.647286 2
0.139198 0.169740 0.651217 2
0.149986 0.193511 0.652154 2
0.094880 0.140283 0.645398 2
0.142730 0.101615 0.651253 2
0.097255 0.147338 0.645704 2
0.124676 0.165650 0.648998 2
0.125846 0.130529 0.648994 2
0.087861 0.148375 0.645148 2
0.143632 0.095164 0.655368 2
0.166902 0.152748 0.653904 2
0.124780 0.173989 0.649540 2
0.131953 0.138991 0.650246 2
0.098433 0.134544 0.645793 2
0.170568 0.168207 0.654393 2
0.192935 0.135592 0.662289 2
0.111529 0.160578 0.647431 2
0.177017 0.180569 0.656422 2
0.128364 0.155326 0.649888 2
0.087128 0.133908 0.648352 2
0.137901 0.189541 0.650638 2
0.145144 0.194505 0.651543 2
0.139099 0.181356 0.650750 2
0.186936 0.120045 0.662200 2
0.128272 0.166929 0.649423 2
0.121100 0.186622 0.648654 2
0.130668 0.162310 0.649688 2
0.116370 0.129235 0.648377 2
0.135472 0.161276 0.650247 2
0.123498 0.192563 0.648960 2
0.149944 0.166409 0.651973 2
0.104377 0.145194 0.646531 2
0.143984 0.126353 0.651609 2
0.110343 0.168725 0.647323 2
0.119852 0.115175 0.648231 2
0.142669 0.129753 0.650973 2
0.122239 0.110542 0.648492 2
0.127059 0.149309 0.649212 2
0.185661 0.129903 0.657681 2
0.105564 0.142891 0.646662 2
0.130623 0.107193 0.649463 2
0.108163 0.181830 0.648254 2
0.133065 0.157685 0.649947 2
0.146319 0.166298 0.651540 2
0.182198 0.177450 0.658028 2
0.118704 0.147942 0.648351 2
0.134419 0.197813 0.650824 2
0.145199 0.135794 0.651789 2
0.137867 0.148427 0.650476 2
0.163630 0.096004 0.669474 2
0.155991 0.164232 0.652669 2
0.158363 0.112444 0.652741 2
0.128286 0.184520 0.649491 2
0.178072 0.176889 0.655946 2
0.166917 0.166917 0.653962 2
0.112738 0.185170 0.647667 2
0.152964 0.098629 0.654830 2
0.141610 0.170990 0.651505 2
0.119850 0.112834 0.648221 2
0.129523 0.101392 0.649824 2
0.137878 0.161347 0.650530 2
0.130780 0.174178 0.650245 2
0.142653 0.113301 0.650900 2
0.168168 0.112702 0.654240 2
0.160895 0.189184 0.653460 2
0.165651 0.118490 0.653622 2
0.169346 0.163445 0.654232 2
0.109392 0.191290 0.648612 2
0.139171 0.137997 0.651090 2
0.148767 0.193456 0.651966 2
0.120278 0.197724 0.650534 2
0.154885 0.146640 0.652969 2
0.165802 0.138660 0.654220 2
0.127030 0.112981 0.649064 2
0.194003 0.146248 0.661858 2
0.107931 0.124267 0.646866 2
0.139170 0.196717 0.651085 2
0.097242 0.126356 0.645620 2
0.153554 0.148848 0.652321 2
0.127091 0.190344 0.649376 2
0.156370 0.196495 0.654256 2
0.122255 0.131615 0.648576 2
0.166373 0.094629 0.685757 2
0.133177 0.166032 0.650495 2
0.185612 0.166635 0.657507 2
0.156012 0.187803 0.652758 2
0.152329 0.132332 0.652113 2
0.091535 0.170826 0.646437 2
0.098748 0.182889 0.647863 2
0.092518 0.150705 0.645161 2
0.150039 0.142979 0.652386 2
0.129826 0.204521 0.657291 2
0.181613 0.166232 0.655917 2
0.147474 0.109871 0.651452 2
0.122287 0.173777 0.648747 2
0.127033 0.115325 0.649076 2
0.160946 0.143260 0.653668 2
0.100814 0.147433 0.646122 2
0.255380 0.166827 0.876645 2
0.086007 0.137494 0.648716 2
0.105654 0.117329 0.647213 2
0.145206 0.142854 0.651817 2
0.171764 0.148154 0.654455 2
0.174182 0.123403 0.654666 2
0.115195 0.157297 0.648349 2
0.184806 0.123006 0.658863 2
0.145082 0.132160 0.651262 2
0.182886 0.165130 0.656238 2
0.123505 0.094866 0.661538 2
0.139107 0.191933 0.650791 2
0.194141 0.142768 0.662329 2
0.169332 0.150452 0.654179 2
0.150639 0.097472 0.654994 2
0.139057 0.130842 0.650553 2
0.163234 0.130233 0.653385 2
0.138526 0.096084 0.653589 2
0.174263 0.118735 0.654973 2
0.091339 0.158825 0.645055 2
0.158369 0.118335 0.652767 2
0.169989 0.107206 0.656717 2
0.160770 0.099072 0.657771 2
0.190243 0.129413 0.661239 2
0.091336 0.153002 0.645031 2
0.147538 0.179279 0.651733 2
0.137852 0.128466 0.650406 2
0.160135 0.094376 0.675105 2
0.166865 0.117336 0.653758 2
0.116400 0.104701 0.648542 2
0.131884 0.182293 0.649906 2
0.137980 0.153246 0.651009 2
0.142672 0.134452 0.650988 2
0.096066 0.142644 0.645546 2
0.111509 0.131359 0.647315 2
0.158517 0.142017 0.653378 2
0.157150 0.111241 0.652594 2
0.110370 0.109202 0.647485 2
0.110398 0.182829 0.647650 2
0.125978 0.101368 0.649672 2
0.100801 0.126438 0.646038 2
0.137839 0.115550 0.650344 2
0.171245 0.100344 0.666212 2
0.136691 0.181277 0.650467 2
0.153682 0.103043 0.652863 2
0.130633 0.118917 0.649513 2
0.086956 0.137146 0.647074 2
0.174209 0.155312 0.654770 2
0.097261 0.157830 0.645744 2
0.176629 0.125826 0.654984 2
0.092827 0.180332 0.655561 2
0.176997 0.186597 0.665247 2
0.117463 0.116294 0.647955 2
0.147480 0.115751 0.651476 2
0.165649 0.117310 0.653616 2
0.117514 0.187672 0.648238 2
0.170573 0.172934 0.654413 2
0.164573 0.125642 0.654025 2
0.129553 0.141277 0.649973 2
0.103179 0.129993 0.646332 2
0.168093 0.127986 0.653948 2
0.096617 0.112028 0.657211 2
0.112701 0.109197 0.647456 2
0.090591 0.172415 0.648027 2
0.105884 0.185149 0.655869 2
0.145131 0.188612 0.651484 2
0.121043 0.109348 0.648347 2
0.168117 0.151600 0.654041 2
0.151102 0.113473 0.651892 2
0.130630 0.115400 0.649498 2
0.166866 0.118516 0.653764 2
0.123546 0.127059 0.649211 2
0.082649 0.143298 0.659270 2
0.177032 0.105019 0.665380 2
0.118674 0.138550 0.648185 2
0.158521 0.145556 0.653392 2
0.166882 0.132680 0.653826 2
0.100809 0.139268 0.646090 2
0.156079 0.127808 0.653036 2
0.147650 0.174710 0.652229 2
0.153563 0.157093 0.652358 2
0.087744 0.128965 0.652934 2
0.182859 0.163922 0.656142 2
0.136766 0.141462 0.650821 2
0.163404 0.171663 0.654067 2
0.182778 0.155568 0.655851 2
0.140288 0.163767 0.650823 2
0.112800 0.146699 0.648026 2
0.131944 0.127252 0.650199 2
0.130624 0.108365 0.649468 2
0.116964 0.096570 0.665052 2
0.147623 0.145271 0.652111 2
0.180896 0.115990 0.666349 2
0.153895 0.100828 0.653769 2
0.098443 0.150868 0.645857 2
0.142224 0.091815 0.665371 2
0.121309 0.101384 0.649775 2
0.116935 0.198025 0.651524 2
0.099720 0.117215 0.646584 2
0.182845 0.133140 0.656092 2
0.092517 0.148376 0.645152 2
0.082638 0.152791 0.659179 2
0.148624 0.095332 0.656529 2
0.161508 0.095464 0.665705 2
0.130751 0.137787 0.650100 2
0.139074 0.151984 0.650634 2
0.140387 0.100444 0.651279 2
0.108289 0.191409 0.649013 2
0.164615 0.166975 0.654191 2
0.100824 0.163766 0.646186 2
0.162153 0.136209 0.653782 2
0.189126 0.125885 0.661502 2
0.114400 0.098989 0.657216 2
0.181708 0.169870 0.656258 2
0.164729 0.190708 0.654644 2
0.160825 0.108984 0.653178 2
0.135564 0.143780 0.650688 2
0.117579 0.147997 0.648592 2
0.179079 0.144800 0.655301 2
0.184017 0.146149 0.656051 2
0.147625 0.195853 0.652118 2
0.133045 0.131873 0.649851 2
0.117830 0.196383 0.649978 2
0.094894 0.164755 0.645495 2
0.174692 0.098847 0.689297 2
0.152377 0.184147 0.652319 2
0.102846 0.106412 0.659142 2
0.145136 0.193319 0.651505 2
0.133153 0.136673 0.650378 2
0.143936 0.194461 0.651394 2
0.149961 0.187599 0.652047 2
0.158368 0.117157 0.652761 2
0.176652 0.158928 0.655071 2
0.181082 0.108890 0.667035 2
0.113990 0.140880 0.648143 2
0.171472 0.102166 0.662447 2
0.172962 0.128098 0.654518 2
0.087922 0.157793 0.645593 2
0.121092 0.174910 0.648611 2
0.119903 0.185411 0.648509 2
0.101993 0.133465 0.646206 2
0.139185 0.154455 0.651155 2
0.127819 0.092903 0.691324 2
0.177856 0.143585 0.655153 2
0.128737 0.092314 0.696290 2
0.166925 0.175182 0.653994 2
0.117116 0.095495 0.665921 2
0.119541 0.098342 0.652923 2
0.158545 0.170333 0.653491 2
0.125954 0.141185 0.649549 2
0.159732 0.143228 0.653525 2
0.166884 0.135041 0.653836 2
0.170564 0.164662 0.654379 2
0.151179 0.192356 0.652224 2
0.113085 0.098725 0.663413 2
0.129485 0.184560 0.649632 2
0.175412 0.139975 0.654852 2
0.100081 0.187726 0.656607 2
0.119954 0.125805 0.648785 2
0.165835 0.170556 0.654348 2
0.134832 0.089685 0.676458 2
0.155029 0.101977 0.653577 2
0.151108 0.119358 0.651920 2
0.183966 0.118476 0.660112 2
0.102010 0.161468 0.646317 2
0.113996 0.150241 0.648180 2
0.166920 0.170459 0.653977 2
0.180992 0.111241 0.666702 2
0.160939 0.136179 0.653639 2
0.139170 0.136821 0.651085 2
0.130775 0.167133 0.650217 2
0.154973 0.195042 0.653340 2
0.154738 0.120614 0.652352 2
0.090187 0.136735 0.645136 2
0.123544 0.124715 0.649202 2
0.110314 0.126657 0.647157 2
0.162549 0.194468 0.655377 2
0.175408 0.136429 0.654838 2
0.171773 0.156426 0.654488 2
0.112818 0.191148 0.648130 2
0.129482 0.178697 0.649617 2
0.125828 0.107100 0.648899 2
0.118759 0.126949 0.648649 2
0.116319 0.186461 0.648092 2
0.137898 0.186016 0.650625 2
0.177846 0.134123 0.655114 2
0.190863 0.126245 0.663392 2
0.159722 0.094628 0.668280 2
0.180064 0.116653 0.663283 2
0.144259 0.098332 0.652854 2
0.130766 0.156568 0.650175 2
0.155949 0.120640 0.652494 2
0.086101 0.136473 0.649427 2
0.161413 0.195705 0.655563 2
0.130764 0.154220 0.650165 2
0.171897 0.182530 0.654961 2
0.097262 0.160162 0.645753 2
0.092909 0.181676 0.656145 2
0.122300 0.191350 0.648815 2
0.171784 0.167062 0.654531 2
0.177843 0.131758 0.655104 2
0.124768 0.157570 0.649474 2
0.151908 0.097528 0.655370 2
0.186878 0.133484 0.657790 2
0.113986 0.135029 0.648120 2
0.100799 0.122939 0.646023 2
0.105560 0.137053 0.646639 2
0.162107 0.096307 0.663242 2
0.151483 0.090154 0.679995 2
0.129434 0.120063 0.649376 2
0.113930 0.182872 0.647801 2
0.106756 0.146425 0.646816 2
0.115124 0.185250 0.647947 2
0.110310 0.119648 0.647130 2
0.086798 0.154373 0.645898 2
0.087966 0.160202 0.645915 2
0.172972 0.137551 0.654557 2
0.192367 0.153060 0.660339 2
0.086552 0.166628 0.652832 2
0.130225 0.096048 0.653342 2
0.117591 0.165564 0.648662 2
0.085741 0.146402 0.646713 2
0.138761 0.092309 0.660317 2
0.109749 0.186046 0.650729 2
0.112817 0.171272 0.648124 2
0.158498 0.191494 0.653298 2
0.129510 0.195144 0.649757 2
0.144715 0.089760 0.677025 2
0.152445 0.127724 0.652609 2
0.115312 0.098755 0.655664 2
0.189459 0.140758 0.658513 2
0.121096 0.178427 0.648634 2
0.187887 0.123468 0.661340 2
0.136632 0.110830 0.650183 2
0.118786 0.164428 0.648798 2
0.170532 0.133947 0.654257 2
0.096160 0.121803 0.646177 2
0.184940 0.115513 0.663608 2
0.125991 0.196312 0.649743 2
0.122294 0.181977 0.648779 2
0.086789 0.153192 0.645832 2
0.144730 0.091882 0.665856 2
0.111530 0.161747 0.647436 2
0.098441 0.148536 0.645848 2
0.088407 0.129390 0.649157 2
0.101192 0.187590 0.656131 2
0.123460 0.139844 0.648760 2
0.094099 0.115404 0.656184 2
0.096673 0.115421 0.649620 2
0.091383 0.132126 0.645362 2
0.130825 0.197704 0.650467 2
0.127045 0.130558 0.649141 2
0.167100 0.109235 0.654679 2
0.139039 0.112052 0.650471 2
0.096095 0.172972 0.645741 2
0.139536 0.200767 0.652795 2
0.133179 0.092569 0.662174 2
0.168098 0.132709 0.653967 2
0.203344 0.111953 0.844420 2
0.100830 0.174267 0.646226 2
0.171737 0.122163 0.654351 2
0.185307 0.152153 0.656429 2
0.093710 0.164720 0.645357 2
0.098436 0.140374 0.645816 2
0.102012 0.163802 0.646326 2
0.118713 0.191228 0.648399 2
0.176776 0.176776 0.655528 2
0.139087 0.166082 0.650694 2
0.127047 0.132901 0.649147 2
0.146088 0.202867 0.655779 2
0.175415 0.142340 0.654862 2
0.128271 0.165757 0.649419 2
0.135895 0.200607 0.652276 2
0.090223 0.134461 0.645393 2
0.180329 0.163774 0.655549 2
0.122292 0.177295 0.648773 2
0.260143 0.204794 0.876711 2
0.160965 0.162144 0.653744 2
0.164605 0.157526 0.654153 2
0.104361 0.121852 0.646436 2
0.146409 0.138177 0.651940 2
0.086776 0.147345 0.645736 2
0.162100 0.188036 0.653568 2
0.090529 0.126740 0.647582 2
0.158826 0.102145 0.654651 2
0.179984 0.190819 0.667426 2
0.129492 0.191601 0.649665 2
0.180672 0.175933 0.656798 2
0.165656 0.120852 0.653641 2
0.086798 0.143886 0.645893 2
0.182268 0.187080 0.666971 2
0.148860 0.175926 0.652376 2
0.180295 0.140098 0.655425 2
0.142696 0.161487 0.651094 2
0.103195 0.156834 0.646438 2
0.097268 0.169491 0.645792 2
0.194669 0.161126 0.664131 2
0.100821 0.159099 0.646168 2
0.192634 0.138959 0.661258 2
0.113185 0.195287 0.650234 2
0.110343 0.169894 0.647328 2
0.142898 0.198176 0.652019 2
0.113929 0.181701 0.647795 2
0.111752 0.099799 0.662600 2
0.104367 0.130021 0.646472 2
0.107963 0.184658 0.654127 2
0.170570 0.170570 0.654403 2
0.177852 0.140037 0.655138 2
0.137853 0.102656 0.650410 2
0.140261 0.132045 0.650697 2
0.167220 0.189674 0.655153 2
0.140381 0.196768 0.651254 2
0.147616 0.137030 0.652078 2
0.260145 0.206376 0.876716 2
0.115196 0.158468 0.648353 2
0.118756 0.123436 0.648635 2
0.170739 0.184918 0.655049 2
0.138062 0.099287 0.651399 2
0.088064 0.134720 0.646636 2
0.152373 0.179436 0.652301 2
0.169353 0.170533 0.654261 2
0.190862 0.143295 0.659255 2
0.145560 0.093277 0.658743 2
0.192705 0.137817 0.661502 2
0.097699 0.115250 0.648655 2
0.092523 0.160024 0.645198 2
0.119983 0.164464 0.648939 2
0.090150 0.148312 0.644874 2
0.135424 0.104939 0.650017 2
0.145123 0.176850 0.651446 2
0.125951 0.137667 0.649535 2
0.204699 0.114057 0.837501 2
0.159716 0.126712 0.653459 2
0.157331 0.169116 0.653344 2
0.188102 0.138258 0.657921 2
0.134234 0.117821 0.649932 2
0.184596 0.113644 0.666689 2
0.117506 0.175967 0.648194 2
0.086780 0.146187 0.645765 2
0.115120 0.178231 0.647922 2
0.152374 0.180613 0.652306 2
0.177869 0.155414 0.655200 2
0.176978 0.102461 0.688517 2
0.146302 0.146302 0.651463 2
0.151279 0.174824 0.652655 2
0.131867 0.159998 0.649819 2
0.156006 0.180732 0.652733 2
0.117466 0.120973 0.647974 2
0.150025 0.127668 0.652324 2
0.119958 0.130490 0.648804 2
0.160810 0.133713 0.653114 2
0.174203 0.149401 0.654746 2
0.093695 0.137923 0.645250 2
0.102325 0.112971 0.655805 2
0.189584 0.137285 0.658946 2
0.190798 0.149191 0.659034 2
0.162163 0.145652 0.653820 2
0.157192 0.153659 0.652767 2
0.139172 0.139172 0.651094 2
0.131888 0.186987 0.649922 2
0.107960 0.167484 0.647038 2
0.162268 0.191771 0.654243 2
0.150567 0.200165 0.654679 2
0.180782 0.120324 0.657195 2
0.125062 0.199043 0.651008 2
0.148721 0.151072 0.651764 2
0.143031 0.199537 0.652623 2
0.108485 0.188236 0.650185 2
0.195920 0.145592 0.664309 2
0.193064 0.134487 0.662733 2
0.195334 0.164080 0.666397 2
0.136697 0.188325 0.650492 2
0.147496 0.132217 0.651545 2
0.156009 0.184267 0.652745 2
0.158522 0.146736 0.653397 2
0.169468 0.100004 0.663957 2
0.118708 0.186542 0.648373 2
0.103201 0.165004 0.646470 2
0.112790 0.131491 0.647965 2
0.106758 0.149928 0.646829 2
0.166880 0.131499 0.653820 2
0.159763 0.175091 0.653653 2
0.157216 0.178413 0.652866 2
0.117482 0.143200 0.648061 2
0.174199 0.145855 0.654732 2
0.181551 0.134241 0.655692 2
0.124426 0.094659 0.660090 2
0.124674 0.162135 0.648988 2
0.139984 0.091504 0.671900 2
0.190617 0.127277 0.662536 2
0.087724 0.168972 0.652790 2
0.177849 0.136488 0.655124 2
0.093846 0.124157 0.646295 2
0.139055 0.102678 0.650545 2
0.129718 0.099196 0.650802 2
0.128224 0.107146 0.649181 2
0.099632 0.155566 0.646015 2
0.130685 0.184600 0.649773 2
0.183522 0.111317 0.667156 2
0.125887 0.183268 0.649205 2
0.180852 0.116390 0.661790 2
0.154770 0.153593 0.652484 2
0.139046 0.119098 0.650502 2
0.171757 0.139884 0.654425 2
0.170715 0.112826 0.654960 2
0.112733 0.178153 0.647641 2
0.189353 0.150176 0.658144 2
0.170547 0.148122 0.654312 2
0.166956 0.184654 0.654115 2
0.170539 0.139854 0.654283 2
0.170532 0.117425 0.654257 2
0.090161 0.156472 0.644948 2
0.130753 0.140134 0.650109 2
0.139177 0.145050 0.651118 2
0.184487 0.171436 0.657725 2
0.137838 0.114376 0.650339 2
0.127073 0.166893 0.649282 2
0.175432 0.158893 0.654927 2
0.165662 0.129110 0.653666 2
0.097269 0.170657 0.645797 2
0.123567 0.154019 0.649319 2
0.159760 0.171550 0.653639 2
0.175426 0.152981 0.654904 2
0.142722 0.192058 0.651214 2
0.130625 0.109537 0.649473 2
0.094875 0.132127 0.645366 2
0.090152 0.151805 0.644888 2
0.133094 0.191725 0.650087 2
0.098495 0.119476 0.646201 2
0.147484 0.119280 0.651494 2
0.148353 0.096341 0.655335 2
0.148693 0.120482 0.651641 2
0.119956 0.193686 0.648798 2
0.188037 0.140583 0.657695 2
0.179792 0.110040 0.666715 2
0.154728 0.111193 0.652309 2
0.156004 0.178374 0.652724 2
0.110344 0.171063 0.647332 2
0.104390 0.166207 0.646614 2
0.117565 0.129263 0.648518 2
0.109136 0.145320 0.647091 2
0.148950 0.197226 0.652768 2
0.144012 0.158119 0.651737 2
0.116266 0.111592 0.647795 2
0.128287 0.186866 0.649499 2
0.097837 0.186781 0.657447 2
0.131858 0.149439 0.649774 2
0.158938 0.201797 0.660017 2
0.110567 0.099809 0.662664 2
0.145216 0.154623 0.651864 2
0.135548 0.196573 0.650609 2
0.121175 0.158640 0.649056 2
0.176891 0.179258 0.655957 2
0.170542 0.143397 0.654293 2
0.112688 0.112688 0.647379 2
0.087054 0.134963 0.647801 2
0.128363 0.154153 0.649883 2
0.111517 0.143045 0.647362 2
0.151265 0.160683 0.652599 2
0.264863 0.200031 0.876628 2
0.133149 0.196497 0.650355 2
0.180895 0.119213 0.657608 2
0.105572 0.154566 0.646708 2
0.165663 0.130290 0.653671 2
0.184751 0.112536 0.667249 2
0.163282 0.178608 0.653579 2
0.093750 0.170614 0.645635 2
0.189994 0.131626 0.660373 2
0.107932 0.125434 0.646872 2
0.163505 0.099292 0.659232 2
0.174219 0.164770 0.654808 2
0.180321 0.161403 0.655522 2
0.121088 0.169055 0.648588 2
0.106754 0.142922 0.646802 2
0.122289 0.093373 0.667928 2
0.170530 0.131585 0.654247 2
0.161094 0.098083 0.659098 2
0.111499 0.117337 0.647258 2
0.147526 0.165158 0.651679 2
0.115185 0.142081 0.648288 2
0.100815 0.149766 0.646131 2
0.094891 0.158928 0.645470 2
0.113882 0.115050 0.647529 2
0.159647 0.185567 0.653177 2
0.109143 0.155835 0.647132 2
0.120131 0.196312 0.649742 2
0.146264 0.105146 0.651295 2
0.154603 0.093243 0.666996 2
0.180299 0.134190 0.655441 2
0.160788 0.112493 0.653026 2
0.154892 0.193762 0.652999 2
0.110321 0.137172 0.647198 2
0.192352 0.151857 0.660289 2
0.152458 0.141863 0.652665 2
0.095117 0.120793 0.647011 2
0.136679 0.164836 0.650407 2
0.176914 0.113345 0.664935 2
0.143196 0.097232 0.653379 2
0.155990 0.161876 0.652665 2
0.182759 0.144906 0.655783 2
0.109472 0.105960 0.649086 2
0.195975 0.144434 0.664497 2
0.145192 0.127557 0.651756 2
0.169329 0.148089 0.654169 2
0.171019 0.109476 0.656125 2
0.124661 0.145730 0.648919 2
0.104395 0.174380 0.646645 2
0.153587 0.184187 0.652461 2
0.124741 0.122398 0.649334 2
0.095194 0.119723 0.647533 2
0.195870 0.147951 0.664140 2
0.168125 0.159866 0.654075 2
0.141478 0.147349 0.650898 2
0.151137 0.149961 0.652044 2
0.159640 0.177312 0.653147 2
0.176637 0.144736 0.655015 2
0.196087 0.143317 0.664876 2
0.151247 0.140654 0.652518 2
0.113880 0.112712 0.647520 2
0.097262 0.122888 0.645753 2
0.105780 0.186148 0.655222 2
0.139079 0.159032 0.650659 2
0.169695 0.109385 0.655580 2
0.160537 0.094108 0.681983 2
0.145111 0.162735 0.651391 2
0.115076 0.117413 0.647679 2
0.153671 0.144251 0.652817 2
0.127178 0.172891 0.649817 2
0.156948 0.094885 0.661667 2
0.186683 0.121075 0.661301 2
0.123440 0.115249 0.648653 2
0.115191 0.151444 0.648325 2
0.115202 0.166663 0.648386 2
0.118361 0.096949 0.659472 2
0.194382 0.139357 0.663152 2
0.145098 0.149797 0.651333 2
0.261715 0.201623 0.876678 2
0.136696 0.187150 0.650487 2
0.170541 0.142215 0.654289 2
0.087863 0.147214 0.645162 2
0.162956 0.097296 0.661831 2
0.164443 0.122006 0.653506 2
0.143985 0.127529 0.651614 2
0.137993 0.168527 0.651070 2
0.136674 0.160137 0.650382 2
0.173006 0.170645 0.654688 2
0.103191 0.149831 0.646410 2
0.154875 0.136031 0.652926 2
0.163281 0.177428 0.653575 2
0.107966 0.176831 0.647075 2
0.149898 0.118155 0.651772 2
0.115118 0.175891 0.647912 2
0.112736 0.181662 0.647655 2
0.153586 0.183009 0.652457 2
0.185325 0.141510 0.656492 2
0.104436 0.184681 0.654210 2
0.111510 0.132527 0.647320 2
0.192349 0.145900 0.660279 2
0.093802 0.125263 0.645988 2
0.136944 0.089470 0.674839 2
0.082940 0.131869 0.661590 2
0.112808 0.158399 0.648072 2
0.155153 0.092601 0.679956 2
0.110416 0.187532 0.647755 2
0.107930 0.118431 0.646857 2
0.085151 0.157969 0.651118 2
0.147622 0.144094 0.652106 2
0.113075 0.103701 0.649606 2
0.135448 0.130757 0.650130 2
0.094894 0.163590 0.645490 2
0.123498 0.191392 0.648958 2
0.098427 0.125218 0.645754 2
0.174265 0.190919 0.659452 2
0.121100 0.165561 0.648652 2
0.143997 0.141646 0.651671 2
0.184341 0.184341 0.665768 2
0.091335 0.151837 0.645026 2
0.140305 0.183746 0.650900 2
0.161244 0.103362 0.654879 2
0.195054 0.135037 0.665443 2
0.125942 0.125942 0.649488 2
0.090236 0.123264 0.653927 2
0.191024 0.158889 0.659817 2
0.093709 0.162389 0.645347 2
0.092623 0.170683 0.645896 2
0.144023 0.171065 0.651789 2
0.093228 0.178834 0.650115 2
0.152362 0.167657 0.652253 2
0.174185 0.132853 0.654681 2
0.106542 0.193660 0.652655 2
0.145508 0.199705 0.653175 2
0.115749 0.096558 0.664969 2
0.111538 0.173438 0.647482 2
0.165838 0.174101 0.654363 2
0.121064 0.136270 0.648462 2
0.141511 0.186137 0.651049 2
0.167165 0.196910 0.659597 2
0.151156 0.171153 0.652125 2
0.165836 0.171738 0.654353 2
0.132215 0.098133 0.651534 2
0.111543 0.181623 0.647516 2
0.140379 0.141554 0.651245 2
0.151203 0.102959 0.652330 2
0.145080 0.128634 0.651253 2
0.136659 0.135486 0.650314 2
0.185299 0.146227 0.656400 2
0.125890 0.152825 0.649221 2
0.093021 0.177266 0.648669 2
0.166932 0.182268 0.654022 2
0.140364 0.123920 0.651175 2
0.173274 0.105393 0.660207 2
0.099759 0.181433 0.646838 2
0.147552 0.193405 0.651796 2
0.115195 0.156127 0.648344 2
0.179007 0.117158 0.659393 2
0.099633 0.157899 0.646024 2
0.131976 0.167170 0.650358 2
0.184031 0.154444 0.656102 2
0.129489 0.189253 0.649649 2
0.159645 0.183209 0.653169 2
0.092522 0.158859 0.645193 2
0.154867 0.127780 0.652893 2
0.158199 0.091719 0.682514 2
0.145221 0.160508 0.651888 2
0.152487 0.194877 0.652789 2
0.096063 0.136817 0.645523 2
0.083018 0.167827 0.662211 2
0.112696 0.122038 0.647425 2
0.168134 0.168134 0.654109 2
0.140380 0.142730 0.651250 2
0.113985 0.133859 0.648115 2
0.111540 0.176946 0.647496 2
0.133052 0.102573 0.649881 2
0.165822 0.157560 0.654296 2
0.103503 0.109418 0.655775 2
0.142686 0.150907 0.651052 2
0.140306 0.186097 0.650908 2
0.099631 0.153233 0.646006 2
0.130646 0.135333 0.649579 2
0.173411 0.185248 0.656219 2
0.124662 0.148073 0.648926 2
0.157220 0.183129 0.652884 2
0.175407 0.135247 0.654833 2
0.141596 0.154522 0.651439 2
0.179187 0.124780 0.655697 2
0.135431 0.111979 0.650047 2
0.097249 0.138012 0.645667 2
0.124663 0.149245 0.648932 2
0.194272 0.140473 0.662774 2
0.143853 0.107449 0.651017 2
0.137840 0.094063 0.655933 2
0.171754 0.137521 0.654414 2
0.090156 0.141341 0.644912 2
0.133530 0.093174 0.658013 2
0.102120 0.182650 0.647014 2
0.113993 0.145560 0.648161 2
0.177908 0.170816 0.655344 2
0.119864 0.105831 0.648296 2
0.147495 0.131041 0.651542 2
0.153582 0.178297 0.652439 2
0.118661 0.120999 0.648114 2
0.176782 0.120023 0.655551 2
0.164609 0.161069 0.654168 2
0.152372 0.177081 0.652295 2
0.175588 0.179135 0.655507 2
0.163403 0.170482 0.654063 2
0.139188 0.157982 0.651170 2
0.133046 0.133046 0.649854 2
0.153178 0.097584 0.655746 2
0.104391 0.167375 0.646619 2
0.130733 0.176460 0.650008 2
0.146395 0.122878 0.651879 2
0.123451 0.130472 0.648712 2
0.086863 0.157986 0.646383 2
0.140390 0.154488 0.651297 2
0.134344 0.122611 0.650463 2
0.143890 0.148589 0.651186 2
0.082676 0.156430 0.659484 2
0.105587 0.179090 0.646803 2
0.107949 0.151129 0.646974 2
0.185667 0.167872 0.657705 2
0.150069 0.174786 0.652513 2
0.149901 0.105225 0.651784 2
0.099669 0.178939 0.646257 2
0.111501 0.119673 0.647267 2
0.092521 0.156529 0.645183 2
0.082627 0.146826 0.659091 2
0.134288 0.183547 0.650192 2
0.130635 0.121262 0.649522 2
0.099626 0.145069 0.645973 2
0.179108 0.128272 0.655409 2
0.142777 0.126326 0.651468 2
0.160972 0.169227 0.653772 2
0.183186 0.172515 0.657314 2
0.168614 0.099008 0.665316 2
0.133028 0.111931 0.649764 2
0.100820 0.157933 0.646163 2
0.150903 0.201795 0.656140 2
0.116381 0.144453 0.648438 2
0.162058 0.109021 0.653396 2
0.110328 0.146520 0.647235 2
0.186635 0.154640 0.656935 2
0.142774 0.122798 0.651453 2
0.152489 0.174862 0.652798 2
0.091638 0.125492 0.647169 2
0.140247 0.116775 0.650633 2
0.103181 0.134661 0.646351 2
0.168092 0.126806 0.653944 2
0.157171 0.132448 0.652682 2
0.136751 0.123839 0.650750 2
0.093779 0.171831 0.645833 2
0.118658 0.116319 0.648095 2
0.146410 0.139354 0.651945 2
0.148687 0.115776 0.651618 2
0.116014 0.099525 0.652957 2
0.121134 0.193697 0.648835 2
0.121040 0.107007 0.648335 2
0.096765 0.183560 0.650241 2
0.084002 0.135237 0.660555 2
0.114003 0.159604 0.648217 2
0.125832 0.112957 0.648924 2
0.165828 0.163467 0.654320 2
0.145207 0.144031 0.651822 2
0.190805 0.150385 0.659060 2
0.148289 0.201461 0.655052 2
0.141506 0.177910 0.651024 2
0.108008 0.117349 0.647328 2
0.140375 0.136851 0.651227 2
0.160869 0.187976 0.653357 2
0.136667 0.151918 0.650351 2
0.114285 0.195164 0.649822 2
0.126477 0.091378 0.670973 2
0.093818 0.173068 0.646102 2
0.139860 0.091839 0.665543 2
0.155938 0.110039 0.652447 2
0.172960 0.125735 0.654511 2
0.135846 0.093135 0.657737 2
0.141469 0.102727 0.650855 2
0.128246 0.131759 0.649289 2
0.166905 0.156290 0.653919 2
0.117589 0.162050 0.648648 2
0.119851 0.114004 0.648226 2
0.180495 0.113334 0.664871 2
0.113987 0.137369 0.648129 2
0.090346 0.176559 0.654725 2
0.162185 0.168083 0.653910 2
0.142375 0.092335 0.660503 2
0.089368 0.129086 0.647631 2
0.099639 0.119450 0.646057 2
0.189580 0.123795 0.663091 2
0.103193 0.153332 0.646424 2
0.153593 0.190078 0.652483 2
0.093700 0.147243 0.645286 2
0.166874 0.123239 0.653795 2
0.086461 0.133514 0.652139 2
0.100800 0.125272 0.646033 2
0.161115 0.104459 0.654355 2
0.121179 0.164499 0.649079 2
0.132632 0.091450 0.671498 2
0.152307 0.109967 0.652020 2
0.151104 0.115827 0.651902 2
0.126804 0.202297 0.653935 2
0.094958 0.124086 0.645926 2
0.159596 0.108949 0.652967 2
0.147633 0.155868 0.652153 2
0.169059 0.197733 0.662355 2
0.195895 0.146771 0.664225 2
0.183107 0.171256 0.657033 2
0.140275 0.148491 0.650760 2
0.173028 0.177752 0.654769 2
0.152440 0.123012 0.652590 2
0.172975 0.139915 0.654567 2
0.107440 0.193157 0.650960 2
0.131979 0.170693 0.650372 2
0.179426 0.120209 0.656572 2
0.142775 0.123974 0.651458 2
0.177896 0.169622 0.655299 2
0.123631 0.101365 0.649655 2
0.152372 0.178258 0.652297 2
0.110340 0.165218 0.647309 2
0.118656 0.113980 0.648086 2
0.168103 0.138611 0.653989 2
0.177940 0.123553 0.655459 2
0.148691 0.119306 0.651636 2
0.170575 0.175297 0.654422 2
0.127029 0.110638 0.649055 2
0.145218 0.156977 0.651874 2
0.139035 0.107356 0.650451 2
0.084048 0.163923 0.660917 2
0.164846 0.105761 0.655108 2
0.105559 0.134719 0.646630 2
0.157311 0.149063 0.653264 2
0.148749 0.089984 0.678716 2
0.116272 0.120947 0.647833 2
0.143857 0.112150 0.651037 2
0.182761 0.150822 0.655791 2
0.131872 0.164693 0.649843 2
0.116385 0.150306 0.648461 2
0.123435 0.105885 0.648625 2
0.150058 0.163004 0.652466 2
0.107939 0.135945 0.646914 2
0.165666 0.133830 0.653684 2
0.166927 0.177544 0.654002 2
0.111722 0.105872 0.648551 2
0.125943 0.127114 0.649493 2
0.112734 0.179323 0.647647 2
0.128425 0.100277 0.650197 2
0.153519 0.112346 0.652172 2
0.103204 0.170841 0.646492 2
0.139023 0.204097 0.655930 2
0.107945 0.145288 0.646951 2
0.151167 0.182929 0.652172 2
0.088557 0.128438 0.650261 2
0.136453 0.091971 0.666495 2
0.155962 0.134775 0.652549 2
0.136690 0.178929 0.650461 2
0.140245 0.114426 0.650622 2
0.105550 0.121878 0.646576 2
0.157896 0.198109 0.655692 2
0.134223 0.104917 0.649876 2
0.183024 0.114615 0.665347 2
0.108265 0.107094 0.648866 2
0.090275 0.132209 0.645764 2
0.150285 0.099601 0.653455 2
0.154913 0.176118 0.653087 2
0.101989 0.127632 0.646183 2
0.160791 0.116029 0.653040 2
0.098459 0.175361 0.645961 2
0.106748 0.133580 0.646765 2
0.096058 0.128660 0.645491 2
0.174210 0.156494 0.654775 2
0.124042 0.098176 0.651819 2
0.106776 0.177961 0.646940 2
0.139058 0.133190 0.650559 2
0.109308 0.189973 0.648109 2
0.097265 0.164826 0.645771 2
0.101602 0.190727 0.658791 2
0.157154 0.114775 0.652608 2
0.110595 0.105914 0.648803 2
0.184058 0.158018 0.656197 2
0.123434 0.108224 0.648623 2
0.176677 0.171950 0.655163 2
0.106743 0.126575 0.646737 2
0.134690 0.200565 0.652138 2
0.100804 0.131103 0.646058 2
0.179345 0.121339 0.656276 2
0.152310 0.112321 0.652030 2
0.117504 0.172456 0.648179 2
0.149890 0.109919 0.651736 2
0.137997 0.173230 0.651089 2
0.181534 0.154334 0.655632 2
0.152462 0.095511 0.657762 2
0.109148 0.164014 0.647164 2
0.104366 0.128854 0.646467 2
0.118026 0.197885 0.651061 2
0.137881 0.163697 0.650542 2
0.158732 0.096904 0.659162 2
0.176062 0.191580 0.661736 2
0.186028 0.125406 0.658983 2
0.140392 0.156840 0.651307 2
0.150877 0.096443 0.656030 2
0.165920 0.189538 0.654684 2
0.099637 0.164897 0.646050 2
0.172989 0.154096 0.654622 2
0.130776 0.169482 0.650226 2
0.154866 0.126601 0.652889 2
0.145111 0.163910 0.651391 2
0.127075 0.169238 0.649291 2
0.146831 0.093330 0.659112 2
0.105781 0.116418 0.655230 2
0.154231 0.098684 0.655196 2
0.139174 0.141523 0.651104 2
0.136649 0.128438 0.650265 2
0.146286 0.128661 0.651395 2
0.134286 0.181199 0.650184 2
0.119896 0.174872 0.648470 2
0.130018 0.097072 0.652306 2
0.151248 0.141832 0.652523 2
0.115130 0.098427 0.661408 2
0.152380 0.187681 0.652331 2
0.116314 0.179440 0.648067 2
0.180307 0.150748 0.655468 2
0.162155 0.137389 0.653787 2
0.160807 0.131355 0.653105 2
0.186308 0.123213 0.659974 2
0.084080 0.132978 0.661171 2
0.130777 0.170656 0.650231 2
0.156091 0.140776 0.653088 2
0.153558 0.152382 0.652338 2
0.091524 0.177734 0.654704 2
0.129551 0.176448 0.649963 2
0.180441 0.126013 0.655955 2
0.100818 0.154433 0.646149 2
0.156708 0.093293 0.676078 2
0.163385 0.152768 0.653991 2
0.260127 0.188968 0.876656 2
0.176956 0.114571 0.665093 2
0.180640 0.106934 0.669856 2
0.165709 0.175144 0.653851 2
0.154912 0.174938 0.653083 2
0.153561 0.154738 0.652350 2
0.134379 0.164893 0.650632 2
0.116379 0.142111 0.648428 2
0.177870 0.156597 0.655205 2
0.152309 0.111144 0.652025 2
0.139047 0.120272 0.650507 2
0.110329 0.148857 0.647244 2
0.087031 0.162964 0.647631 2
0.174354 0.180264 0.655314 2
0.121103 0.190138 0.648671 2
0.169310 0.129195 0.654096 2
0.181036 0.179849 0.658120 2
0.113982 0.129179 0.648096 2
0.176008 0.100132 0.689583 2
0.140949 0.096129 0.653890 2
0.134285 0.177679 0.650178 2
0.152319 0.120561 0.652068 2
0.135426 0.106113 0.650022 2
0.110434 0.111602 0.647858 2
0.147615 0.135853 0.652073 2
0.119957 0.129319 0.648799 2
0.099622 0.139238 0.645950 2
0.148766 0.092606 0.662438 2
0.130645 0.132988 0.649573 2
0.135464 0.151884 0.650209 2
0.130819 0.094118 0.656322 2
0.141443 0.107403 0.650734 2
0.139099 0.182531 0.650754 2
0.168462 0.101792 0.660018 2
0.154841 0.104209 0.652786 2
0.133107 0.176499 0.650152 2
0.142659 0.119176 0.650927 2
0.187982 0.153588 0.657500 2
0.146304 0.148654 0.651471 2
0.135427 0.103769 0.650028 2
0.168094 0.129167 0.653952 2
0.172987 0.151732 0.654613 2
0.168138 0.102784 0.658746 2
0.122283 0.167920 0.648725 2
0.109147 0.161677 0.647155 2
0.166889 0.140942 0.653856 2
0.141450 0.115625 0.650768 2
0.122286 0.171434 0.648737 2
0.162129 0.189249 0.653683 2
0.168126 0.161048 0.654080 2
0.175411 0.138793 0.654847 2
0.135563 0.142606 0.650684 2
0.091600 0.172114 0.646896 2
0.082613 0.149178 0.658978 2
0.142817 0.171027 0.651647 2
0.174277 0.177822 0.655025 2
0.168113 0.148057 0.654027 2
0.266432 0.195278 0.876590 2
0.136651 0.102635 0.650275 2
0.158383 0.132477 0.652824 2
0.156284 0.094010 0.663916 2
0.108543 0.102611 0.657642 2
0.141595 0.153346 0.651434 2
0.123511 0.093387 0.668025 2
0.176635 0.142371 0.655005 2
0.125993 0.093439 0.668403 2
0.096070 0.148472 0.645570 2
0.108012 0.183561 0.654424 2
0.147539 0.180456 0.651737 2
0.135487 0.177717 0.650319 2
0.150345 0.198691 0.653714 2
0.172978 0.143459 0.654580 2
0.174182 0.129308 0.654666 2
0.091522 0.127664 0.646343 2
0.189680 0.162328 0.659280 2
0.152651 0.091346 0.679737 2
0.167472 0.105927 0.656137 2
0.151703 0.098578 0.654488 2
0.119956 0.128148 0.648794 2
0.173648 0.104427 0.661631 2
0.112731 0.174645 0.647627 2
0.159622 0.158444 0.653074 2
0.194199 0.141616 0.662526 2
0.100803 0.128771 0.646049 2
0.099612 0.121749 0.645888 2
0.153536 0.128829 0.652244 2
0.264858 0.195283 0.876612 2
0.082823 0.162667 0.660658 2
0.122369 0.153986 0.649178 2
0.159757 0.169190 0.653629 2
0.163384 0.151587 0.653987 2
0.113984 0.132689 0.648110 2
0.119867 0.135070 0.648315 2
0.097259 0.154333 0.645732 2
0.125831 0.111785 0.648919 2
0.165840 0.188267 0.654371 2
0.124742 0.124742 0.649343 2
0.176636 0.143554 0.655010 2
0.152861 0.094572 0.659483 2
0.156089 0.138418 0.653078 2
0.135558 0.136732 0.650660 2
0.174192 0.138763 0.654704 2
0.111096 0.195741 0.651745 2
0.089423 0.170078 0.648030 2
0.110326 0.144183 0.647226 2
0.159754 0.165649 0.653615 2
0.133092 0.190550 0.650079 2
0.121178 0.162156 0.649070 2
0.090255 0.175202 0.654065 2
0.103177 0.127660 0.646323 2
0.155967 0.106529 0.652570 2
0.186753 0.160667 0.657349 2
0.107961 0.168652 0.647043 2
0.108467 0.192895 0.650078 2
0.098454 0.169527 0.645929 2
0.115126 0.187591 0.647957 2
0.152375 0.104133 0.652308 2
0.155937 0.108862 0.652444 2
0.149081 0.198578 0.653343 2
0.111527 0.158240 0.647422 2
0.085779 0.154635 0.646998 2
0.153569 0.162983 0.652383 2
0.192219 0.169464 0.663943 2
0.146334 0.183946 0.651608 2
0.125864 0.151623 0.649089 2
0.166891 0.142122 0.653861 2
0.119901 0.181899 0.648499 2
0.085466 0.131441 0.653529 2
0.105660 0.113924 0.654480 2
0.141445 0.103883 0.650744 2
0.144623 0.096218 0.654500 2
0.116266 0.108086 0.647796 2
0.263283 0.195288 0.876634 2
0.264864 0.201613 0.876634 2
0.258575 0.211130 0.876755 2
0.168136 0.170496 0.654119 2
0.141583 0.139233 0.651378 2
0.160927 0.124380 0.653592 2
0.181525 0.138952 0.655598 2
0.117635 0.103589 0.648905 2
0.168124 0.158685 0.654070 2
0.122293 0.178465 0.648775 2
0.098444 0.153200 0.645866 2
0.162178 0.160999 0.653882 2
0.138217 0.093133 0.657727 2
0.094884 0.147274 0.645426 2
0.096407 0.114150 0.655781 2
0.169315 0.133918 0.654115 2
0.093707 0.160059 0.645336 2
0.106676 0.103100 0.660774 2
0.099203 0.189496 0.658643 2
0.165830 0.165830 0.654329 2
0.103608 0.107160 0.656438 2
0.085201 0.139259 0.651499 2
0.121062 0.135098 0.648452 2
0.190336 0.121887 0.665735 2
0.117590 0.164393 0.648658 2
0.156122 0.172617 0.653216 2
0.097523 0.112890 0.655331 2
0.148563 0.091094 0.677866 2
0.163357 0.124434 0.653877 2
0.083019 0.156028 0.652823 2
0.179097 0.161364 0.655367 2
0.179092 0.156631 0.655348 2
0.110460 0.184100 0.648011 2
0.104386 0.160370 0.646591 2
0.181527 0.115626 0.664260 2
0.189560 0.159848 0.658864 2
0.107957 0.116216 0.654092 2
0.162190 0.172806 0.653929 2
0.124765 0.154052 0.649460 2
0.158366 0.115978 0.652755 2
0.263290 0.201618 0.876656 2
0.121098 0.184280 0.648646 2
0.134358 0.140226 0.650533 2
0.099849 0.115031 0.647423 2
0.135584 0.167279 0.650782 2
0.159575 0.112468 0.652883 2
0.146397 0.125231 0.651888 2
0.154727 0.110015 0.652304 2
0.109139 0.149993 0.647109 2
0.107938 0.133609 0.646905 2
0.102375 0.188772 0.656124 2
0.159254 0.198327 0.656412 2
0.168190 0.195528 0.658952 2
0.091334 0.150673 0.645022 2
0.096079 0.164790 0.645632 2
0.140756 0.089572 0.675607 2
0.130685 0.183427 0.649769 2
0.123489 0.177333 0.648913 2
0.149966 0.192309 0.652066 2
0.141569 0.123947 0.651316 2
0.140366 0.126271 0.651184 2
0.104221 0.104221 0.660325 2
0.090317 0.167232 0.646068 2
0.089162 0.164921 0.646144 2
0.135469 0.157754 0.650231 2
0.136638 0.117873 0.650214 2
0.184862 0.175351 0.659063 2
0.109315 0.102224 0.655159 2
0.085822 0.141869 0.647324 2
0.084084 0.155819 0.651951 2
0.097327 0.120639 0.646187 2
0.097270 0.172989 0.645806 2
0.172970 0.136369 0.654552 2
0.112689 0.115025 0.647389 2
0.131353 0.091402 0.671148 2
0.192708 0.171096 0.665634 2
0.087873 0.144904 0.645238 2
0.179229 0.173314 0.655852 2
0.117586 0.158537 0.648634 2
0.091372 0.164702 0.645285 2
0.163406 0.174025 0.654077 2
0.110339 0.164050 0.647305 2
0.105884 0.104701 0.655871 2
0.155986 0.159518 0.652649 2
0.149891 0.111096 0.651741 2
0.133143 0.123758 0.650326 2
0.169830 0.108289 0.656105 2
0.168132 0.165772 0.654100 2
0.164593 0.145715 0.654106 2
0.086858 0.140489 0.646346 2
0.123455 0.135157 0.648732 2
0.165595 0.196458 0.658085 2
0.113934 0.188722 0.647827 2
0.141611 0.172167 0.651509 2
0.147392 0.092045 0.667032 2
0.122347 0.124688 0.649061 2
0.089003 0.142522 0.644992 2
0.146441 0.173494 0.652082 2
0.177882 0.125877 0.655248 2
0.104394 0.173213 0.646641 2
0.184314 0.108089 0.692750 2
0.143854 0.108625 0.651022 2
0.122369 0.194970 0.649178 2
0.169528 0.186067 0.654935 2
0.163370 0.137419 0.653930 2
0.154804 0.190120 0.652628 2
0.099633 0.156732 0.646019 2
0.170553 0.154029 0.654336 2
0.182997 0.105551 0.692496 2
0.135473 0.162451 0.650252 2
0.131950 0.196458 0.650228 2
0.142651 0.103906 0.650889 2
0.124633 0.110590 0.648773 2
0.085730 0.148715 0.646627 2
0.148686 0.114600 0.651613 2
0.131866 0.158825 0.649816 2
0.155978 0.150092 0.652613 2
0.142724 0.193235 0.651223 2
0.083062 0.140793 0.653164 2
0.082977 0.144179 0.652493 2
0.146411 0.140531 0.651950 2
0.103557 0.189953 0.656116 2
0.136662 0.146046 0.650326 2
0.133034 0.118969 0.649795 2
0.177847 0.135306 0.655119 2
0.154772 0.155949 0.652493 2
0.182819 0.161520 0.655999 2
0.131031 0.098127 0.651493 2
0.160506 0.100094 0.656691 2
0.118363 0.199628 0.652921 2
0.100810 0.140434 0.646094 2
0.166156 0.105843 0.655616 2
0.116314 0.178270 0.648063 2
0.141588 0.145113 0.651401 2
0.165813 0.149291 0.654263 2
0.188662 0.129147 0.659880 2
0.160941 0.138539 0.653649 2
0.134290 0.185895 0.650200 2
0.083964 0.136367 0.660257 2
0.111522 0.150058 0.647389 2
0.139059 0.134365 0.650563 2
0.171762 0.145791 0.654446 2
0.145099 0.102803 0.651339 2
0.160793 0.117208 0.653045 2
0.111536 0.171100 0.647473 2
0.092583 0.128685 0.645616 2
0.141464 0.128550 0.650829 2
0.097251 0.141509 0.645681 2
0.124679 0.170336 0.649014 2
0.119150 0.197801 0.650785 2
0.169253 0.103927 0.658462 2
0.109218 0.181641 0.647581 2
0.085931 0.159586 0.648144 2
0.172976 0.141096 0.654572 2
0.117481 0.140861 0.648055 2
0.148859 0.174748 0.652371 2
0.139805 0.202334 0.654056 2
0.082618 0.150376 0.659018 2
0.107947 0.148792 0.646965 2
0.162006 0.111342 0.653187 2
0.181527 0.137772 0.655607 2
0.093697 0.142583 0.645268 2
0.149028 0.091850 0.674439 2
0.163219 0.116080 0.653325 2
0.112730 0.173476 0.647622 2
0.101999 0.143965 0.646248 2
0.142806 0.159261 0.651600 2
0.117520 0.191189 0.648269 2
0.126750 0.093033 0.692295 2
0.105562 0.139388 0.646648 2
0.124635 0.112932 0.648783 2
0.099643 0.173063 0.646083 2
0.109366 0.107027 0.648458 2
0.104412 0.112671 0.654061 2
0.089263 0.167441 0.646875 2
0.139048 0.121447 0.650512 2
0.097243 0.127522 0.645625 2
0.148751 0.185204 0.651896 2
0.145133 0.190965 0.651493 2
0.139055 0.128494 0.650547 2
0.143891 0.149764 0.651190 2
0.170535 0.136310 0.654267 2
0.172150 0.186348 0.655923 2
0.181523 0.141316 0.655591 2
0.118711 0.190054 0.648387 2
0.159961 0.103296 0.654461 2
0.182395 0.188415 0.667437 2
0.117585 0.157365 0.648629 2
0.159662 0.189120 0.653238 2
0.159576 0.113647 0.652888 2
0.121050 0.118711 0.648386 2
0.092517 0.149540 0.645156 2
0.118762 0.131633 0.648667 2
0.147477 0.112223 0.651462 2
0.125624 0.096135 0.653931 2
0.104113 0.105302 0.659637 2
0.162193 0.176348 0.653943 2
0.164447 0.129082 0.653524 2
0.178740 0.191980 0.667276 2
0.133086 0.183507 0.650051 2
0.135327 0.092404 0.660993 2
0.142904 0.099386 0.652045 2
0.094879 0.137953 0.645389 2
0.106745 0.130078 0.646751 2
0.142668 0.128578 0.650970 2
0.140408 0.174481 0.651377 2
0.109264 0.100905 0.662014 2
0.109140 0.151161 0.647114 2
0.127260 0.197635 0.650239 2
0.111498 0.116168 0.647253 2
0.110342 0.116180 0.647317 2
0.098443 0.152034 0.645862 2
0.170423 0.097296 0.687123 2
0.098447 0.157865 0.645885 2
0.134301 0.176527 0.650255 2
0.130661 0.152926 0.649650 2
0.181579 0.131896 0.655792 2
0.123484 0.172643 0.648883 2
0.133181 0.170730 0.650514 2
0.102017 0.173138 0.646360 2
0.096062 0.134486 0.645514 2
0.173325 0.112987 0.655894 2
0.123881 0.099222 0.650972 2
0.161230 0.194303 0.654821 2
0.189364 0.145436 0.658182 2
0.157547 0.102081 0.654243 2
0.091332 0.146015 0.645004 2
0.125833 0.114128 0.648929 2
0.094146 0.119875 0.648358 2
0.176626 0.134094 0.654971 2
0.172992 0.156460 0.654631 2
0.124641 0.121130 0.648817 2
0.179327 0.186524 0.664988 2
0.263275 0.187376 0.876607 2
0.094895 0.165921 0.645500 2
0.164595 0.146896 0.654110 2
0.164730 0.106868 0.654647 2
0.122449 0.196270 0.649604 2
0.096184 0.176628 0.646334 2
0.105569 0.151063 0.646694 2
0.143930 0.193277 0.651364 2
0.145233 0.173456 0.651940 2
0.125979 0.174027 0.649680 2
0.116320 0.188801 0.648101 2
0.162020 0.130205 0.653243 2
0.157204 0.166625 0.652819 2
0.143923 0.186218 0.651333 2
0.135179 0.091534 0.672114 2
0.106745 0.128910 0.646747 2
0.152580 0.196175 0.653189 2
0.185461 0.134504 0.656975 2
0.122372 0.158674 0.649197 2
0.094890 0.156597 0.645461 2
0.106760 0.153432 0.646843 2
0.168716 0.098062 0.675330 2
0.127088 0.186825 0.649358 2
0.165823 0.158741 0.654301 2
0.104450 0.111532 0.654298 2
0.137893 0.177794 0.650601 2
0.086792 0.126940 0.654638 2
0.090459 0.127810 0.647083 2
0.130631 0.116572 0.649503 2
0.110704 0.101232 0.656387 2
0.130080 0.091359 0.670831 2
0.092763 0.124268 0.646874 2
0.119893 0.171359 0.648455 2
0.092511 0.137893 0.645111 2
0.146335 0.185123 0.651613 2
0.139187 0.156806 0.651165 2
0.141442 0.106228 0.650729 2
0.190962 0.157647 0.659600 2
0.121049 0.117540 0.648381 2
0.107980 0.103260 0.654232 2
0.165664 0.131470 0.653675 2
0.170641 0.096180 0.688005 2
0.160949 0.146800 0.653682 2
0.118779 0.153885 0.648756 2
0.154197 0.199098 0.655052 2
0.131826 0.103703 0.649617 2
0.124756 0.142327 0.649413 2
0.186946 0.165581 0.658029 2
0.106761 0.154600 0.646848 2
0.123493 0.185532 0.648931 2
0.090159 0.140183 0.644939 2
0.175650 0.107772 0.660187 2
0.162077 0.186831 0.653476 2
0.107958 0.165147 0.647029 2
0.119871 0.140921 0.648335 2
0.106766 0.161607 0.646875 2
0.135547 0.122637 0.650604 2
0.160948 0.145620 0.653677 2
0.146336 0.186299 0.651616 2
0.223830 0.125756 0.876942 2
0.159645 0.091842 0.683431 2
0.155978 0.151269 0.652615 2
0.118782 0.158571 0.648775 2
0.142684 0.147381 0.651040 2
0.147605 0.125259 0.652030 2
0.136650 0.130785 0.650271 2
0.130632 0.117745 0.649508 2
0.128267 0.159894 0.649397 2
0.179077 0.143616 0.655296 2
0.100972 0.114980 0.647135 2
0.166903 0.153928 0.653909 2
0.129455 0.147028 0.649480 2
0.160973 0.170407 0.653777 2
0.116272 0.119777 0.647828 2
0.096057 0.127494 0.645485 2
0.136763 0.137937 0.650806 2
0.125929 0.195043 0.649420 2
0.180302 0.133010 0.655451 2
0.102014 0.167303 0.646339 2
0.129555 0.143624 0.649982 2
0.124744 0.127087 0.649352 2
0.164433 0.116105 0.653468 2
0.208197 0.112933 0.851813 2
0.182191 0.113644 0.666690 2
0.122237 0.108201 0.648482 2
0.133047 0.134219 0.649857 2
0.182826 0.134309 0.656022 2
0.152381 0.188859 0.652336 2
0.168081 0.117361 0.653901 2
0.176633 0.141189 0.655000 2
0.175856 0.101288 0.688985 2
0.134258 0.147156 0.650046 2
0.093700 0.148408 0.645291 2
0.182145 0.114818 0.666522 2
0.163219 0.112544 0.653325 2
0.085745 0.152242 0.646745 2
0.172995 0.160006 0.654646 2
0.094884 0.146109 0.645421 2
0.125940 0.123597 0.649479 2
0.160856 0.180889 0.653303 2
0.105574 0.111472 0.653947 2
0.132378 0.093199 0.658190 2
0.155549 0.094760 0.660795 2
0.166872 0.122058 0.653788 2
0.104728 0.189931 0.656040 2
0.101102 0.112927 0.655548 2
0.146265 0.107496 0.651301 2
0.087922 0.140325 0.645593 2
0.184203 0.165250 0.656715 2
0.196203 0.142203 0.665271 2
0.160974 0.171588 0.653782 2
0.154733 0.115903 0.652328 2
0.139161 0.126243 0.651042 2
0.124691 0.186744 0.649076 2
0.101991 0.131132 0.646197 2
0.142721 0.190882 0.651209 2
0.134359 0.141400 0.650538 2
0.184408 0.127484 0.657443 2
0.104394 0.172045 0.646637 2
0.099000 0.110856 0.657293 2
0.133907 0.091493 0.671815 2
0.164557 0.109115 0.653961 2
0.124745 0.128259 0.649357 2
0.155988 0.160697 0.652656 2
0.147362 0.095282 0.656183 2
0.087106 0.164274 0.648188 2
0.147546 0.188694 0.651768 2
0.099636 0.161398 0.646037 2
0.105555 0.118385 0.646608 2
0.092511 0.139058 0.645116 2
0.175874 0.116657 0.656577 2
0.128282 0.177486 0.649475 2
0.140240 0.103860 0.650600 2
0.192807 0.136696 0.661850 2
0.082860 0.134126 0.660950 2
0.139056 0.129668 0.650550 2
0.122760 0.199118 0.651255 2
0.111511 0.134864 0.647329 2
0.191556 0.124301 0.665803 2
0.134228 0.110782 0.649901 2
0.148826 0.138237 0.652225 2
0.142068 0.089631 0.676051 2
0.142790 0.140439 0.651524 2
0.158689 0.103236 0.654083 2
0.151172 0.188817 0.652194 2
0.103184 0.138161 0.646364 2
0.127045 0.129387 0.649138 2
0.151150 0.165265 0.652102 2
0.143993 0.136941 0.651652 2
0.186643 0.142797 0.656962 2
0.093704 0.155398 0.645318 2
0.098429 0.128715 0.645769 2
0.190804 0.148007 0.659055 2
0.137786 0.204018 0.655675 2
0.117511 0.182990 0.648221 2
0.158515 0.139658 0.653368 2
0.112801 0.147869 0.648030 2
0.096120 0.122916 0.645903 2
0.147606 0.126436 0.652035 2
0.098435 0.138042 0.645806 2
0.164497 0.178647 0.653722 2
0.171742 0.125708 0.654370 2
0.105560 0.135886 0.646634 2
0.115181 0.137399 0.648269 2
0.104379 0.148696 0.646545 2
0.184410 0.170179 0.657451 2
0.176623 0.131729 0.654961 2
0.176656 0.162477 0.655085 2
0.143078 0.093209 0.658258 2
0.179129 0.168488 0.655485 2
0.134357 0.137877 0.650524 2
0.151234 0.126518 0.652462 2
0.129540 0.124851 0.649907 2
0.121072 0.146807 0.648503 2
0.169308 0.126833 0.654086 2
0.150067 0.173607 0.652508 2
0.149962 0.188776 0.652052 2
0.147475 0.111047 0.651457 2
0.142811 0.204439 0.657028 2
0.111513 0.137202 0.647338 2
0.091338 0.156496 0.645045 2
0.182985 0.168773 0.656594 2
0.179080 0.145983 0.655306 2
0.123454 0.133986 0.648727 2
0.149958 0.184067 0.652034 2
0.103186 0.141662 0.646378 2
0.180387 0.168558 0.655759 2
0.100813 0.146267 0.646117 2
0.169360 0.177621 0.654288 2
0.125324 0.094143 0.664856 2
0.178550 0.107611 0.666566 2
0.184245 0.166472 0.656862 2
0.118658 0.117489 0.648100 2
0.134381 0.167242 0.650641 2
0.087879 0.143749 0.645277 2
0.110253 0.101998 0.653712 2
0.124754 0.139982 0.649404 2
0.188244 0.134800 0.658419 2
0.166915 0.165736 0.653958 2
0.157160 0.120666 0.652637 2
0.142649 0.108601 0.650880 2
0.146320 0.167475 0.651545 2
0.122375 0.162191 0.649211 2
0.114007 0.165456 0.648241 2
0.112808 0.157229 0.648068 2
0.130670 0.164656 0.649697 2
0.184162 0.164028 0.656567 2
0.122300 0.190179 0.648813 2
0.152305 0.107613 0.652010 2
0.153557 0.151204 0.652333 2
0.141614 0.175696 0.651524 2
0.100053 0.110710 0.656424 2
0.192181 0.123502 0.667973 2
0.139106 0.190757 0.650784 2
0.180292 0.137731 0.655415 2
0.103178 0.128827 0.646328 2
0.098764 0.115127 0.647962 2
0.122267 0.146838 0.648640 2
0.103183 0.117174 0.646360 2
0.121047 0.115200 0.648372 2
0.142712 0.180299 0.651170 2
0.179283 0.122481 0.656051 2
0.156137 0.193845 0.653280 2
0.158546 0.171513 0.653496 2
0.184019 0.152067 0.656057 2
0.170531 0.132766 0.654252 2
0.129541 0.126024 0.649912 2
0.177881 0.166061 0.655242 2
0.143924 0.187395 0.651337 2
0.185545 0.132194 0.657273 2
0.155272 0.197779 0.654600 2
0.154876 0.137209 0.652931 2
0.180350 0.166158 0.655625 2
0.180312 0.155482 0.655487 2
0.172966 0.131643 0.654533 2
0.174228 0.173047 0.654841 2
0.172980 0.145823 0.654589 2
0.123452 0.131643 0.648717 2
0.154780 0.164196 0.652528 2
0.111576 0.108071 0.647704 2
0.154865 0.125423 0.652884 2
0.134948 0.202127 0.653387 2
0.150052 0.157114 0.652442 2
0.148680 0.107543 0.651584 2
0.099641 0.170730 0.646072 2
0.160093 0.195538 0.655003 2
0.261702 0.188963 0.876634 2
0.169337 0.155176 0.654198 2
0.155991 0.163054 0.652668 2
0.183633 0.187246 0.667562 2
0.128246 0.132931 0.649292 2
0.154794 0.179514 0.652586 2
0.193528 0.109840 0.828484 2
0.098648 0.181535 0.647202 2
0.154808 0.093841 0.662726 2
0.115613 0.101528 0.650697 2
0.117461 0.113955 0.647945 2
0.092618 0.119755 0.654087 2
0.111531 0.164085 0.647445 2
0.169325 0.143365 0.654150 2
0.156008 0.183089 0.652741 2
0.082946 0.150009 0.652252 2
0.127172 0.196326 0.649790 2
0.155995 0.167768 0.652685 2
0.124677 0.167993 0.649005 2
0.146431 0.162897 0.652039 2
0.091331 0.144850 0.645000 2
0.136769 0.144987 0.650835 2
0.121046 0.114029 0.648367 2
0.228561 0.128911 0.876887 2
0.145134 0.192141 0.651498 2
0.176649 0.155380 0.655057 2
0.110486 0.112824 0.648164 2
0.131856 0.148265 0.649768 2
0.128356 0.144766 0.649845 2
0.175398 0.126972 0.654799 2
0.105584 0.174418 0.646786 2
0.103170 0.118325 0.646281 2
0.169106 0.096012 0.686808 2
0.190878 0.155200 0.659312 2
0.163235 0.131413 0.653390 2
0.106805 0.180343 0.647114 2
0.165717 0.183409 0.653884 2
0.160854 0.178530 0.653294 2
0.134292 0.188243 0.650209 2
0.172737 0.107441 0.658161 2
0.183489 0.121732 0.658403 2
0.156086 0.136060 0.653069 2
0.082722 0.158898 0.659851 2
0.108283 0.189055 0.648973 2
0.123571 0.159881 0.649342 2
0.112692 0.118531 0.647402 2
0.091329 0.140192 0.644981 2
0.175437 0.163624 0.654946 2
0.131162 0.092831 0.664053 2
0.148702 0.131070 0.651683 2
0.139072 0.150809 0.650628 2
0.146466 0.100585 0.652196 2
0.139069 0.146110 0.650610 2
0.114703 0.100585 0.652196 2
0.164989 0.104671 0.655679 2
0.151118 0.128773 0.651961 2
0.120720 0.095495 0.665922 2
0.149944 0.165233 0.651972 2
0.174207 0.152948 0.654761 2
0.102007 0.155633 0.646294 2
0.139045 0.117924 0.650497 2
0.109385 0.111751 0.655583 2
0.144864 0.092403 0.660987 2
0.151453 0.197419 0.653408 2
0.162282 0.094920 0.678991 2
0.164597 0.149258 0.654120 2
0.160976 0.173949 0.653791 2
0.142647 0.106251 0.650871 2
0.106981 0.101005 0.662666 2
0.152471 0.156004 0.652722 2
0.162165 0.148013 0.653830 2
0.093703 0.153068 0.645309 2
0.146273 0.115726 0.651335 2
0.129456 0.148201 0.649485 2
0.153265 0.092686 0.671681 2
0.172967 0.132824 0.654538 2
0.136650 0.129612 0.650268 2
0.171772 0.155244 0.654484 2
0.185939 0.171682 0.658667 2
0.122134 0.094459 0.667085 2
0.136671 0.157788 0.650371 2
0.127154 0.142389 0.649695 2
0.089679 0.126020 0.649890 2
0.145057 0.105122 0.651151 2
0.166884 0.113811 0.653834 2
0.132306 0.200517 0.651983 2
0.125388 0.097132 0.652703 2
0.163221 0.118439 0.653336 2
0.136639 0.119046 0.650219 2
0.113014 0.193822 0.649256 2
0.099623 0.140404 0.645955 2
0.136790 0.170841 0.650938 2
0.149946 0.169938 0.651979 2
0.117508 0.178308 0.648203 2
0.159683 0.200049 0.658182 2
0.186794 0.135796 0.657494 2
0.175441 0.108833 0.659398 2
0.177617 0.100338 0.691003 2
