# .PCD v0.7 - Point Cloud Data file format
VERSION 0.7
FIELDS x y z label
SIZE 4 4 4 4
TYPE F F F U
COUNT 1 1 1 1
WIDTH 6000
HEIGHT 1
VIEWPOINT 0 0 0 1 0 0 0
POINTS 6000
DATA ascii
-0.399357 0.224274 0.924412 1
-0.366384 0.124384 0.938184 1
-0.349093 0.174122 0.941759 1
-0.347533 0.259163 0.942134 1
-0.365019 0.116568 0.943405 1
-0.408419 0.177683 0.933693 1
-0.367007 0.267141 0.922732 1
-0.355900 0.188417 0.928492 1
-0.364972 0.215325 0.921794 1
-0.360361 0.268389 0.927043 1
-0.355630 0.269875 0.932176 1
-0.354407 0.283016 0.942337 1
-0.391695 0.097289 0.938007 1
-0.380234 0.255975 0.918498 1
-0.408425 0.219792 0.933706 1
-0.347606 0.201424 0.942330 1
-0.363590 0.238788 0.922508 1
-0.373796 0.231240 0.918963 1
-0.348486 0.207735 0.940121 1
-0.369221 0.186685 0.919954 1
-0.366415 0.235137 0.921244 1
-0.392368 0.281936 0.927600 1
-0.394730 0.180329 0.921395 1
-0.386998 0.133477 0.930781 1
-0.353607 0.151546 0.949314 1
-0.355900 0.215215 0.928493 1
-0.361324 0.174404 0.925228 1
-0.394813 0.206965 0.921590 1
-0.380120 0.191302 0.918222 1
-0.366409 0.228487 0.921229 1
-0.404899 0.257358 0.929477 1
-0.370843 0.176710 0.919860 1
-0.357108 0.258422 0.927281 1
-0.380739 0.141417 0.927803 1
-0.429591 0.159207 0.986161 1
-0.350279 0.233801 0.935850 1
-0.365924 0.110033 0.945743 1
-0.361156 0.285389 0.933421 1
-0.383560 0.247699 0.918527 1
-0.380831 0.171748 0.919941 1
-0.360295 0.171370 0.926874 1
-0.348439 0.248401 0.939993 1
-0.376842 0.178068 0.918306 1
-0.392801 0.208442 0.920769 1
-0.354689 0.181956 0.929708 1
-0.346369 0.196820 0.952959 1
-0.372216 0.194812 0.919154 1
-0.388976 0.244665 0.919580 1
-0.387163 0.242909 0.919213 1
-0.353514 0.210765 0.931030 1
-0.367321 0.140372 0.931974 1
-0.381828 0.221146 0.918347 1
-0.381872 0.246022 0.918453 1
-0.387206 0.261177 0.919315 1
-0.346953 0.229313 0.945183 1
-0.349659 0.272717 0.947897 1
-0.348481 0.212819 0.940105 1
-0.408380 0.216399 0.933604 1
-0.407909 0.180826 0.932528 1
-0.361258 0.161770 0.929350 1
-0.389382 0.103892 0.936516 1
-0.359861 0.163573 0.930074 1
-0.390797 0.211578 0.919962 1
-0.373966 0.160747 0.923475 1
-0.363278 0.142445 0.934547 1
-0.377177 0.174910 0.919122 1
-0.390910 0.248157 0.920229 1
-0.396905 0.197205 0.922589 1
-0.352473 0.157888 0.946271 1
-0.372229 0.204767 0.919186 1
-0.362274 0.242349 0.923396 1
-0.346303 0.212250 0.952777 1
-0.394787 0.198640 0.921529 1
-0.346443 0.190758 0.948456 1
-0.380114 0.187987 0.918208 1
-0.362315 0.284976 0.932070 1
-0.348455 0.234847 0.940036 1
-0.366405 0.223499 0.921218 1
-0.368255 0.173737 0.921690 1
-0.347021 0.198663 0.945368 1
-0.366917 0.157967 0.926708 1
-0.374067 0.093295 0.985159 1
-0.363571 0.195513 0.922459 1
-0.347557 0.238786 0.942198 1
-0.362498 0.121970 0.945707 1
-0.390936 0.256474 0.920289 1
-0.369918 0.141760 0.930051 1
-0.373803 0.236217 0.918979 1
-0.359828 0.176157 0.925674 1
-0.377656 0.123642 0.932588 1
-0.375294 0.204630 0.918571 1
-0.380208 0.241047 0.918434 1
-0.350038 0.173748 0.939733 1
-0.355900 0.240337 0.928493 1
-0.366427 0.248439 0.921272 1
-0.365225 0.175541 0.922435 1
-0.380123 0.192960 0.918229 1
-0.370272 0.123986 0.935180 1
-0.357107 0.206570 0.927279 1
-0.346194 0.237954 0.952475 1
-0.363580 0.217150 0.922483 1
-0.353846 0.175662 0.931906 1
-0.363599 0.258763 0.922531 1
-0.378333 0.100271 0.934260 1
-0.353519 0.200691 0.931043 1
-0.367854 0.251602 0.920686 1
-0.372244 0.216382 0.919223 1
-0.353505 0.227553 0.931008 1
-0.349337 0.241068 0.937851 1
-0.388898 0.211448 0.919395 1
-0.366411 0.230149 0.921233 1
-0.367851 0.248279 0.920679 1
-0.385378 0.252775 0.918912 1
-0.374560 0.281129 0.924943 1
-0.428012 0.298096 0.986621 1
-0.404504 0.196808 0.928571 1
-0.367069 0.280110 0.927092 1
-0.352434 0.227947 0.932618 1
-0.383736 0.160653 0.922936 1
-0.388870 0.199825 0.919330 1
-0.364978 0.126176 0.938922 1
-0.362270 0.232352 0.923385 1
-0.372941 0.125436 0.933419 1
-0.386781 0.165526 0.922256 1
-0.392197 0.127358 0.935170 1
-0.380167 0.217830 0.918335 1
-0.382150 0.174910 0.919120 1
-0.381796 0.202907 0.918269 1
-0.364169 0.145500 0.932513 1
-0.384996 0.271908 0.921965 1
-0.373818 0.247830 0.919015 1
-0.349364 0.217401 0.937926 1
-0.365009 0.258582 0.921888 1
-0.392775 0.200124 0.920708 1
-0.381831 0.222804 0.918354 1
-0.361344 0.122737 0.951652 1
-0.369787 0.128878 0.933958 1
-0.368517 0.156264 0.926527 1
-0.374062 0.089739 0.985147 1
-0.359605 0.181054 0.925099 1
-0.360473 0.279808 0.931656 1
-0.354622 0.253301 0.985444 1
-0.404482 0.193448 0.928520 1
-0.387443 0.175054 0.919878 1
-0.401801 0.234732 0.926203 1
-0.401660 0.212938 0.925877 1
-0.371731 0.109233 0.938867 1
-0.378447 0.181356 0.918182 1
-0.395080 0.162877 0.926112 1
-0.367863 0.261573 0.920708 1
-0.364637 0.129442 0.938044 1
-0.375034 0.165481 0.922006 1
-0.366117 0.116376 0.941852 1
-0.390833 0.223215 0.920047 1
-0.360928 0.182548 0.924213 1
-0.378584 0.259293 0.918514 1
-0.346391 0.191676 0.953019 1
-0.359614 0.201083 0.925122 1
-0.360954 0.240914 0.924280 1
-0.355695 0.159682 0.936774 1
-0.364157 0.104898 0.945584 1
-0.389355 0.097128 0.936450 1
-0.349313 0.261350 0.937787 1
-0.352429 0.239719 0.932603 1
-0.376873 0.227781 0.918382 1
-0.365256 0.161315 0.926736 1
-0.364126 0.134330 0.936729 1
-0.373417 0.120539 0.934608 1
-0.408897 0.255455 0.934785 1
-0.350301 0.189922 0.935908 1
-0.346346 0.235173 0.948187 1
-0.413386 0.089789 0.985694 1
-0.388972 0.243004 0.919571 1
-0.382684 0.280969 0.924416 1
-0.408695 0.240161 0.934323 1
-0.401601 0.201218 0.925742 1
-0.394886 0.230281 0.921760 1
-0.373791 0.107159 0.935546 1
-0.358408 0.272793 0.930656 1
-0.359211 0.147910 0.937130 1
-0.350271 0.250676 0.935827 1
-0.350367 0.163619 0.949815 1
-0.555470 0.416907 1.347672 1
-0.397946 0.160016 0.928904 1
-0.372812 0.141585 0.928902 1
-0.357639 0.284928 0.937441 1
-0.353508 0.220838 0.931016 1
-0.385254 0.199669 0.918616 1
-0.401558 0.191178 0.925642 1
-0.427804 0.160982 0.986142 1
-0.408785 0.246956 0.934528 1
-0.358130 0.168581 0.929936 1
-0.399487 0.254370 0.924711 1
-0.361778 0.122303 0.948291 1
-0.387139 0.232947 0.919158 1
-0.383452 0.201250 0.918268 1
-0.385809 0.277482 0.923912 1
-0.429781 0.283851 0.986596 1
-0.354615 0.247964 0.985426 1
-0.362068 0.120689 0.949050 1
-0.351384 0.181169 0.934297 1
-0.358312 0.244721 0.926070 1
-0.371053 0.144903 0.928692 1
-0.366229 0.272794 0.924970 1
-0.372252 0.223020 0.919244 1
-0.361812 0.287138 0.985662 1
-0.381808 0.209539 0.918297 1
-0.347619 0.179444 0.961166 1
-0.352674 0.156073 0.956071 1
-0.398592 0.156920 0.930411 1
-0.373924 0.176598 0.919277 1
-0.424434 0.299862 0.986578 1
-0.358107 0.148153 0.938668 1
-0.397410 0.273585 0.927651 1
-0.396913 0.198872 0.922606 1
-0.360948 0.227572 0.924265 1
-0.378392 0.273607 0.922084 1
-0.392494 0.138676 0.931871 1
-0.351589 0.263903 0.934844 1
-0.348037 0.267655 0.948136 1
-0.404969 0.270260 0.933505 1
-0.397934 0.172688 0.924979 1
-0.401888 0.248151 0.926403 1
-0.394897 0.233612 0.921784 1
-0.408089 0.194368 0.932937 1
-0.390082 0.168842 0.922196 1
-0.370433 0.122353 0.935589 1
-0.394731 0.090831 0.941214 1
-0.376801 0.186330 0.918206 1
-0.346164 0.244806 0.952394 1
-0.357107 0.209916 0.927279 1
-0.379850 0.165405 0.921585 1
-0.391610 0.117568 0.937806 1
-0.358312 0.194607 0.926069 1
-0.364952 0.192036 0.921744 1
-0.347043 0.229343 0.959575 1
-0.355916 0.150351 0.941832 1
-0.375226 0.093596 0.934915 1
-0.371508 0.268450 0.921510 1
-0.352193 0.156816 0.950121 1
-0.387093 0.213025 0.919047 1
-0.395944 0.145432 0.932078 1
-0.368423 0.092318 0.939069 1
-0.367279 0.169065 0.923417 1
-0.363431 0.106891 0.948139 1
-0.382163 0.112202 0.935384 1
-0.370622 0.164073 0.923445 1
-0.380645 0.110564 0.935800 1
-0.376770 0.096932 0.934562 1
-0.378357 0.163816 0.921997 1
-0.353522 0.193975 0.931052 1
-0.389715 0.266734 0.921326 1
-0.351280 0.277776 0.947657 1
-0.401736 0.224672 0.926052 1
-0.355900 0.235313 0.928493 1
-0.359999 0.133617 0.943627 1
-0.363594 0.247111 0.922518 1
-0.347631 0.175097 0.947029 1
-0.369493 0.160976 0.924789 1
-0.350472 0.170569 0.940900 1
-0.350284 0.225363 0.935861 1
-0.376256 0.122052 0.933288 1
-0.383502 0.222812 0.918388 1
-0.359619 0.212768 0.925135 1
-0.362250 0.187371 0.923333 1
-0.371629 0.168771 0.921811 1
-0.394944 0.248607 0.921894 1
-0.356617 0.277369 0.934763 1
-0.386625 0.283080 0.925867 1
-0.355619 0.277906 0.936574 1
-0.387151 0.237928 0.919185 1
-0.353594 0.262886 0.931242 1
-0.389305 0.117383 0.936329 1
-0.346455 0.185631 0.948486 1
-0.354689 0.237298 0.929710 1
-0.356361 0.142715 0.947533 1
-0.353108 0.172761 0.934400 1
-0.382354 0.110570 0.935852 1
-0.347002 0.207178 0.945317 1
-0.393434 0.159546 0.926171 1
-0.346900 0.253144 0.945040 1
-0.388851 0.191523 0.919284 1
-0.347609 0.199727 0.942341 1
-0.365007 0.256918 0.921885 1
-0.388866 0.198164 0.919321 1
-0.408605 0.233368 0.934117 1
-0.346964 0.224206 0.945214 1
-0.346825 0.248227 0.958973 1
-0.359621 0.217775 0.925141 1
-0.351376 0.196332 0.934277 1
-0.347569 0.228597 0.942230 1
-0.397839 0.148874 0.932581 1
-0.358312 0.231358 0.926070 1
-0.372208 0.188176 0.919133 1
-0.346259 0.222534 0.952656 1
-0.369243 0.211588 0.920007 1
-0.380225 0.250998 0.918477 1
-0.350978 0.173375 0.937717 1
-0.385328 0.231197 0.918791 1
-0.346410 0.206135 0.948363 1
-0.382656 0.123627 0.932473 1
-0.426020 0.164538 0.986130 1
-0.357732 0.267252 0.928901 1
-0.401975 0.261576 0.926603 1
-0.383506 0.224471 0.918397 1
-0.354689 0.197049 0.929709 1
-0.420617 0.141391 0.985974 1
-0.380181 0.226121 0.918370 1
-0.364964 0.207007 0.921776 1
-0.346223 0.231102 0.952556 1
-0.370676 0.189899 0.919446 1
-0.379344 0.268114 0.920357 1
-0.381980 0.176489 0.918711 1
-0.363589 0.235459 0.922504 1
-0.390853 0.229865 0.920095 1
-0.363563 0.178870 0.922440 1
-0.360932 0.190885 0.924223 1
-0.347579 0.182891 0.961056 1
-0.388554 0.283268 0.926484 1
-0.352428 0.241400 0.932600 1
-0.367801 0.190127 0.920553 1
-0.389635 0.171971 0.921139 1
-0.379980 0.101946 0.934166 1
-0.346377 0.195105 0.952979 1
-0.352442 0.212811 0.932638 1
-0.366295 0.137255 0.933645 1
-0.378755 0.128491 0.931154 1
-0.358312 0.192937 0.926069 1
-0.355900 0.211865 0.928493 1
-0.394834 0.213626 0.921638 1
-0.357733 0.151381 0.937687 1
-0.377828 0.089150 0.941399 1
-0.361760 0.156959 0.930644 1
-0.395398 0.275023 0.926858 1
-0.388823 0.179903 0.919219 1
-0.375423 0.262713 0.918887 1
-0.366455 0.135630 0.934052 1
-0.373788 0.103783 0.935539 1
-0.369266 0.238156 0.920065 1
-0.404449 0.188408 0.928445 1
-0.365004 0.253591 0.921877 1
-0.373751 0.196406 0.918852 1
-0.408560 0.229973 0.934014 1
-0.375285 0.197998 0.918550 1
-0.346387 0.216385 0.948301 1
-0.354583 0.169290 0.933847 1
-0.372330 0.092027 0.936116 1
-0.380193 0.232754 0.918399 1
-0.346927 0.241229 0.945112 1
-0.348251 0.173694 0.958136 1
-0.540657 0.443056 1.423900 1
-0.357107 0.221624 0.927280 1
-0.349339 0.239377 0.937856 1
-0.358166 0.135915 0.947785 1
-0.381837 0.226120 0.918368 1
-0.365358 0.134162 0.935558 1
-0.391405 0.173681 0.921392 1
-0.350300 0.193298 0.935904 1
-0.383487 0.216177 0.918351 1
-0.352713 0.277921 0.942351 1
-0.346237 0.227675 0.952596 1
-0.355900 0.193442 0.928492 1
-0.370689 0.199857 0.919478 1
-0.408111 0.196062 0.932989 1
-0.347162 0.219032 0.959904 1
-0.378581 0.257634 0.918507 1
-0.378631 0.113842 0.934994 1
-0.388921 0.221411 0.919450 1
-0.369949 0.127249 0.934365 1
-0.346361 0.228341 0.948229 1
-0.369762 0.143377 0.929658 1
-0.362662 0.174245 0.924384 1
-0.375337 0.237796 0.918676 1
-0.346394 0.212968 0.948321 1
-0.367800 0.188466 0.920550 1
-0.390704 0.181665 0.919743 1
-0.399076 0.144275 0.935479 1
-0.371366 0.141672 0.929476 1
-0.370999 0.103947 0.937019 1
-0.383011 0.089171 0.941617 1
-0.367820 0.211725 0.920600 1
-0.383803 0.113876 0.935269 1
-0.369270 0.243137 0.920076 1
-0.360940 0.209228 0.924244 1
-0.387034 0.188130 0.918908 1
-0.374993 0.271891 0.921905 1
-0.371488 0.125514 0.933999 1
-0.372754 0.112418 0.937181 1
-0.352435 0.226265 0.932621 1
-0.353525 0.187259 0.931061 1
-0.349347 0.232616 0.937878 1
-0.385363 0.246135 0.918875 1
-0.361201 0.150711 0.933537 1
-0.388929 0.224733 0.919469 1
-0.366401 0.218511 0.921208 1
-0.378305 0.117115 0.934191 1
-0.354689 0.192018 0.929708 1
-0.372498 0.144814 0.928118 1
-0.382880 0.152652 0.924890 1
-0.379556 0.089157 0.941472 1
-0.391455 0.145014 0.929404 1
-0.387928 0.156005 0.924991 1
-0.367207 0.090742 0.940292 1
-0.365394 0.108677 0.948796 1
-0.404969 0.262433 0.929639 1
-0.367386 0.153147 0.927893 1
-0.378540 0.234413 0.918408 1
-0.361652 0.268107 0.926066 1
-0.363601 0.262092 0.922535 1
-0.397119 0.247263 0.923086 1
-0.354594 0.159948 0.938334 1
-0.357108 0.246714 0.927280 1
-0.349797 0.265100 0.939085 1
-0.429794 0.292759 0.986628 1
-0.366454 0.162776 0.925539 1
-0.385390 0.257755 0.918939 1
-0.390800 0.135309 0.931840 1
-0.353020 0.153748 0.952352 1
-0.357108 0.241696 0.927280 1
-0.346296 0.213965 0.952757 1
-0.395617 0.265688 0.923466 1
-0.347535 0.257465 0.942139 1
-0.362097 0.153744 0.931508 1
-0.356640 0.285481 0.939263 1
-0.394876 0.226950 0.921736 1
-0.347559 0.237088 0.942203 1
-0.381425 0.134966 0.929475 1
-0.360530 0.157154 0.931802 1
-0.363583 0.222143 0.922489 1
-0.378342 0.107014 0.934282 1
-0.353846 0.264754 0.931905 1
-0.392826 0.216761 0.920830 1
-0.384782 0.089753 0.985296 1
-0.348483 0.211124 0.940110 1
-0.392733 0.186818 0.920611 1
-0.404690 0.225386 0.928999 1
-0.380155 0.211197 0.918307 1
-0.373371 0.151186 0.926131 1
-0.360926 0.179213 0.924209 1
-0.365023 0.150205 0.930403 1
-0.367637 0.272601 0.924315 1
-0.375827 0.110637 0.936412 1
-0.375287 0.199656 0.918555 1
-0.357511 0.145212 0.941558 1
-0.358312 0.207971 0.926069 1
-0.350296 0.200049 0.935895 1
-0.363447 0.140825 0.934982 1
-0.361090 0.163370 0.928920 1
-0.360952 0.235911 0.924275 1
-0.408066 0.192675 0.932886 1
-0.346128 0.253369 0.952294 1
-0.367491 0.283780 0.928157 1
-0.390626 0.283559 0.927436 1
-0.363589 0.237123 0.922506 1
-0.369276 0.249780 0.920090 1
-0.388855 0.193184 0.919293 1
-0.361928 0.155352 0.931076 1
-0.408830 0.250355 0.934631 1
-0.399415 0.237648 0.924545 1
-0.364865 0.273023 0.925743 1
-0.348516 0.182314 0.940201 1
-0.348595 0.173019 0.945013 1
-0.396970 0.212216 0.922738 1
-0.357799 0.171777 0.929074 1
-0.540648 0.440480 1.423875 1
-0.385924 0.126960 0.932243 1
-0.562258 0.406009 1.312447 1
-0.386788 0.135082 0.930275 1
-0.352452 0.192629 0.932665 1
-0.363299 0.131262 0.938960 1
-0.554694 0.418154 1.351703 1
-0.362267 0.225688 0.923377 1
-0.346142 0.249944 0.952334 1
-0.385447 0.146319 0.927050 1
-0.408717 0.241859 0.934374 1
-0.383579 0.255996 0.918573 1
-0.359109 0.133919 0.945766 1
-0.347341 0.203554 0.960397 1
-0.368983 0.151442 0.927699 1
-0.354616 0.278446 0.938392 1
-0.390895 0.243168 0.920192 1
-0.362262 0.215692 0.923366 1
-0.380099 0.179698 0.918172 1
-0.359631 0.154128 0.933833 1
-0.387004 0.118884 0.934852 1
-0.392873 0.231737 0.920939 1
-0.347583 0.216708 0.942268 1
-0.408522 0.163918 0.941694 1
-0.397112 0.245593 0.923070 1
-0.352724 0.160638 0.942381 1
-0.384974 0.165464 0.921914 1
-0.370750 0.247996 0.919631 1
-0.381875 0.247681 0.918460 1
-0.365493 0.088997 0.958027 1
-0.363644 0.120079 0.944252 1
-0.390838 0.224877 0.920059 1
-0.357107 0.216606 0.927279 1
-0.373331 0.167126 0.921908 1
-0.350334 0.178121 0.935995 1
-0.362576 0.161610 0.928434 1
-0.347636 0.187842 0.942412 1
-0.390756 0.198282 0.919865 1
-0.354689 0.232267 0.929710 1
-0.385293 0.216261 0.918708 1
-0.353499 0.239305 0.930992 1
-0.408672 0.238462 0.934271 1
-0.388971 0.274029 0.923506 1
-0.399451 0.246008 0.924628 1
-0.352755 0.156306 0.947028 1
-0.351346 0.256980 0.934197 1
-0.346984 0.234495 0.959410 1
-0.356428 0.162626 0.934267 1
-0.378543 0.236072 0.918415 1
-0.393626 0.172264 0.922704 1
-0.347651 0.181050 0.942453 1
-0.349325 0.251209 0.937819 1
-0.354351 0.268498 0.933234 1
-0.397169 0.258951 0.923202 1
-0.366417 0.236800 0.921247 1
-0.417023 0.130709 0.985887 1
-0.387190 0.254534 0.919278 1
-0.366402 0.220174 0.921211 1
-0.371245 0.157675 0.924997 1
-0.372197 0.179881 0.919107 1
-0.389393 0.264854 0.920566 1
-0.355900 0.200141 0.928492 1
-0.372437 0.115700 0.936383 1
-0.348418 0.266638 0.944532 1
-0.357108 0.255077 0.927281 1
-0.380231 0.254316 0.918491 1
-0.363567 0.187191 0.922449 1
-0.385351 0.241155 0.918847 1
-0.379172 0.171748 0.919941 1
-0.346091 0.261930 0.952193 1
-0.361199 0.125523 0.946774 1
-0.404438 0.186728 0.928420 1
-0.360028 0.161971 0.930505 1
-0.354689 0.217174 0.929709 1
-0.383652 0.176496 0.918747 1
-0.364311 0.170901 0.924338 1
-0.360923 0.164970 0.928490 1
-0.360931 0.189218 0.924221 1
-0.353497 0.242662 0.930988 1
-0.380211 0.242705 0.918441 1
-0.350286 0.220300 0.935868 1
-0.397055 0.232240 0.922937 1
-0.364980 0.225307 0.921816 1
-0.389348 0.095437 0.936433 1
-0.353511 0.215801 0.931023 1
-0.346113 0.256794 0.952253 1
-0.372336 0.098783 0.936130 1
-0.367207 0.092438 0.940292 1
-0.350290 0.211862 0.935879 1
-0.351355 0.238450 0.934221 1
-0.367817 0.208402 0.920593 1
-0.360020 0.276099 0.930483 1
-0.377797 0.089046 0.958553 1
-0.347062 0.179927 0.945480 1
-0.372894 0.155998 0.924949 1
-0.407887 0.179134 0.932476 1
-0.389007 0.257956 0.919654 1
-0.363490 0.129636 0.939452 1
-0.385349 0.131808 0.930852 1
-0.383456 0.202909 0.918277 1
-0.372159 0.273915 0.923125 1
-0.356346 0.265792 0.929658 1
-0.369222 0.188345 0.919957 1
-0.351697 0.279818 0.948783 1
-0.396745 0.280993 0.930016 1
-0.408178 0.201144 0.933142 1
-0.346315 0.248834 0.948105 1
-0.399307 0.212575 0.924296 1
-0.394932 0.107863 0.941692 1
-0.387112 0.221325 0.919093 1
-0.362551 0.137753 0.937027 1
-0.367983 0.109630 0.942279 1
-0.372289 0.251233 0.919334 1
-0.388383 0.270288 0.922110 1
-0.375879 0.112853 0.985252 1
-0.359684 0.130716 0.947279 1
-0.378473 0.196276 0.918245 1
-0.380176 0.222804 0.918356 1
-0.364469 0.169307 0.924737 1
-0.357108 0.228315 0.927280 1
-0.349351 0.229235 0.937888 1
-0.375313 0.219554 0.918619 1
-0.366818 0.173843 0.922256 1
-0.352567 0.168252 0.937445 1
-0.373100 0.123805 0.933815 1
-0.387262 0.098714 0.935473 1
-0.349341 0.237687 0.937862 1
-0.387287 0.107158 0.935534 1
-0.358882 0.141686 0.940699 1
-0.346308 0.252249 0.948084 1
-0.347043 0.188444 0.945429 1
-0.347202 0.215594 0.960013 1
-0.399081 0.089771 0.985495 1
-0.358890 0.266867 0.927563 1
-0.395935 0.170877 0.924209 1
-0.373758 0.201382 0.918868 1
-0.405792 0.173911 0.931528 1
-0.362268 0.227354 0.923379 1
-0.362274 0.240683 0.923394 1
-0.431378 0.157431 0.986180 1
-0.354689 0.218851 0.929709 1
-0.368442 0.128997 0.934820 1
-0.427799 0.157423 0.986130 1
-0.358312 0.236369 0.926070 1
-0.351911 0.161044 0.944761 1
-0.429784 0.285633 0.986603 1
-0.384875 0.151111 0.925675 1
-0.399415 0.153880 0.932332 1
-0.400225 0.172957 0.926420 1
-0.353330 0.281812 0.943999 1
-0.350581 0.264414 0.936655 1
-0.408650 0.236764 0.934220 1
-0.356235 0.175184 0.929366 1
-0.385073 0.303256 0.986042 1
-0.383706 0.275503 0.922864 1
-0.351631 0.168613 0.939460 1
-0.375431 0.275538 0.922981 1
-0.384305 0.155889 0.924303 1
-0.404624 0.215297 0.928848 1
-0.366041 0.127650 0.937307 1
-0.376686 0.133392 0.930193 1
-0.360962 0.259259 0.924301 1
-0.372322 0.125292 0.985246 1
-0.349368 0.214020 0.937936 1
-0.349317 0.257970 0.937798 1
-0.382954 0.282835 0.925068 1
-0.370595 0.120718 0.935997 1
-0.349821 0.175334 0.939151 1
-0.375991 0.155899 0.924359 1
-0.394761 0.190316 0.921468 1
-0.413425 0.116470 0.985788 1
-0.368423 0.094012 0.939069 1
-0.396977 0.213885 0.922755 1
-0.390792 0.109354 0.939905 1
-0.358311 0.179573 0.926068 1
-0.363294 0.117109 0.947784 1
-0.392791 0.112832 0.940632 1
-0.392842 0.221752 0.920866 1
-0.378552 0.241047 0.918437 1
-0.386555 0.122114 0.933766 1
-0.392941 0.253376 0.921097 1
-0.380323 0.176490 0.918712 1
-0.370116 0.154563 0.926346 1
-0.394865 0.223618 0.921711 1
-0.427818 0.169882 0.986173 1
-0.369224 0.190005 0.919961 1
-0.363578 0.273310 0.926718 1
-0.362265 0.220690 0.923371 1
-0.373798 0.232899 0.918968 1
-0.374342 0.301430 0.985886 1
-0.374443 0.155948 0.924653 1
-0.367803 0.191789 0.920557 1
-0.375352 0.162292 0.922789 1
-0.551561 0.425702 1.368125 1
-0.368121 0.132254 0.934005 1
-0.549955 0.428295 1.376459 1
-0.349629 0.269665 0.943203 1
-0.390375 0.270515 0.922887 1
-0.362044 0.142623 0.935715 1
-0.354689 0.213820 0.929709 1
-0.399292 0.209233 0.924262 1
-0.346179 0.241380 0.952435 1
-0.393353 0.133925 0.933910 1
-0.346353 0.231757 0.948208 1
-0.395368 0.148578 0.930723 1
-0.395627 0.286430 0.931332 1
-0.369253 0.223211 0.920033 1
-0.396991 0.217221 0.922788 1
-0.351383 0.182854 0.934295 1
-0.362288 0.273598 0.927696 1
-0.366589 0.263511 0.921679 1
-0.378465 0.191303 0.918224 1
-0.395940 0.158208 0.928127 1
-0.366664 0.175433 0.921869 1
-0.382412 0.141417 0.927802 1
-0.364584 0.110662 0.951149 1
-0.359551 0.136851 0.942454 1
-0.359328 0.138464 0.941868 1
-0.399400 0.234304 0.924512 1
-0.359097 0.131755 0.954807 1
-0.394329 0.129191 0.936229 1
-0.372203 0.184858 0.919123 1
-0.360311 0.147668 0.935597 1
-0.369238 0.206607 0.919997 1
-0.372201 0.183199 0.919118 1
-0.387159 0.241249 0.919204 1
-0.389376 0.102201 0.936499 1
-0.394777 0.195311 0.921504 1
-0.399501 0.257716 0.924745 1
-0.346865 0.244795 0.959082 1
-0.386497 0.152762 0.925561 1
-0.431411 0.178791 0.986254 1
-0.369261 0.233174 0.920054 1
-0.408156 0.199449 0.933091 1
-0.401910 0.251507 0.926453 1
-0.379407 0.138195 0.928639 1
-0.355899 0.180043 0.928492 1
-0.367615 0.124229 0.937010 1
-0.397083 0.140792 0.934760 1
-0.379511 0.168579 0.920762 1
-0.398471 0.136208 0.938026 1
-0.361480 0.172809 0.925628 1
-0.378338 0.103643 0.934271 1
-0.354689 0.227236 0.929709 1
-0.359361 0.168372 0.928782 1
-0.353887 0.284667 0.959358 1
-0.389429 0.159274 0.924593 1
-0.353512 0.214122 0.931025 1
-0.390709 0.183326 0.919756 1
-0.551540 0.423217 1.368071 1
-0.382537 0.155849 0.924061 1
-0.394975 0.258605 0.921967 1
-0.372235 0.209745 0.919202 1
-0.397148 0.253941 0.923152 1
-0.369086 0.122466 0.936453 1
-0.372248 0.219701 0.919233 1
-0.388964 0.239682 0.919552 1
-0.401432 0.147896 0.937039 1
-0.383822 0.144665 0.927164 1
-0.359728 0.262910 0.925415 1
-0.352861 0.284178 0.951923 1
-0.368269 0.278080 0.925904 1
-0.394792 0.200305 0.921541 1
-0.372594 0.277570 0.924204 1
-0.353435 0.152209 0.953471 1
-0.349378 0.205566 0.937963 1
-0.369250 0.219890 0.920025 1
-0.360223 0.131997 0.944215 1
-0.369183 0.164174 0.924012 1
-0.375352 0.249406 0.918713 1
-0.395560 0.124512 0.939150 1
-0.355899 0.181718 0.928492 1
-0.399300 0.210904 0.924279 1
-0.369264 0.236495 0.920061 1
-0.381342 0.166993 0.921173 1
-0.370735 0.236375 0.919594 1
-0.356122 0.263950 0.929073 1
-0.350284 0.223676 0.935863 1
-0.413430 0.120028 0.985800 1
-0.359610 0.192738 0.925112 1
-0.360927 0.180880 0.924211 1
-0.399479 0.252698 0.924695 1
-0.354689 0.212143 0.929709 1
-0.391037 0.120774 0.936434 1
-0.376856 0.217831 0.918340 1
-0.363604 0.114325 0.953077 1
-0.365696 0.111669 0.945154 1
-0.422646 0.301636 0.986559 1
-0.362253 0.194034 0.923341 1
-0.375264 0.181419 0.918498 1
-0.353491 0.256092 0.930970 1
-0.387042 0.191449 0.918926 1
-0.379129 0.108926 0.936226 1
-0.392107 0.154669 0.926982 1
-0.370723 0.226414 0.919562 1
-0.392821 0.215097 0.920817 1
-0.354021 0.150009 0.950426 1
-0.548330 0.430920 1.384896 1
-0.368424 0.099093 0.939070 1
-0.372199 0.181540 0.919112 1
-0.379709 0.303233 0.985967 1
-0.346325 0.207108 0.952837 1
-0.362249 0.185705 0.923331 1
-0.357108 0.261768 0.927281 1
-0.357107 0.214933 0.927279 1
-0.366384 0.198562 0.921165 1
-0.379974 0.098574 0.934152 1
-0.541532 0.439114 1.419460 1
-0.371081 0.115804 0.937225 1
-0.359610 0.191069 0.925110 1
-0.392951 0.256706 0.921121 1
-0.353881 0.158695 0.940937 1
-0.347763 0.177708 0.942756 1
-0.388015 0.170328 0.921236 1
-0.361593 0.158564 0.930212 1
-0.380528 0.277278 0.923231 1
-0.349380 0.203876 0.937968 1
-0.370682 0.194878 0.919462 1
-0.348477 0.216208 0.940094 1
-0.358312 0.186255 0.926069 1
-0.383174 0.165405 0.921584 1
-0.352422 0.253172 0.932585 1
-0.382491 0.171747 0.919940 1
-0.396948 0.207212 0.922688 1
-0.376891 0.237731 0.918425 1
-0.394079 0.169129 0.923765 1
-0.385252 0.090201 0.934691 1
-0.390141 0.087982 0.985364 1
-0.346904 0.251442 0.945050 1
-0.367828 0.221693 0.920622 1
-0.386020 0.171841 0.920442 1
-0.396803 0.153520 0.930150 1
-0.390956 0.176802 0.920337 1
-0.364326 0.112829 0.954969 1
-0.376038 0.089039 0.958478 1
-0.394860 0.221953 0.921699 1
-0.355164 0.173804 0.930954 1
-0.400492 0.284139 0.934847 1
-0.353004 0.165074 0.938606 1
-0.358482 0.144918 0.939652 1
-0.429610 0.171666 0.986205 1
-0.385258 0.201328 0.918625 1
-0.389205 0.160849 0.924061 1
-0.349343 0.235997 0.937867 1
-0.374052 0.113989 0.936199 1
-0.366106 0.104480 0.941823 1
-0.431574 0.285640 0.986628 1
-0.381855 0.236071 0.918410 1
-0.348512 0.185704 0.940191 1
-0.367861 0.259911 0.920704 1
-0.376768 0.095246 0.934557 1
-0.368564 0.170555 0.922463 1
-0.385283 0.103698 0.934766 1
-0.346885 0.243079 0.959137 1
-0.387162 0.162358 0.923166 1
-0.374081 0.103961 0.985196 1
-0.353320 0.153134 0.948545 1
-0.385397 0.261076 0.918958 1
-0.392483 0.125764 0.935854 1
-0.362516 0.264178 0.924011 1
-0.372225 0.201449 0.919175 1
-0.355481 0.284215 0.940680 1
-0.408874 0.253755 0.934734 1
-0.429618 0.177006 0.986223 1
-0.349003 0.271447 0.955464 1
-0.373822 0.251149 0.919026 1
-0.557773 0.413210 1.335722 1
-0.387202 0.259516 0.919306 1
-0.354871 0.280339 0.939065 1
-0.384406 0.170202 0.920554 1
-0.359639 0.256169 0.925185 1
-0.358312 0.253074 0.926070 1
-0.346443 0.179669 0.953160 1
-0.351381 0.186224 0.934290 1
-0.376309 0.282858 0.925141 1
-0.350330 0.262536 0.935985 1
-0.373813 0.244512 0.919005 1
-0.357107 0.198207 0.927279 1
-0.360939 0.207561 0.924242 1
-0.365003 0.251927 0.921874 1
-0.366310 0.114737 0.942346 1
-0.350300 0.191610 0.935906 1
-0.378470 0.194618 0.918238 1
-0.404445 0.089778 0.985570 1
-0.349345 0.234306 0.937872 1
-0.393716 0.087986 0.985414 1
-0.357957 0.269096 0.929485 1
-0.358312 0.216323 0.926069 1
-0.351361 0.226657 0.934237 1
-0.365810 0.269150 0.923912 1
-0.354689 0.222205 0.929709 1
-0.391339 0.132130 0.933125 1
-0.357467 0.174966 0.928214 1
-0.366431 0.253427 0.921283 1
-0.408046 0.267807 0.936703 1
-0.383444 0.101971 0.934395 1
-0.378081 0.134969 0.929497 1
-0.401682 0.216290 0.925927 1
-0.348453 0.236541 0.940030 1
-0.373787 0.102095 0.935535 1
-0.373248 0.283068 0.925827 1
-0.391702 0.278116 0.926024 1
-0.350448 0.273707 0.945412 1
-0.398522 0.268187 0.926346 1
-0.359963 0.141444 0.939093 1
-0.368832 0.270588 0.923134 1
-0.349406 0.181894 0.938037 1
-0.349335 0.242758 0.937846 1
-0.393936 0.156403 0.927352 1
-0.383926 0.159067 0.923391 1
-0.404515 0.198489 0.928596 1
-0.373807 0.162344 0.923083 1
-0.362506 0.175836 0.923986 1
-0.391854 0.170552 0.922450 1
-0.382240 0.143027 0.927385 1
-0.390530 0.165705 0.923255 1
-0.352157 0.281897 0.950024 1
-0.365340 0.146976 0.931211 1
-0.392935 0.251711 0.921085 1
-0.349349 0.230925 0.937883 1
-0.354982 0.150676 0.943866 1
-0.399314 0.214246 0.924312 1
-0.359939 0.264734 0.925957 1
-0.349065 0.172367 0.960375 1
-0.348471 0.221292 0.940078 1
-0.352443 0.211129 0.932641 1
-0.394803 0.203635 0.921565 1
-0.380530 0.159040 0.923235 1
-0.359617 0.207760 0.925130 1
-0.371000 0.105638 0.937021 1
-0.360687 0.144444 0.936574 1
-0.362927 0.279110 0.929331 1
-0.378532 0.229438 0.918387 1
-0.397658 0.161575 0.928230 1
-0.375289 0.131813 0.930890 1
-0.352098 0.274042 0.940708 1
-0.392894 0.238394 0.920988 1
-0.399422 0.239320 0.924562 1
-0.396515 0.155085 0.929475 1
-0.373033 0.268351 0.921171 1
-0.388917 0.219751 0.919441 1
-0.392950 0.176952 0.921118 1
-0.392749 0.191808 0.920647 1
-0.357107 0.181481 0.927279 1
-0.388356 0.089757 0.985346 1
-0.354689 0.252391 0.929710 1
-0.395093 0.137314 0.934042 1
-0.352505 0.162237 0.941795 1
-0.358312 0.201289 0.926069 1
-0.362262 0.214026 0.923364 1
-0.366213 0.126018 0.937746 1
-0.401693 0.217966 0.925952 1
-0.348449 0.239929 0.940019 1
-0.400668 0.149302 0.935257 1
-0.349404 0.183585 0.938032 1
-0.369283 0.258083 0.920108 1
-0.379339 0.280961 0.924390 1
-0.404460 0.190088 0.928470 1
-0.395366 0.161323 0.926783 1
-0.361706 0.145863 0.934843 1
-0.399221 0.192526 0.924096 1
-0.380091 0.131731 0.930314 1
-0.385256 0.091888 0.934700 1
-0.364940 0.178729 0.921715 1
-0.366392 0.208536 0.921186 1
-0.372625 0.128695 0.932628 1
-0.376792 0.179701 0.918185 1
-0.370725 0.228074 0.919568 1
-0.380105 0.183014 0.918186 1
-0.397429 0.150401 0.931619 1
-0.354690 0.259099 0.929710 1
-0.354852 0.146924 0.952659 1
-0.381881 0.250998 0.918474 1
-0.399206 0.189185 0.924063 1
-0.353320 0.284880 0.948544 1
-0.355224 0.149075 0.944509 1
-0.377921 0.303226 0.985942 1
-0.404778 0.238844 0.929200 1
-0.391674 0.092208 0.937958 1
-0.394305 0.167559 0.924296 1
-0.390859 0.231528 0.920107 1
-0.375277 0.191366 0.918529 1
-0.394928 0.243608 0.921858 1
-0.354689 0.193695 0.929709 1
-0.408201 0.202838 0.933194 1
-0.396735 0.131117 0.937923 1
-0.355900 0.191767 0.928492 1
-0.369217 0.181704 0.919943 1
-0.369257 0.228192 0.920043 1
-0.346338 0.238588 0.948167 1
-0.353661 0.160292 0.940353 1
-0.365050 0.092752 0.943483 1
-0.372027 0.149647 0.926946 1
-0.376772 0.098618 0.934568 1
-0.357107 0.218279 0.927279 1
-0.361253 0.139594 0.938044 1
-0.367790 0.111271 0.941784 1
-0.382366 0.157445 0.923648 1
-0.383533 0.236084 0.918462 1
-0.358312 0.212983 0.926069 1
-0.364651 0.271194 0.925201 1
-0.370871 0.275861 0.924064 1
-0.378485 0.202908 0.918274 1
-0.364981 0.226970 0.921820 1
-0.384202 0.141460 0.928083 1
-0.385374 0.251115 0.918902 1
-0.366428 0.250102 0.921276 1
-0.404866 0.252308 0.929402 1
-0.381041 0.154251 0.924476 1
-0.363870 0.118450 0.944841 1
-0.424437 0.301644 0.986584 1
-0.359195 0.169969 0.928352 1
-0.397012 0.222227 0.922838 1
-0.390181 0.125566 0.934383 1
-0.380434 0.128491 0.931153 1
-0.408582 0.231670 0.934066 1
-0.354689 0.225559 0.929709 1
-0.373904 0.275640 0.923322 1
-0.374648 0.138293 0.929298 1
-0.406233 0.089780 0.985595 1
-0.373766 0.208016 0.918889 1
-0.359639 0.257839 0.925187 1
-0.374083 0.105738 0.985203 1
-0.374102 0.119961 0.985252 1
-0.374097 0.116406 0.985240 1
-0.394808 0.205300 0.921577 1
-0.399443 0.244336 0.924612 1
-0.364954 0.195363 0.921751 1
-0.375356 0.252723 0.918724 1
-0.370998 0.100567 0.937015 1
-0.366300 0.164376 0.925150 1
-0.354842 0.147922 0.948039 1
-0.383648 0.262670 0.918738 1
-0.422649 0.303417 0.986565 1
-0.359029 0.171564 0.927922 1
-0.348451 0.269686 0.949264 1
-0.363572 0.198841 0.922462 1
-0.388981 0.162423 0.923531 1
-0.350305 0.181484 0.935919 1
-0.353502 0.234268 0.930999 1
-0.378243 0.133349 0.929895 1
-0.383564 0.249358 0.918536 1
-0.365936 0.282198 0.928460 1
-0.388949 0.233037 0.919515 1
-0.351347 0.253610 0.934201 1
-0.347613 0.198029 0.942351 1
-0.374374 0.089137 0.941254 1
-0.392961 0.260036 0.921146 1
-0.348496 0.199262 0.940148 1
-0.350295 0.201736 0.935893 1
-0.376844 0.211198 0.918311 1
-0.359799 0.152514 0.934267 1
-0.368827 0.153051 0.927308 1
-0.388913 0.218090 0.919432 1
-0.359793 0.274248 0.929898 1
-0.389341 0.093746 0.936417 1
-0.393718 0.089764 0.985420 1
-0.367807 0.196773 0.920568 1
-0.553126 0.420670 1.359838 1
-0.370659 0.274038 0.923536 1
-0.347281 0.208715 0.960233 1
-0.363108 0.144064 0.934111 1
-0.355900 0.198466 0.928492 1
-0.366105 0.106179 0.941821 1
-0.354717 0.284964 0.943160 1
-0.385312 0.224558 0.918754 1
-0.356896 0.168791 0.931092 1
-0.362273 0.239017 0.923392 1
-0.378482 0.201250 0.918267 1
-0.349432 0.168308 0.947281 1
-0.362302 0.119620 0.954176 1
-0.388354 0.087979 0.985340 1
-0.370680 0.193218 0.919457 1
-0.429792 0.290977 0.986621 1
-0.363597 0.253769 0.922525 1
-0.392789 0.149913 0.928594 1
-0.378555 0.146241 0.926553 1
-0.364997 0.245271 0.921859 1
-0.367787 0.122596 0.937448 1
-0.346938 0.236122 0.945142 1
-0.366366 0.285883 0.929551 1
-0.550739 0.424502 1.372226 1
-0.383003 0.166993 0.921172 1
-0.394902 0.235278 0.921797 1
-0.373467 0.284904 0.926370 1
-0.389962 0.279737 0.925860 1
-0.401522 0.182814 0.925559 1
-0.363565 0.182198 0.922444 1
-0.393441 0.276495 0.926187 1
-0.372339 0.102161 0.936138 1
-0.361631 0.136353 0.939026 1
-0.370746 0.244676 0.919620 1
-0.545832 0.432380 1.397690 1
-0.399458 0.247680 0.924645 1
-0.386553 0.270172 0.921714 1
-0.426009 0.157419 0.986105 1
-0.385289 0.214602 0.918699 1
-0.369284 0.259744 0.920112 1
-0.366394 0.210199 0.921190 1
-0.355502 0.170607 0.931840 1
-0.359608 0.187730 0.925106 1
-0.360956 0.245917 0.924286 1
-0.354558 0.149512 0.947280 1
-0.355254 0.155159 0.940079 1
-0.383285 0.303249 0.986017 1
-0.389236 0.131987 0.932120 1
-0.353789 0.279129 0.940694 1
-0.405850 0.264685 0.931661 1
-0.400164 0.161911 0.930164 1
-0.372102 0.163991 0.922985 1
-0.358962 0.160566 0.932096 1
-0.427998 0.289188 0.986590 1
-0.397622 0.264248 0.924254 1
-0.380020 0.163816 0.921997 1
-0.370699 0.208155 0.919504 1
-0.373775 0.214651 0.918910 1
-0.542411 0.437757 1.415073 1
-0.355900 0.236988 0.928493 1
-0.366421 0.241788 0.921258 1
-0.348469 0.222986 0.940073 1
-0.352433 0.231310 0.932614 1
-0.373736 0.184796 0.918815 1
-0.392868 0.230073 0.920927 1
-0.401790 0.233055 0.926178 1
-0.350302 0.188235 0.935910 1
-0.346995 0.210584 0.945296 1
-0.378570 0.250999 0.918479 1
-0.367841 0.236647 0.920654 1
-0.366398 0.215186 0.921200 1
-0.360529 0.136577 0.940571 1
-0.351363 0.221603 0.934244 1
-0.364296 0.132702 0.937167 1
-0.364976 0.220316 0.921805 1
-0.392723 0.183492 0.920587 1
-0.360673 0.128751 0.945393 1
-0.408290 0.209617 0.933399 1
-0.381896 0.259292 0.918510 1
-0.375882 0.141479 0.928207 1
-0.375304 0.178125 0.918597 1
-0.371471 0.170362 0.921420 1
-0.374100 0.118183 0.985246 1
-0.348317 0.174584 0.944260 1
-0.354108 0.274666 0.937048 1
-0.355900 0.226939 0.928493 1
-0.398798 0.168047 0.926988 1
-0.388122 0.125445 0.933484 1
-0.359624 0.224452 0.925149 1
-0.370708 0.214795 0.919525 1
-0.394954 0.251939 0.921918 1
-0.354689 0.240652 0.929710 1
-0.347632 0.189540 0.942402 1
-0.369274 0.248119 0.920087 1
-0.363585 0.227137 0.922495 1
-0.352455 0.187583 0.932672 1
-0.372541 0.175070 0.919958 1
-0.354603 0.270375 0.933900 1
-0.364963 0.205344 0.921773 1
-0.556242 0.415667 1.343665 1
-0.364552 0.113549 0.946611 1
-0.411600 0.091565 0.985676 1
-0.404580 0.208573 0.928747 1
-0.375869 0.279193 0.924060 1
-0.424217 0.155635 0.986074 1
-0.349408 0.180203 0.938043 1
-0.353021 0.279865 0.943174 1
-0.401551 0.189505 0.925625 1
-0.350267 0.259113 0.935816 1
-0.353496 0.154709 0.958300 1
-0.397196 0.282992 0.931073 1
-0.375345 0.244430 0.918697 1
-0.386825 0.272025 0.922362 1
-0.358226 0.278226 0.985581 1
-0.387022 0.183152 0.918880 1
-0.371001 0.107328 0.937023 1
-0.381673 0.107003 0.934186 1
-0.369804 0.157772 0.925567 1
-0.380662 0.173330 0.919530 1
-0.368411 0.266953 0.922081 1
-0.383436 0.098598 0.934376 1
-0.372577 0.159200 0.924162 1
-0.357107 0.224969 0.927280 1
-0.359633 0.242815 0.925170 1
-0.354953 0.166094 0.934820 1
-0.374120 0.264622 0.919760 1
-0.360958 0.250920 0.924292 1
-0.370156 0.168858 0.922284 1
-0.402565 0.163883 0.931837 1
-0.545019 0.436268 1.402083 1
-0.383448 0.103657 0.934404 1
-0.382184 0.264461 0.919203 1
-0.387085 0.209705 0.919028 1
-0.368672 0.154658 0.926917 1
-0.377390 0.110600 0.936102 1
-0.374085 0.107516 0.985209 1
-0.378520 0.222805 0.918359 1
-0.347103 0.224189 0.959739 1
-0.552335 0.421940 1.363943 1
-0.365889 0.154896 0.928342 1
-0.362213 0.141001 0.936152 1
-0.370231 0.138522 0.930838 1
-0.381805 0.207881 0.918290 1
-0.363581 0.218814 0.922485 1
-0.404569 0.206892 0.928722 1
-0.370427 0.151348 0.927127 1
-0.347938 0.172680 0.952548 1
-0.408044 0.190981 0.932835 1
-0.363100 0.100432 0.951756 1
-0.374090 0.111072 0.985221 1
-0.346428 0.183100 0.953120 1
-0.381941 0.130112 0.930733 1
-0.357302 0.176559 0.927785 1
-0.355182 0.266177 0.931002 1
-0.377057 0.160645 0.922887 1
-0.401616 0.204565 0.925775 1
-0.367470 0.089109 0.940964 1
-0.381004 0.280959 0.924385 1
-0.354320 0.155493 0.942106 1
-0.361632 0.279405 0.930314 1
-0.401704 0.219643 0.925977 1
-0.351347 0.255295 0.934199 1
-0.372384 0.176654 0.919568 1
-0.380054 0.273605 0.922079 1
-0.399465 0.249353 0.924662 1
-0.389925 0.089199 0.941908 1
-0.376783 0.107050 0.934595 1
-0.359528 0.166774 0.929212 1
-0.354689 0.220528 0.929709 1
-0.390843 0.226540 0.920071 1
-0.387282 0.105469 0.935522 1
-0.346208 0.234528 0.952515 1
-0.360958 0.249253 0.924290 1
-0.385544 0.160713 0.923279 1
-0.348874 0.171451 0.945768 1
-0.389462 0.130381 0.932661 1
-0.360935 0.199223 0.924232 1
-0.347519 0.188059 0.960892 1
-0.374779 0.282963 0.925484 1
-0.562990 0.404834 1.308646 1
-0.389389 0.105583 0.936532 1
-0.368603 0.127366 0.935227 1
-0.402198 0.146485 0.938828 1
-0.346357 0.230049 0.948218 1
-0.374125 0.159149 0.923868 1
-0.357107 0.208243 0.927279 1
-0.396920 0.200540 0.922622 1
-0.355900 0.242012 0.928493 1
-0.365839 0.169169 0.923984 1
-0.357283 0.263569 0.927735 1
-0.371292 0.266632 0.920974 1
-0.360942 0.214231 0.924250 1
-0.379784 0.118735 0.933683 1
-0.396855 0.185532 0.922473 1
-0.370672 0.186580 0.919436 1
-0.362256 0.200698 0.923348 1
-0.352440 0.216175 0.932634 1
-0.366404 0.221836 0.921215 1
-0.354362 0.276555 0.937719 1
-0.360932 0.192553 0.924225 1
-0.392744 0.190144 0.920635 1
-0.366418 0.238463 0.921251 1
-0.366438 0.261741 0.921301 1
-0.352458 0.180856 0.932681 1
-0.366108 0.101083 0.941828 1
-0.363432 0.157280 0.985233 1
-0.377597 0.139820 0.928306 1
-0.383575 0.254336 0.918564 1
-0.372341 0.103850 0.936141 1
-0.347032 0.193554 0.945399 1
-0.370764 0.089018 0.958252 1
-0.381893 0.257633 0.918503 1
-0.370765 0.259618 0.919668 1
-0.399472 0.251025 0.924678 1
-0.426012 0.159199 0.986111 1
-0.373689 0.147971 0.926921 1
-0.358312 0.241380 0.926070 1
-0.392771 0.124166 0.936538 1
-0.358315 0.259758 0.926078 1
-0.381781 0.194617 0.918233 1
-0.367798 0.186805 0.920546 1
-0.355270 0.145377 0.953779 1
-0.381656 0.096888 0.934142 1
-0.366437 0.260079 0.921298 1
-0.354689 0.242329 0.929710 1
-0.417021 0.128930 0.985881 1
-0.367427 0.270779 0.923787 1
-0.351791 0.272108 0.939889 1
-0.394751 0.092533 0.941261 1
-0.405158 0.158172 0.937839 1
-0.352365 0.169845 0.936907 1
-0.360357 0.126426 0.953582 1
-0.362349 0.177426 0.923588 1
-0.372278 0.117339 0.935985 1
-0.376806 0.189645 0.918220 1
-0.350101 0.267026 0.939903 1
-0.393384 0.089212 0.942052 1
-0.401099 0.139918 0.940221 1
-0.357359 0.154602 0.936707 1
-0.402150 0.165394 0.930876 1
-0.372522 0.089025 0.958328 1
-0.394739 0.127635 0.937200 1
-0.348443 0.245012 0.940003 1
-0.385246 0.196351 0.918597 1
-0.385219 0.184739 0.918532 1
-0.362433 0.150523 0.932375 1
-0.375237 0.107090 0.934944 1
-0.378156 0.271774 0.921509 1
-0.359933 0.127995 0.952462 1
-0.400242 0.150828 0.934262 1
-0.347539 0.186337 0.960946 1
-0.368361 0.157869 0.926137 1
-0.361859 0.281259 0.930896 1
-0.396795 0.166236 0.926215 1
-0.389445 0.144890 0.928610 1
-0.426222 0.298088 0.986596 1
-0.379578 0.136581 0.929057 1
-0.347602 0.203122 0.942320 1
-0.388847 0.189863 0.919274 1
-0.385355 0.242815 0.918856 1
-0.387100 0.216345 0.919065 1
-0.363568 0.188855 0.922451 1
-0.394282 0.280434 0.928165 1
-0.361949 0.168018 0.926828 1
-0.362501 0.275433 0.928240 1
-0.397126 0.248932 0.923103 1
-0.360950 0.230908 0.924269 1
-0.383463 0.206225 0.918296 1
-0.376841 0.209540 0.918304 1
-0.372342 0.105539 0.936145 1
-0.388835 0.184883 0.919247 1
-0.401623 0.206239 0.925792 1
-0.354631 0.260418 0.985469 1
-0.363579 0.213821 0.922480 1
-0.380152 0.209539 0.918300 1
-0.359586 0.144681 0.938111 1
-0.360943 0.215899 0.924252 1
-0.370701 0.209815 0.919510 1
-0.398071 0.266215 0.925299 1
-0.370737 0.238035 0.919599 1
-0.375283 0.196340 0.918545 1
-0.358312 0.221335 0.926069 1
-0.346915 0.264683 0.949747 1
-0.390733 0.178360 0.919811 1
-0.364004 0.276978 0.927806 1
-0.549934 0.425795 1.376405 1
-0.403722 0.170386 0.930629 1
-0.373778 0.091968 0.935513 1
-0.351377 0.194648 0.934279 1
-0.346786 0.251657 0.958863 1
-0.360549 0.125892 0.949558 1
-0.360963 0.260927 0.924303 1
-0.394881 0.228615 0.921748 1
-0.378575 0.254317 0.918493 1
-0.363521 0.151957 0.930853 1
-0.348188 0.171955 0.948547 1
-0.390946 0.259801 0.920314 1
-0.370691 0.201516 0.919483 1
-0.402891 0.173386 0.928715 1
-0.348506 0.190788 0.940175 1
-0.394177 0.269173 0.923995 1
-0.347261 0.210435 0.960178 1
-0.397162 0.257281 0.923186 1
-0.399571 0.142764 0.936639 1
-0.378578 0.255975 0.918500 1
-0.397091 0.240585 0.923020 1
-0.404756 0.235479 0.929150 1
-0.401536 0.186159 0.925592 1
-0.388785 0.135193 0.931041 1
-0.357106 0.138540 0.954087 1
-0.357507 0.265409 0.928318 1
-0.354689 0.254068 0.929710 1
-0.370740 0.239695 0.919604 1
-0.357289 0.146819 0.940973 1
-0.396984 0.215553 0.922771 1
-0.397084 0.238916 0.923003 1
-0.364253 0.123116 0.941424 1
-0.354689 0.249037 0.929710 1
-0.362919 0.134509 0.937977 1
-0.385164 0.163882 0.922369 1
-0.387019 0.181493 0.918871 1
-0.367545 0.151539 0.928295 1
-0.395243 0.263773 0.922593 1
-0.387077 0.206386 0.919010 1
-0.383494 0.219495 0.918370 1
-0.426015 0.160978 0.986117 1
-0.364163 0.099782 0.945600 1
-0.372218 0.196472 0.919160 1
-0.377228 0.112240 0.935699 1
-0.362268 0.229020 0.923381 1
-0.387194 0.256195 0.919287 1
-0.360018 0.281792 0.985618 1
-0.366555 0.122750 0.938623 1
-0.349712 0.166733 0.948040 1
-0.359767 0.283938 0.934185 1
-0.390823 0.219890 0.920022 1
-0.346949 0.231015 0.945173 1
-0.353174 0.275255 0.939057 1
-0.431400 0.171670 0.986229 1
-0.372261 0.229658 0.919265 1
-0.358312 0.196278 0.926069 1
-0.386353 0.281211 0.925214 1
-0.351365 0.218234 0.934248 1
-0.381897 0.146241 0.926552 1
-0.387256 0.097025 0.935461 1
-0.392858 0.226744 0.920903 1
-0.401616 0.278690 0.933539 1
-0.353516 0.205728 0.931036 1
-0.373745 0.191430 0.918836 1
-0.390915 0.249821 0.920241 1
-0.351413 0.170202 0.938878 1
-0.367864 0.148319 0.929100 1
-0.380360 0.160633 0.922822 1
-0.393971 0.119462 0.939401 1
-0.424214 0.153856 0.986068 1
-0.375272 0.188050 0.918519 1
-0.543294 0.438961 1.410738 1
-0.415224 0.123589 0.985837 1
-0.374341 0.279297 0.924402 1
-0.383427 0.189643 0.918210 1
-0.392863 0.228409 0.920915 1
-0.393074 0.148346 0.929268 1
-0.560802 0.410778 1.320164 1
-0.399185 0.184175 0.924013 1
-0.390807 0.214902 0.919986 1
-0.358296 0.166981 0.930367 1
-0.376853 0.216173 0.918333 1
-0.352425 0.246445 0.932594 1
-0.364959 0.200353 0.921762 1
-0.363206 0.155180 0.930046 1
-0.375281 0.194682 0.918540 1
-0.385884 0.112303 0.936224 1
-0.394980 0.260271 0.921979 1
-0.380472 0.112201 0.935376 1
-0.390879 0.238179 0.920156 1
-0.383466 0.178067 0.918302 1
-0.364438 0.269367 0.924660 1
-0.369450 0.146607 0.928874 1
-0.374088 0.109294 0.985215 1
-0.396511 0.269628 0.925554 1
-0.371942 0.272091 0.922586 1
-0.390781 0.206591 0.919925 1
-0.401932 0.254863 0.926503 1
-0.368822 0.112766 0.940084 1
-0.368984 0.137003 0.931928 1
-0.375274 0.189708 0.918524 1
-0.383537 0.237743 0.918471 1
-0.399393 0.232632 0.924495 1
-0.383717 0.130145 0.930967 1
-0.351363 0.223288 0.934241 1
-0.384865 0.120428 0.933753 1
-0.401544 0.187832 0.925608 1
-0.393162 0.285860 0.929476 1
-0.383424 0.187986 0.918203 1
-0.356128 0.281688 0.937916 1
-0.378695 0.160633 0.922822 1
-0.418823 0.137829 0.985937 1
-0.370859 0.132029 0.932416 1
-0.385386 0.256095 0.918930 1
-0.392920 0.246717 0.921048 1
-0.346882 0.261653 0.944989 1
-0.346402 0.209552 0.948342 1
-0.346421 0.201010 0.948394 1
-0.397907 0.137704 0.936699 1
-0.363800 0.263901 0.923041 1
-0.383467 0.207884 0.918305 1
-0.350275 0.242239 0.935839 1
-0.384186 0.266358 0.920026 1
-0.378188 0.165405 0.921585 1
-0.386210 0.170265 0.920895 1
-0.390884 0.239842 0.920168 1
-0.364466 0.131073 0.937605 1
-0.375667 0.112278 0.936014 1
-0.366365 0.150067 0.929549 1
-0.372231 0.206427 0.919191 1
-0.395912 0.134222 0.935979 1
-0.396863 0.187199 0.922490 1
-0.350270 0.252363 0.935825 1
-0.350305 0.183171 0.935917 1
-0.381816 0.214513 0.918318 1
-0.363617 0.139204 0.935419 1
-0.346372 0.223217 0.948260 1
-0.367207 0.107703 0.940292 1
-0.388560 0.136793 0.930502 1
-0.380140 0.202907 0.918271 1
-0.397495 0.139250 0.935729 1
-0.376953 0.146268 0.926723 1
-0.373760 0.203040 0.918873 1
-0.388937 0.228055 0.919487 1
-0.375350 0.247747 0.918708 1
-0.387015 0.179833 0.918862 1
-0.381853 0.162225 0.922409 1
-0.378526 0.162225 0.922409 1
-0.370271 0.152956 0.926736 1
-0.378517 0.221147 0.918352 1
-0.431419 0.184131 0.986273 1
-0.369195 0.089116 0.941037 1
-0.378450 0.183014 0.918189 1
-0.387236 0.090271 0.935412 1
-0.370110 0.125618 0.934773 1
-0.371083 0.277687 0.924593 1
-0.354689 0.200403 0.929709 1
-0.388827 0.181563 0.919228 1
-0.376982 0.262644 0.918646 1
-0.357107 0.191516 0.927279 1
-0.373792 0.227922 0.918952 1
-0.353514 0.209086 0.931032 1
-0.348492 0.202651 0.940137 1
-0.385659 0.113925 0.935679 1
-0.363603 0.164666 0.926782 1
-0.387295 0.262896 0.919526 1
-0.347575 0.223502 0.942246 1
-0.368903 0.283578 0.927498 1
-0.346964 0.236212 0.959356 1
-0.383063 0.151055 0.925330 1
-0.388968 0.241343 0.919562 1
-0.377681 0.170164 0.920352 1
-0.354689 0.230590 0.929710 1
-0.353497 0.244341 0.930985 1
-0.404745 0.233797 0.929125 1
-0.401820 0.155842 0.934013 1
-0.364950 0.190373 0.921740 1
-0.366136 0.138879 0.933238 1
-0.392718 0.181829 0.920574 1
-0.351344 0.279185 0.952465 1
-0.378587 0.260952 0.918522 1
-0.388831 0.183223 0.919237 1
-0.368424 0.097399 0.939070 1
-0.390466 0.123971 0.935066 1
-0.378444 0.179699 0.918175 1
-0.357107 0.203225 0.927279 1
-0.354690 0.260776 0.929710 1
-0.362248 0.184039 0.923329 1
-0.356267 0.141649 0.951848 1
-0.373258 0.122173 0.934211 1
-0.364062 0.124748 0.940930 1
-0.352457 0.182537 0.932678 1
-0.373815 0.246171 0.919010 1
-0.349384 0.200494 0.937979 1
-0.383437 0.273646 0.922216 1
-0.346417 0.202718 0.948383 1
-0.357108 0.236678 0.927280 1
-0.409812 0.091563 0.985651 1
-0.428004 0.292751 0.986603 1
-0.389011 0.259617 0.919664 1
-0.390574 0.136911 0.931300 1
-0.365046 0.096154 0.943473 1
-0.392712 0.180166 0.920562 1
-0.427815 0.168102 0.986167 1
-0.359636 0.249492 0.925177 1
-0.400150 0.274317 0.930131 1
-0.367207 0.094134 0.940292 1
-0.372376 0.275742 0.923664 1
-0.375315 0.221212 0.918624 1
-0.369219 0.185025 0.919950 1
-0.346934 0.237825 0.945132 1
-0.371721 0.283176 0.926183 1
-0.388196 0.089192 0.941835 1
-0.366388 0.203549 0.921175 1
-0.374122 0.277467 0.923862 1
-0.354689 0.185310 0.929708 1
-0.380199 0.236071 0.918413 1
-0.378523 0.224463 0.918366 1
-0.389396 0.107274 0.936549 1
-0.392981 0.162699 0.925104 1
-0.363577 0.210492 0.922476 1
-0.378468 0.115479 0.934592 1
-0.391745 0.107455 0.938128 1
-0.372227 0.203108 0.919181 1
-0.379983 0.103632 0.934174 1
-0.390931 0.254811 0.920277 1
-0.363107 0.098717 0.951775 1
-0.408021 0.089782 0.985620 1
-0.351516 0.159935 0.948293 1
-0.380226 0.146241 0.926552 1
-0.355364 0.276019 0.935904 1
-0.347122 0.222470 0.959794 1
-0.347047 0.186740 0.945440 1
-0.364942 0.180393 0.921719 1
-0.383419 0.184670 0.918188 1
-0.346991 0.212287 0.945286 1
-0.370933 0.160877 0.924221 1
-0.397082 0.164685 0.926886 1
-0.352295 0.160134 0.959737 1
-0.402477 0.174881 0.927761 1
-0.378637 0.262643 0.918641 1
-0.378895 0.143027 0.927386 1
-0.404701 0.227068 0.929024 1
-0.390755 0.164134 0.923786 1
-0.349400 0.186967 0.938021 1
-0.353602 0.270898 0.935708 1
-0.362046 0.125225 0.944528 1
-0.371934 0.285010 0.926714 1
-0.375332 0.234479 0.918666 1
-0.349456 0.168257 0.956704 1
-0.407335 0.171199 0.935071 1
-0.560056 0.411982 1.324032 1
-0.550761 0.426994 1.372280 1
-0.429613 0.173446 0.986211 1
-0.364013 0.265721 0.923580 1
-0.378453 0.184672 0.918196 1
-0.379612 0.120365 0.933260 1
-0.387455 0.115646 0.935941 1
-0.361863 0.269935 0.926609 1
-0.347531 0.260861 0.942128 1
-0.346186 0.239667 0.952455 1
-0.373811 0.242853 0.919000 1
-0.388894 0.209787 0.919386 1
-0.378468 0.192960 0.918231 1
-0.363568 0.190520 0.922453 1
-0.561543 0.409582 1.316319 1
-0.387186 0.252873 0.919269 1
-0.352900 0.282833 0.947418 1
-0.356359 0.147136 0.943004 1
-0.365392 0.265513 0.922857 1
-0.365468 0.113304 0.944565 1
-0.394793 0.138893 0.933333 1
-0.367818 0.210063 0.920596 1
-0.367071 0.117836 0.939943 1
-0.377216 0.264466 0.919218 1
-0.399003 0.155401 0.931371 1
-0.347621 0.194634 0.942371 1
-0.361017 0.262634 0.924442 1
-0.404548 0.203530 0.928671 1
-0.347083 0.225907 0.959684 1
-0.358312 0.211312 0.926069 1
-0.390802 0.213240 0.919974 1
-0.366422 0.243451 0.921262 1
-0.383583 0.257655 0.918582 1
-0.400577 0.160399 0.931123 1
-0.383074 0.089067 0.958779 1
-0.353349 0.269018 0.935039 1
-0.399271 0.204220 0.924212 1
-0.411597 0.089787 0.985669 1
-0.358860 0.276498 0.931829 1
-0.369658 0.093895 0.937904 1
-0.358312 0.219664 0.926069 1
-0.368424 0.105869 0.939070 1
-0.393360 0.146776 0.929943 1
-0.354689 0.205435 0.929709 1
-0.365182 0.148591 0.930807 1
-0.347549 0.245579 0.942176 1
-0.379920 0.133349 0.929894 1
-0.346451 0.187340 0.948476 1
-0.352048 0.281466 0.954374 1
-0.371962 0.120614 0.935190 1
-0.371401 0.156072 0.925386 1
-0.370767 0.261279 0.919673 1
-0.361425 0.160168 0.929781 1
-0.357964 0.170180 0.929505 1
-0.364966 0.208671 0.921780 1
-0.381283 0.089164 0.941544 1
-0.346274 0.219106 0.952697 1
-0.426214 0.292744 0.986578 1
-0.346157 0.246519 0.952374 1
-0.361538 0.147480 0.934407 1
-0.374710 0.122097 0.933631 1
-0.399508 0.259388 0.924761 1
-0.350293 0.206799 0.935886 1
-0.372240 0.213064 0.919212 1
-0.373015 0.170307 0.921127 1
-0.364678 0.140649 0.933816 1
-0.379989 0.107004 0.934188 1
-0.385065 0.149516 0.926133 1
-0.351126 0.165786 0.942655 1
-0.394970 0.256938 0.921955 1
-0.360935 0.197555 0.924231 1
-0.353223 0.163482 0.939187 1
-0.371295 0.279514 0.925122 1
-0.376847 0.212856 0.918319 1
-0.347023 0.231060 0.959520 1
-0.358312 0.204630 0.926069 1
-0.372301 0.261191 0.919365 1
-0.385262 0.178132 0.918635 1
-0.385273 0.207965 0.918662 1
-0.383976 0.277363 0.923514 1
-0.394791 0.095939 0.941357 1
-0.391910 0.128951 0.934487 1
-0.374211 0.112348 0.936597 1
-0.390761 0.199943 0.919877 1
-0.349315 0.259660 0.937793 1
-0.363574 0.202170 0.922466 1
-0.361442 0.137974 0.938535 1
-0.370731 0.233055 0.919583 1
-0.381667 0.103632 0.934171 1
-0.347545 0.248975 0.942166 1
-0.379977 0.100260 0.934159 1
-0.347123 0.175704 0.950316 1
-0.362280 0.255678 0.923411 1
-0.367161 0.141991 0.931569 1
-0.404888 0.255674 0.929452 1
-0.395400 0.173976 0.922959 1
-0.349372 0.210639 0.937947 1
-0.360150 0.266561 0.926499 1
-0.552357 0.424417 1.363996 1
-0.362940 0.267825 0.925092 1
-0.381819 0.216171 0.918325 1
-0.355406 0.268025 0.931588 1
-0.367897 0.162676 0.924969 1
-0.394823 0.210295 0.921614 1
-0.355900 0.206841 0.928492 1
-0.382465 0.125247 0.932009 1
-0.392725 0.178511 0.920591 1
-0.382430 0.279116 0.923803 1
-0.387241 0.091959 0.935424 1
-0.399257 0.200879 0.924179 1
-0.392208 0.140254 0.931193 1
-0.350274 0.243926 0.935836 1
-0.363078 0.105576 0.951698 1
-0.404679 0.223705 0.928973 1
-0.380173 0.221146 0.918349 1
-0.408335 0.213008 0.933501 1
-0.384966 0.135032 0.929927 1
-0.380128 0.115471 0.934529 1
-0.374999 0.284799 0.926026 1
-0.371243 0.114164 0.937635 1
-0.347594 0.206517 0.942300 1
-0.399630 0.262805 0.925044 1
-0.366407 0.225161 0.921222 1
-0.363596 0.252104 0.922523 1
-0.366378 0.191912 0.921150 1
-0.376525 0.135012 0.929795 1
-0.369240 0.208268 0.920000 1
-0.356803 0.143913 0.944178 1
-0.366381 0.195237 0.921157 1
-0.348445 0.243318 0.940009 1
-0.380568 0.143027 0.927386 1
-0.403854 0.267837 0.930935 1
-0.363446 0.166266 0.926382 1
-0.369960 0.156168 0.925956 1
-0.380237 0.257633 0.918505 1
-0.424431 0.298081 0.986571 1
-0.352344 0.269539 0.936851 1
-0.350285 0.221988 0.935866 1
-0.354689 0.207112 0.929709 1
-0.375311 0.217896 0.918613 1
-0.385211 0.181422 0.918514 1
-0.351367 0.214865 0.934253 1
-0.347441 0.175014 0.955908 1
-0.355329 0.172204 0.931386 1
-0.357107 0.196534 0.927279 1
-0.390890 0.241505 0.920180 1
-0.553148 0.423140 1.359891 1
-0.360952 0.237578 0.924276 1
-0.351997 0.173044 0.935929 1
-0.359621 0.216106 0.925139 1
-0.555492 0.419354 1.347724 1
-0.372598 0.264719 0.920098 1
-0.354098 0.266625 0.932569 1
-0.386467 0.089185 0.941762 1
-0.387182 0.251212 0.919260 1
-0.378462 0.189645 0.918217 1
-0.376885 0.234414 0.918411 1
-0.387135 0.231286 0.919148 1
-0.378546 0.237730 0.918422 1
-0.370752 0.249656 0.919636 1
-0.401565 0.192852 0.925659 1
-0.399364 0.225945 0.924429 1
-0.381834 0.224462 0.918361 1
-0.375848 0.089742 0.985172 1
-0.356384 0.283583 0.938589 1
-0.350273 0.247301 0.935832 1
-0.369657 0.092203 0.937902 1
-0.346435 0.181384 0.953140 1
-0.370763 0.257958 0.919662 1
-0.366524 0.148455 0.929953 1
-0.394511 0.271070 0.924779 1
-0.388980 0.246326 0.919589 1
-0.359630 0.237807 0.925164 1
-0.372226 0.178238 0.919180 1
-0.389054 0.176692 0.919766 1
-0.365099 0.162916 0.926336 1
-0.401953 0.258220 0.926553 1
-0.347581 0.218406 0.942262 1
-0.396941 0.205544 0.922672 1
-0.386569 0.089755 0.985321 1
-0.364165 0.098077 0.945605 1
-0.368424 0.104175 0.939070 1
-0.349769 0.165861 0.952856 1
-0.360938 0.205893 0.924240 1
-0.390869 0.234853 0.920132 1
-0.355900 0.257086 0.928494 1
-0.348475 0.217903 0.940089 1
-0.372255 0.224679 0.919249 1
-0.372269 0.236296 0.919286 1
-0.353528 0.182222 0.931067 1
-0.366502 0.113097 0.942842 1
-0.359313 0.280213 0.933006 1
-0.358863 0.173158 0.927493 1
-0.369571 0.117552 0.937682 1
-0.393562 0.121031 0.938425 1
-0.356717 0.142514 0.957664 1
-0.369392 0.263140 0.920381 1
-0.346893 0.256547 0.945019 1
-0.429588 0.157427 0.986155 1
-0.362264 0.219024 0.923370 1
-0.387252 0.176627 0.919426 1
-0.388960 0.238020 0.919543 1
-0.358312 0.197948 0.926069 1
-0.362278 0.250680 0.923406 1
-0.399249 0.199208 0.924163 1
-0.431408 0.177011 0.986248 1
-0.381477 0.271771 0.921499 1
-0.364167 0.096372 0.945611 1
-0.376792 0.147876 0.926328 1
-0.375224 0.091909 0.934911 1
-0.375227 0.095282 0.934919 1
-0.347567 0.230295 0.942225 1
-0.364325 0.115185 0.946020 1
-0.362247 0.182373 0.923328 1
-0.387128 0.227966 0.919130 1
-0.363598 0.257098 0.922529 1
-0.369115 0.285415 0.928030 1
-0.364979 0.223643 0.921812 1
-0.355900 0.213540 0.928493 1
-0.367250 0.089004 0.958103 1
-0.355900 0.248711 0.928494 1
-0.367207 0.106007 0.940292 1
-0.346318 0.208822 0.952817 1
-0.560780 0.408382 1.320114 1
-0.384495 0.154298 0.924760 1
-0.361229 0.264456 0.924983 1
-0.365976 0.140501 0.932832 1
-0.387824 0.171905 0.920783 1
-0.346267 0.220820 0.952676 1
-0.362358 0.119073 0.949812 1
-0.358315 0.258087 0.926076 1
-0.374078 0.102183 0.985190 1
-0.383483 0.214518 0.918342 1
-0.390735 0.191634 0.919816 1
-0.558532 0.411992 1.331786 1
-0.381790 0.199591 0.918255 1
-0.351374 0.199702 0.934273 1
-0.381726 0.147846 0.926136 1
-0.385223 0.186398 0.918542 1
-0.385537 0.275622 0.923262 1
-0.354689 0.235621 0.929710 1
-0.364974 0.218652 0.921802 1
-0.394222 0.154843 0.928024 1
-0.372310 0.131947 0.931838 1
-0.357107 0.184826 0.927279 1
-0.367838 0.233324 0.920647 1
-0.385290 0.107072 0.934785 1
-0.385242 0.194692 0.918588 1
-0.373828 0.256126 0.919042 1
-0.375326 0.229504 0.918650 1
-0.361652 0.162610 0.985227 1
-0.384584 0.138249 0.929004 1
-0.394870 0.225284 0.921724 1
-0.374280 0.089032 0.958403 1
-0.347588 0.211613 0.942284 1
-0.368995 0.111123 0.940525 1
-0.397370 0.163131 0.927557 1
-0.376899 0.242707 0.918446 1
-0.403118 0.265672 0.929237 1
-0.365011 0.261910 0.921895 1
-0.378019 0.166993 0.921174 1
-0.373738 0.186455 0.918821 1
-0.390114 0.089095 0.959079 1
-0.356986 0.157817 0.935730 1
-0.385227 0.188057 0.918551 1
-0.401671 0.214614 0.925902 1
-0.383425 0.093539 0.934348 1
-0.385339 0.236176 0.918819 1
-0.372815 0.266534 0.920634 1
-0.374774 0.270070 0.921368 1
-0.381953 0.275439 0.922650 1
-0.351447 0.177830 0.934466 1
-0.393928 0.130747 0.935275 1
-0.349556 0.170951 0.943006 1
-0.364977 0.221979 0.921809 1
-0.369889 0.279713 0.925778 1
-0.381171 0.168579 0.920762 1
-0.355899 0.183393 0.928492 1
-0.346889 0.258249 0.945009 1
-0.390699 0.180004 0.919731 1
-0.348757 0.169643 0.954791 1
-0.387089 0.211365 0.919037 1
-0.380766 0.279117 0.923808 1
-0.351375 0.198017 0.934275 1
-0.350281 0.230426 0.935854 1
-0.351372 0.204756 0.934266 1
-0.370778 0.162476 0.923833 1
-0.348479 0.214514 0.940100 1
-0.385641 0.174990 0.919538 1
-0.371523 0.140055 0.929869 1
-0.381670 0.105317 0.934178 1
-0.346398 0.211260 0.948332 1
-0.549123 0.427096 1.380610 1
-0.358312 0.202960 0.926069 1
-0.392889 0.236730 0.920976 1
-0.368201 0.265138 0.921555 1
-0.360875 0.142829 0.937064 1
-0.379034 0.157445 0.923648 1
-0.388945 0.231376 0.919506 1
-0.349376 0.207257 0.937957 1
-0.362724 0.120339 0.946297 1
-0.431394 0.168110 0.986217 1
-0.346979 0.217395 0.945255 1
-0.355900 0.253736 0.928494 1
-0.373730 0.179821 0.918800 1
-0.359640 0.259508 0.925189 1
-0.350268 0.257426 0.935819 1
-0.374399 0.171842 0.920445 1
-0.383917 0.264513 0.919381 1
-0.374551 0.123728 0.933235 1
-0.375298 0.207947 0.918582 1
-0.364947 0.187046 0.921733 1
-0.370733 0.234715 0.919589 1
-0.554715 0.420608 1.351756 1
-0.383421 0.091852 0.934338 1
-0.366608 0.161174 0.925928 1
-0.370697 0.206496 0.919499 1
-0.348494 0.200957 0.940142 1
-0.376827 0.201250 0.918269 1
-0.408448 0.221488 0.933758 1
-0.348502 0.194178 0.940164 1
-0.384833 0.089074 0.958854 1
-0.408470 0.223185 0.933809 1
-0.370703 0.211475 0.919515 1
-0.380263 0.130112 0.930733 1
-0.351379 0.191278 0.934284 1
-0.380055 0.147846 0.926136 1
-0.404833 0.247258 0.929326 1
-0.391445 0.265119 0.921488 1
-0.351350 0.248557 0.934208 1
-0.355323 0.162892 0.935796 1
-0.356108 0.273606 0.933429 1
-0.350289 0.215238 0.935875 1
-0.369409 0.119191 0.937272 1
-0.363442 0.101764 0.948169 1
-0.363122 0.095287 0.951813 1
-0.364994 0.241944 0.921852 1
-0.404811 0.243892 0.929276 1
-0.408403 0.218095 0.933655 1
-0.373575 0.118903 0.935005 1
-0.366146 0.165975 0.924761 1
-0.355855 0.271728 0.932764 1
-0.383514 0.227789 0.918416 1
-0.362730 0.136129 0.937487 1
-0.348877 0.175712 0.941174 1
-0.349327 0.249519 0.937824 1
-0.352421 0.254853 0.932583 1
-0.347420 0.196669 0.960617 1
-0.377850 0.168579 0.920763 1
-0.427807 0.162762 0.986148 1
-0.401867 0.244796 0.926353 1
-0.348431 0.255177 0.939971 1
-0.378320 0.090157 0.934228 1
-0.372655 0.143200 0.928510 1
-0.376364 0.136631 0.929398 1
-0.382709 0.154251 0.924475 1
-0.370467 0.165669 0.923057 1
-0.347643 0.184446 0.942432 1
-0.346106 0.258506 0.952233 1
-0.392108 0.268898 0.923049 1
-0.394959 0.253605 0.921931 1
-0.387061 0.199747 0.918973 1
-0.393175 0.175391 0.921646 1
-0.391229 0.146606 0.928868 1
-0.359607 0.184392 0.925103 1
-0.367207 0.099222 0.940292 1
-0.549145 0.429603 1.380665 1
-0.369251 0.221551 0.920029 1
-0.559286 0.410782 1.327873 1
-0.401736 0.166901 0.929918 1
-0.366615 0.134004 0.934459 1
-0.358796 0.162172 0.931664 1
-0.363595 0.248775 0.922520 1
-0.346289 0.260786 0.948033 1
-0.394771 0.094236 0.941309 1
-0.390447 0.110951 0.939076 1
-0.346923 0.242931 0.945101 1
-0.370545 0.132401 0.985246 1
-0.369241 0.209928 0.920004 1
-0.366397 0.213524 0.921197 1
-0.353855 0.272781 0.936377 1
-0.394506 0.140474 0.932653 1
-0.348830 0.268659 0.945651 1
-0.361420 0.277564 0.929767 1
-0.373053 0.154395 0.925342 1
-0.350953 0.163095 0.946776 1
-0.366113 0.090891 0.941841 1
-0.382024 0.160633 0.922821 1
-0.394839 0.215291 0.921651 1
-0.378957 0.110564 0.935801 1
-0.378549 0.239389 0.918429 1
-0.384247 0.279225 0.924164 1
-0.363564 0.180534 0.922442 1
-0.357107 0.213261 0.927279 1
-0.351352 0.245188 0.934212 1
-0.373783 0.221286 0.918931 1
-0.363461 0.093217 0.948219 1
-0.352437 0.222902 0.932625 1
-0.369237 0.204947 0.919993 1
-0.373809 0.241194 0.918994 1
-0.408134 0.197755 0.933040 1
-0.349321 0.254590 0.937809 1
-0.376876 0.229439 0.918389 1
-0.389220 0.146481 0.928073 1
-0.373770 0.211334 0.918899 1
-0.375279 0.193024 0.918534 1
-0.360572 0.270220 0.927586 1
-0.360945 0.220902 0.924257 1
-0.355900 0.260435 0.928494 1
-0.394795 0.164428 0.925443 1
-0.359628 0.232799 0.925158 1
-0.378584 0.130112 0.930734 1
-0.366648 0.276448 0.926030 1
-0.347040 0.190147 0.945419 1
-0.355900 0.238662 0.928493 1
-0.382661 0.170164 0.920350 1
-0.397293 0.089769 0.985470 1
-0.358670 0.143299 0.940145 1
-0.391667 0.090515 0.937941 1
-0.353517 0.204049 0.931039 1
-0.387046 0.193108 0.918936 1
-0.376911 0.249341 0.918474 1
-0.388905 0.214769 0.919413 1
-0.401899 0.249829 0.926428 1
-0.395081 0.150147 0.930047 1
-0.367824 0.216709 0.920611 1
-0.370311 0.167264 0.922670 1
-0.353097 0.267140 0.934372 1
-0.363679 0.150343 0.931258 1
-0.378725 0.144634 0.926969 1
-0.355900 0.250386 0.928494 1
-0.544152 0.435068 1.406380 1
-0.355899 0.185068 0.928492 1
-0.387267 0.100402 0.935485 1
-0.373734 0.117266 0.935403 1
-0.352436 0.224583 0.932623 1
-0.381869 0.244363 0.918446 1
-0.393107 0.274591 0.925401 1
-0.358312 0.246392 0.926070 1
-0.368058 0.276252 0.925374 1
-0.369245 0.214909 0.920015 1
-0.388140 0.110776 0.937595 1
-0.369255 0.226532 0.920040 1
-0.389877 0.156118 0.925658 1
-0.360607 0.168172 0.927677 1
-0.367826 0.218370 0.920614 1
-0.356800 0.159421 0.935242 1
-0.385277 0.209624 0.918671 1
-0.373648 0.163939 0.922691 1
-0.392847 0.223416 0.920878 1
-0.381383 0.151051 0.925305 1
-0.357172 0.156210 0.936218 1
-0.387096 0.214685 0.919056 1
-0.387062 0.178198 0.918974 1
-0.396934 0.203876 0.922655 1
-0.396064 0.267656 0.924509 1
-0.384455 0.268205 0.920671 1
-0.361012 0.177588 0.924430 1
-0.367827 0.220032 0.920618 1
-0.415227 0.125368 0.985843 1
-0.351325 0.274765 0.943189 1
-0.381769 0.187986 0.918205 1
-0.404559 0.205211 0.928697 1
-0.353496 0.246020 0.930983 1
-0.362265 0.152134 0.931941 1
-0.363109 0.132886 0.938468 1
-0.350033 0.271680 0.944294 1
-0.376797 0.183015 0.918196 1
-0.369677 0.277883 0.925248 1
-0.358275 0.155955 0.934688 1
-0.376920 0.254317 0.918496 1
-0.366434 0.256753 0.921290 1
-0.373732 0.181480 0.918805 1
-0.359630 0.236137 0.925162 1
-0.369268 0.241477 0.920072 1
-0.431585 0.292766 0.986653 1
-0.372250 0.221360 0.919239 1
-0.347573 0.225200 0.942241 1
-0.366438 0.274620 0.925499 1
-0.387104 0.218005 0.919074 1
-0.399350 0.222602 0.924395 1
-0.364549 0.155038 0.929193 1
-0.378325 0.093528 0.934239 1
-0.359606 0.182723 0.925101 1
-0.399199 0.187515 0.924046 1
-0.373848 0.146361 0.927316 1
-0.359023 0.149523 0.936641 1
-0.376870 0.226122 0.918375 1
-0.375401 0.146314 0.927020 1
-0.383452 0.105344 0.934413 1
-0.385470 0.262783 0.919132 1
-0.368207 0.159473 0.925747 1
-0.362279 0.252346 0.923408 1
-0.409807 0.088006 0.985638 1
-0.346458 0.183922 0.948497 1
-0.357107 0.183153 0.927279 1
-0.370678 0.191558 0.919452 1
-0.376833 0.204566 0.918283 1
-0.367795 0.183483 0.920539 1
-0.370896 0.146517 0.928300 1
-0.351368 0.211495 0.934257 1
-0.375212 0.273713 0.922443 1
-0.375671 0.159098 0.923573 1
-0.399214 0.190856 0.924080 1
-0.347301 0.206995 0.960288 1
-0.378872 0.264464 0.919213 1
-0.375268 0.184735 0.918508 1
-0.362271 0.235685 0.923389 1
-0.354761 0.152284 0.943279 1
-0.390730 0.189973 0.919804 1
-0.387057 0.198087 0.918963 1
-0.346201 0.236241 0.952495 1
-0.365733 0.119648 0.940863 1
-0.390792 0.209916 0.919950 1
-0.370759 0.254637 0.919652 1
-0.350297 0.198361 0.935897 1
-0.347380 0.200112 0.960507 1
-0.347058 0.181630 0.945470 1
-0.386108 0.110679 0.936769 1
-0.347017 0.200366 0.945358 1
-0.359984 0.174563 0.926073 1
-0.408268 0.207922 0.933347 1
-0.373759 0.131866 0.931261 1
-0.346216 0.232815 0.952535 1
-0.366372 0.185263 0.921136 1
-0.373743 0.189772 0.918831 1
-0.390776 0.204929 0.919913 1
-0.376928 0.259294 0.918517 1
-0.360956 0.244249 0.924284 1
-0.385250 0.198010 0.918606 1
-0.387124 0.226306 0.919121 1
-0.373790 0.105471 0.935542 1
-0.381813 0.212855 0.918311 1
-0.375328 0.231162 0.918655 1
-0.364444 0.121481 0.941919 1
-0.350863 0.275739 0.946533 1
-0.399515 0.261061 0.924778 1
-0.397903 0.285178 0.932730 1
-0.364707 0.153428 0.929596 1
-0.376151 0.154297 0.924752 1
-0.375772 0.126939 0.932088 1
-0.362281 0.257345 0.923413 1
-0.547488 0.429722 1.389098 1
-0.384789 0.282957 0.925467 1
-0.369660 0.098971 0.937910 1
-0.357107 0.201552 0.927279 1
-0.401845 0.241441 0.926303 1
-0.351350 0.164190 0.943256 1
-0.350269 0.255738 0.935821 1
-0.353427 0.155848 0.944259 1
-0.390817 0.218227 0.920010 1
-0.359629 0.234468 0.925160 1
-0.363680 0.128009 0.939944 1
-0.352453 0.190947 0.932667 1
-0.373781 0.219627 0.918926 1
-0.351849 0.167022 0.940043 1
-0.369227 0.193325 0.919968 1
-0.397034 0.227233 0.922887 1
-0.347565 0.231993 0.942219 1
-0.358312 0.189596 0.926069 1
-0.353506 0.225874 0.931010 1
-0.381653 0.095203 0.934135 1
-0.394508 0.153280 0.928697 1
-0.362818 0.172652 0.924783 1
-0.367848 0.244955 0.920672 1
-0.387633 0.173480 0.920330 1
-0.358648 0.152742 0.935663 1
-0.347055 0.183334 0.945460 1
-0.370996 0.097186 0.937011 1
-0.346172 0.243093 0.952415 1
-0.347628 0.191238 0.942392 1
-0.372333 0.095405 0.936123 1
-0.404734 0.232115 0.929099 1
-0.348500 0.195872 0.940158 1
-0.352418 0.259898 0.932576 1
-0.365037 0.102959 0.943452 1
-0.397359 0.175771 0.923644 1
-0.389590 0.115778 0.937014 1
-0.385925 0.157537 0.924190 1
-0.362259 0.209028 0.923358 1
-0.363591 0.240453 0.922510 1
-0.396508 0.167785 0.925545 1
-0.353495 0.247698 0.930981 1
-0.366395 0.211861 0.921193 1
-0.358312 0.229687 0.926070 1
-0.359613 0.199414 0.925120 1
-0.389896 0.141704 0.929684 1
-0.360920 0.124307 0.950537 1
-0.385331 0.232856 0.918800 1
-0.374602 0.154346 0.925047 1
-0.392946 0.255041 0.921109 1
-0.389859 0.170407 0.921667 1
-0.389327 0.090364 0.936383 1
-0.544997 0.433721 1.402026 1
-0.383037 0.120383 0.933403 1
-0.380818 0.108926 0.936225 1
-0.381863 0.241046 0.918432 1
-0.366727 0.121113 0.939063 1
-0.383413 0.181355 0.918174 1
-0.346968 0.222503 0.945224 1
-0.364949 0.188709 0.921737 1
-0.369267 0.239816 0.920069 1
-0.364169 0.112250 0.950065 1
-0.373755 0.199723 0.918863 1
-0.349331 0.246139 0.937835 1
-0.398973 0.270164 0.927395 1
-0.387736 0.157596 0.924534 1
-0.396848 0.183865 0.922457 1
-0.354689 0.183633 0.929708 1
-0.397048 0.230571 0.922920 1
-0.358312 0.217994 0.926069 1
-0.373832 0.259445 0.919052 1
-0.359612 0.196076 0.925116 1
-0.371568 0.110878 0.938456 1
-0.383432 0.096912 0.934366 1
-0.355900 0.195117 0.928492 1
-0.373443 0.135111 0.930473 1
-0.364225 0.267543 0.924120 1
-0.360911 0.127129 0.946018 1
-0.366988 0.144840 0.985240 1
-0.362390 0.129849 0.940997 1
-0.376966 0.275443 0.922665 1
-0.372276 0.241275 0.919302 1
-0.361768 0.121162 0.952770 1
-0.359971 0.129111 0.948038 1
-0.379986 0.105318 0.934181 1
-0.359612 0.197745 0.925118 1
-0.370706 0.213135 0.919520 1
-0.385308 0.222899 0.918745 1
-0.360139 0.172967 0.926474 1
-0.355687 0.169014 0.932324 1
-0.387663 0.143176 0.928352 1
-0.380700 0.157445 0.923648 1
-0.381650 0.093517 0.934128 1
-0.408942 0.258856 0.934888 1
-0.408920 0.257156 0.934837 1
-0.379097 0.125245 0.931995 1
-0.358312 0.239710 0.926070 1
-0.354436 0.148468 0.951541 1
-0.394912 0.238610 0.921821 1
-0.348504 0.192483 0.940169 1
-0.357108 0.240023 0.927280 1
-0.347182 0.217313 0.959958 1
-0.360944 0.219234 0.924255 1
-0.397367 0.129631 0.939417 1
-0.346432 0.195884 0.948425 1
-0.378385 0.147846 0.926137 1
-0.380291 0.275440 0.922655 1
-0.376418 0.120420 0.933689 1
-0.367815 0.206741 0.920589 1
-0.350272 0.166920 0.958936 1
-0.375302 0.211263 0.918592 1
-0.394946 0.177102 0.921900 1
-0.381822 0.217829 0.918332 1
-0.372287 0.249573 0.919328 1
-0.358295 0.146537 0.939160 1
-0.376864 0.222806 0.918361 1
-0.346425 0.199301 0.948404 1
-0.371714 0.152862 0.926165 1
-0.363791 0.275143 0.927262 1
-0.350278 0.237176 0.935845 1
-0.375450 0.130190 0.931289 1
-0.396260 0.123036 0.940812 1
-0.382899 0.269939 0.920922 1
-0.365658 0.143742 0.932021 1
-0.367792 0.180160 0.920532 1
-0.376931 0.260952 0.918524 1
-0.379066 0.141417 0.927803 1
-0.401649 0.211263 0.925852 1
-0.348459 0.231458 0.940046 1
-0.354399 0.170886 0.933361 1
-0.361119 0.124970 0.955600 1
-0.362259 0.207362 0.923356 1
-0.408358 0.214704 0.933553 1
-0.381793 0.201249 0.918262 1
-0.431593 0.298111 0.986671 1
-0.374488 0.139909 0.928901 1
-0.355900 0.247037 0.928494 1
-0.354689 0.180279 0.929708 1
-0.557031 0.416867 1.339733 1
-0.347551 0.243880 0.942182 1
-0.376821 0.197934 0.918255 1
-0.391931 0.089762 0.985395 1
-0.352943 0.159037 0.942967 1
-0.399372 0.227617 0.924445 1
-0.361440 0.266280 0.925524 1
-0.370400 0.109340 0.939785 1
-0.408493 0.224881 0.933860 1
-0.397091 0.151952 0.930826 1
-0.378497 0.178068 0.918303 1
-0.346515 0.177987 0.953360 1
-0.372220 0.198131 0.919165 1
-0.358312 0.199619 0.926069 1
-0.394394 0.117894 0.940409 1
-0.352064 0.278753 0.945174 1
-0.362200 0.131478 0.940504 1
-0.352431 0.234674 0.932609 1
-0.363417 0.121707 0.943664 1
-0.346707 0.258517 0.958644 1
-0.363446 0.100055 0.948179 1
-0.368476 0.116049 0.939204 1
-0.349362 0.219092 0.937920 1
-0.371157 0.173539 0.920639 1
-0.350643 0.276913 0.950563 1
-0.385320 0.227877 0.918773 1
-0.388324 0.152824 0.925935 1
-0.373740 0.188113 0.918826 1
-0.383442 0.147863 0.926246 1
-0.375348 0.246089 0.918703 1
-0.363760 0.163065 0.927183 1
-0.376203 0.138248 0.929000 1
-0.390828 0.221552 0.920035 1
-0.375193 0.163887 0.922397 1
-0.347587 0.213311 0.942279 1
-0.388843 0.188203 0.919265 1
-0.350283 0.227051 0.935859 1
-0.426216 0.294525 0.986584 1
-0.369732 0.115912 0.938093 1
-0.363592 0.242117 0.922512 1
-0.397105 0.243924 0.923053 1
-0.407977 0.185903 0.932681 1
-0.367853 0.249941 0.920683 1
-0.359398 0.146296 0.937620 1
-0.375343 0.242772 0.918692 1
-0.366377 0.190250 0.921147 1
-0.347640 0.186144 0.942422 1
-0.394907 0.236944 0.921809 1
-0.385370 0.249455 0.918893 1
-0.364000 0.147113 0.932080 1
-0.390905 0.246494 0.920217 1
-0.392304 0.167416 0.923510 1
-0.431580 0.289203 0.986640 1
-0.353870 0.150675 0.954645 1
-0.404427 0.185048 0.928395 1
-0.413388 0.091568 0.985700 1
-0.362271 0.234019 0.923387 1
-0.363453 0.096636 0.948199 1
-0.368480 0.279911 0.926435 1
-0.377876 0.152652 0.924891 1
-0.394985 0.261938 0.921992 1
-0.347592 0.208216 0.942295 1
-0.371000 0.175125 0.920250 1
-0.374074 0.098627 0.985178 1
-0.369657 0.090511 0.937901 1
-0.347530 0.174194 0.951431 1
-0.371508 0.281344 0.925652 1
-0.388956 0.236359 0.919534 1
-0.354689 0.190341 0.929708 1
-0.402657 0.089776 0.985545 1
-0.404602 0.211935 0.928797 1
-0.351195 0.171790 0.938297 1
-0.364943 0.182056 0.921722 1
-0.350544 0.176539 0.936558 1
-0.375360 0.256041 0.918734 1
-0.346687 0.260231 0.958589 1
-0.357680 0.136382 0.951039 1
-0.359632 0.241145 0.925168 1
-0.346944 0.237929 0.959301 1
-0.347013 0.202069 0.945347 1
-0.357107 0.204898 0.927279 1
-0.386880 0.149571 0.926477 1
-0.391725 0.104065 0.938079 1
-0.388925 0.223072 0.919460 1
-0.376905 0.246024 0.918460 1
-0.369691 0.173630 0.921126 1
-0.387887 0.141583 0.928888 1
-0.401823 0.238086 0.926253 1
-0.349361 0.220782 0.937915 1
-0.350277 0.238864 0.935843 1
-0.378567 0.249340 0.918472 1
-0.368424 0.100787 0.939070 1
-0.380111 0.186329 0.918200 1
-0.364171 0.092962 0.945621 1
-0.381878 0.249339 0.918467 1
-0.387263 0.146374 0.927396 1
-0.385829 0.143117 0.927969 1
-0.380765 0.266286 0.919779 1
-0.376530 0.284693 0.925683 1
-0.387566 0.264740 0.920171 1
-0.366424 0.245113 0.921265 1
-0.363918 0.161462 0.927584 1
-0.408515 0.226578 0.933912 1
-0.353529 0.180543 0.931070 1
-0.379374 0.154251 0.924476 1
-0.374069 0.095072 0.985165 1
-0.394219 0.142053 0.931974 1
-0.363152 0.269651 0.925634 1
-0.380108 0.184671 0.918193 1
-0.376803 0.187988 0.918212 1
-0.351359 0.230027 0.934232 1
-0.392728 0.185155 0.920599 1
-0.353709 0.154268 0.945012 1
-0.378146 0.284653 0.925553 1
-0.381760 0.183013 0.918184 1
-0.388780 0.164004 0.923053 1
-0.381661 0.100260 0.934157 1
-0.357560 0.162374 0.932824 1
-0.350306 0.179796 0.935922 1
-0.377066 0.113879 0.935296 1
-0.389120 0.263009 0.919921 1
-0.393645 0.145204 0.930619 1
-0.353526 0.185580 0.931063 1
-0.360951 0.234243 0.924273 1
-0.360719 0.134951 0.941064 1
-0.355900 0.245362 0.928493 1
-0.375223 0.090222 0.934908 1
-0.380187 0.229438 0.918385 1
-0.375296 0.206288 0.918576 1
-0.364173 0.091256 0.945626 1
-0.351354 0.240134 0.934219 1
-0.366385 0.200224 0.921168 1
-0.346376 0.221509 0.948270 1
-0.394831 0.099345 0.941453 1
-0.347539 0.254069 0.942150 1
-0.374808 0.136675 0.929696 1
-0.366111 0.095987 0.941835 1
-0.358463 0.165380 0.930799 1
-0.353662 0.177251 0.931422 1
-0.354689 0.257422 0.929710 1
-0.372263 0.231317 0.919270 1
-0.384393 0.139855 0.928543 1
-0.346987 0.213990 0.945276 1
-0.379269 0.123620 0.932417 1
-0.378794 0.112204 0.935397 1
-0.357067 0.148425 0.940389 1
-0.379885 0.149449 0.925721 1
-0.379419 0.087968 0.985215 1
-0.353529 0.178864 0.931072 1
-0.381253 0.136581 0.929056 1
-0.369537 0.175218 0.920740 1
-0.353494 0.249377 0.930979 1
-0.364967 0.210334 0.921784 1
-0.347577 0.221803 0.942252 1
-0.367415 0.114552 0.940825 1
-0.360340 0.138201 0.940078 1
-0.358401 0.138764 0.943903 1
-0.356137 0.148745 0.942417 1
-0.383840 0.174925 0.919198 1
-0.431416 0.182351 0.986267 1
-0.386115 0.155947 0.924647 1
-0.355900 0.255411 0.928494 1
-0.385263 0.095262 0.934719 1
-0.352427 0.243082 0.932598 1
-0.374008 0.144750 0.927712 1
-0.385343 0.237835 0.918828 1
-0.364154 0.172494 0.923940 1
-0.384673 0.122052 0.933288 1
-0.356070 0.176778 0.928936 1
-0.367207 0.095830 0.940292 1
-0.386593 0.089081 0.958929 1
-0.399828 0.152356 0.933296 1
-0.346406 0.207843 0.948352 1
-0.369338 0.162575 0.924400 1
-0.353504 0.229232 0.931005 1
-0.393400 0.173828 0.922175 1
-0.362252 0.192368 0.923339 1
-0.388119 0.154413 0.925448 1
-0.352594 0.263393 0.933039 1
-0.388397 0.167169 0.922144 1
-0.352429 0.238037 0.932605 1
-0.381640 0.117104 0.934105 1
-0.350303 0.186547 0.935913 1
-0.396870 0.188867 0.922506 1
-0.387120 0.224646 0.919112 1
-0.400334 0.141344 0.938427 1
-0.380492 0.174910 0.919121 1
-0.389688 0.128774 0.933203 1
-0.364983 0.228634 0.921823 1
-0.346946 0.232718 0.945163 1
-0.367641 0.137129 0.932786 1
-0.374240 0.173428 0.920055 1
-0.346150 0.248231 0.952354 1
-0.387174 0.247891 0.919241 1
-0.360363 0.158761 0.931370 1
-0.363191 0.123332 0.943077 1
-0.367857 0.254926 0.920693 1
-0.388933 0.226394 0.919478 1
-0.372329 0.090338 0.936112 1
-0.420620 0.143171 0.985980 1
-0.360933 0.194220 0.924227 1
-0.350292 0.208487 0.935884 1
-0.371558 0.154468 0.925776 1
-0.394923 0.241942 0.921845 1
-0.383417 0.090166 0.934329 1
-0.378926 0.126869 0.931574 1
-0.366762 0.159571 0.926318 1
-0.388573 0.122219 0.934570 1
-0.368691 0.281744 0.926966 1
-0.350777 0.162095 0.950928 1
-0.404416 0.183369 0.928370 1
-0.348473 0.219597 0.940084 1
-0.362275 0.244015 0.923398 1
-0.396998 0.218890 0.922804 1
-0.367991 0.263326 0.921030 1
-0.346342 0.236881 0.948177 1
-0.390787 0.208254 0.919937 1
-0.358312 0.243051 0.926070 1
-0.351368 0.213180 0.934255 1
-0.382069 0.144634 0.926968 1
-0.388886 0.206466 0.919367 1
-0.351475 0.161488 0.957501 1
-0.353527 0.183901 0.931065 1
-0.397133 0.250602 0.923119 1
-0.353292 0.171165 0.934887 1
-0.429800 0.296322 0.986640 1
-0.348425 0.260259 0.939955 1
-0.387073 0.204726 0.919001 1
-0.394951 0.273042 0.925810 1
-0.380202 0.237730 0.918420 1
-0.360944 0.217566 0.924253 1
-0.350393 0.166245 0.945264 1
-0.402654 0.087997 0.985539 1
-0.360961 0.255924 0.924297 1
-0.346912 0.248038 0.945071 1
-0.364956 0.197026 0.921755 1
-0.380134 0.199591 0.918257 1
-0.362258 0.205696 0.923354 1
-0.381239 0.269941 0.920925 1
-0.375881 0.114631 0.985258 1
-0.359464 0.155740 0.933398 1
-0.384725 0.270056 0.921318 1
-0.346915 0.246336 0.945081 1
-0.409196 0.176334 0.935469 1
-0.367742 0.164275 0.924581 1
-0.380222 0.249340 0.918469 1
-0.401507 0.179468 0.925525 1
-0.394938 0.246940 0.921882 1
-0.360763 0.166571 0.928078 1
-0.362733 0.160005 0.928836 1
-0.376089 0.281025 0.924600 1
-0.381597 0.133349 0.929894 1
-0.394724 0.178665 0.921383 1
-0.367811 0.201756 0.920578 1
-0.353490 0.257771 0.930968 1
-0.399079 0.087993 0.985489 1
-0.391629 0.172117 0.921921 1
-0.362419 0.163214 0.928032 1
-0.352450 0.195993 0.932661 1
-0.359086 0.278355 0.932417 1
-0.383436 0.194617 0.918231 1
-0.350875 0.266326 0.937440 1
-0.387353 0.160772 0.923621 1
-0.355900 0.233638 0.928493 1
-0.346806 0.249942 0.958918 1
-0.401515 0.181141 0.925542 1
-0.390552 0.151370 0.927260 1
-0.378331 0.098585 0.934255 1
-0.350291 0.210175 0.935881 1
-0.355900 0.205166 0.928492 1
-0.385235 0.191375 0.918569 1
-0.373893 0.115628 0.935800 1
-0.347547 0.247277 0.942171 1
-0.383433 0.192959 0.918224 1
-0.357383 0.283034 0.936770 1
-0.376778 0.103677 0.934584 1
-0.373780 0.093656 0.935517 1
-0.390327 0.152955 0.926725 1
-0.428001 0.290970 0.986596 1
-0.359296 0.157350 0.932964 1
-0.370754 0.251317 0.919641 1
-0.355850 0.143197 0.950733 1
-0.377538 0.155849 0.924064 1
-0.371837 0.136816 0.930656 1
-0.347541 0.252371 0.942155 1
-0.396263 0.143866 0.932829 1
-0.376577 0.165428 0.921713 1
-0.355900 0.210190 0.928492 1
-0.372419 0.160798 0.923769 1
-0.350282 0.228738 0.935857 1
-0.356614 0.161024 0.934754 1
-0.391369 0.276211 0.925237 1
-0.383456 0.107030 0.934423 1
-0.359624 0.222783 0.925147 1
-0.385316 0.226218 0.918764 1
-0.383429 0.095225 0.934357 1
-0.365870 0.129280 0.936870 1
-0.360941 0.210896 0.924246 1
-0.394797 0.201970 0.921553 1
-0.367947 0.176914 0.920919 1
-0.349604 0.176918 0.938569 1
-0.388996 0.148069 0.927538 1
-0.360451 0.169772 0.927275 1
-0.407954 0.184210 0.932630 1
-0.362272 0.123599 0.945117 1
-0.387672 0.128663 0.932401 1
-0.371314 0.171951 0.921029 1
-0.390920 0.251484 0.920253 1
-0.393509 0.265390 0.922430 1
-0.388902 0.213108 0.919404 1
-0.359115 0.268709 0.928146 1
-0.380217 0.246023 0.918455 1
-0.362752 0.117487 0.950843 1
-0.385262 0.202987 0.918634 1
-0.357108 0.250059 0.927280 1
-0.381866 0.242705 0.918439 1
-0.352450 0.197675 0.932658 1
-0.367856 0.253264 0.920690 1
-0.357108 0.229987 0.927280 1
-0.359090 0.131124 0.950231 1
-0.397646 0.174231 0.924311 1
-0.351343 0.262033 0.934190 1
-0.359620 0.214437 0.925137 1
-0.381763 0.184671 0.918191 1
-0.372648 0.089130 0.941182 1
-0.415221 0.121810 0.985831 1
-0.362261 0.212360 0.923362 1
-0.429605 0.168106 0.986192 1
-0.374234 0.126987 0.932444 1
-0.369228 0.194986 0.919972 1
-0.385354 0.162298 0.922823 1
-0.391430 0.159410 0.925381 1
-0.381775 0.191302 0.918219 1
-0.369465 0.276056 0.924718 1
-0.346334 0.240296 0.948157 1
-0.392755 0.164273 0.924572 1
-0.352451 0.194311 0.932663 1
-0.377435 0.141434 0.927910 1
-0.376258 0.168610 0.920932 1
-0.346957 0.227611 0.945194 1
-0.401573 0.194525 0.925675 1
-0.358088 0.157559 0.934201 1
-0.399328 0.217588 0.924345 1
-0.354689 0.210466 0.929709 1
-0.357546 0.152992 0.937197 1
-0.378526 0.226122 0.918373 1
-0.346293 0.259078 0.948043 1
-0.383525 0.232766 0.918444 1
-0.350406 0.268956 0.940723 1
-0.379749 0.134966 0.929475 1
-0.388839 0.186543 0.919256 1
-0.431403 0.173451 0.986236 1
-0.364848 0.139030 0.934251 1
-0.373807 0.239535 0.918989 1
-0.389334 0.092055 0.936400 1
-0.375367 0.261017 0.918750 1
-0.375320 0.224529 0.918634 1
-0.395150 0.116420 0.942211 1
-0.381787 0.197933 0.918248 1
-0.355509 0.161288 0.936285 1
-0.346391 0.214677 0.948311 1
-0.350298 0.196673 0.935899 1
-0.377332 0.126898 0.931788 1
-0.369235 0.203287 0.919990 1
-0.431397 0.169890 0.986223 1
-0.404459 0.178364 0.928469 1
-0.351384 0.179484 0.934299 1
-0.388354 0.089088 0.959004 1
-0.357909 0.137126 0.956233 1
-0.405293 0.175375 0.930382 1
-0.394852 0.101048 0.941501 1
-0.366399 0.216849 0.921204 1
-0.376761 0.090187 0.934541 1
-0.390812 0.216565 0.919998 1
-0.387198 0.257856 0.919297 1
-0.365006 0.255255 0.921881 1
-0.364989 0.235289 0.921838 1
-0.417026 0.132488 0.985893 1
-0.384099 0.126912 0.931894 1
-0.372332 0.093716 0.936119 1
-0.355905 0.178371 0.928506 1
-0.392909 0.243388 0.921024 1
-0.368424 0.102481 0.939070 1
-0.383541 0.239402 0.918481 1
-0.383252 0.149460 0.925788 1
-0.346470 0.178796 0.948528 1
-0.375324 0.227846 0.918645 1
-0.366048 0.153288 0.928744 1
-0.387369 0.275740 0.923660 1
-0.367850 0.246617 0.920675 1
-0.385734 0.159126 0.923734 1
-0.398221 0.171143 0.925648 1
-0.390740 0.193296 0.919828 1
-0.373127 0.138351 0.929687 1
-0.387246 0.093648 0.935436 1
-0.399646 0.176045 0.925081 1
-0.362269 0.230686 0.923383 1
-0.401405 0.157364 0.933048 1
-0.370056 0.112626 0.938915 1
-0.371944 0.165586 0.922593 1
-0.399429 0.240992 0.924578 1
-0.357733 0.143603 0.942143 1
-0.350712 0.270889 0.941543 1
-0.354689 0.198726 0.929709 1
-0.373173 0.168717 0.921517 1
-0.376867 0.224464 0.918368 1
-0.375940 0.171787 0.920152 1
-0.390766 0.201605 0.919889 1
-0.363289 0.167864 0.925982 1
-0.392785 0.203451 0.920732 1
-0.365601 0.267330 0.923384 1
-0.370313 0.283377 0.926840 1
-0.359626 0.227791 0.925153 1
-0.347025 0.196960 0.945378 1
-0.349353 0.227544 0.937894 1
-0.428007 0.294533 0.986609 1
-0.356439 0.153243 0.938735 1
-0.358378 0.282486 0.934959 1
-0.378494 0.207882 0.918295 1
-0.346919 0.244633 0.945091 1
-0.378336 0.101957 0.934266 1
-0.383460 0.204567 0.918286 1
-0.373734 0.183138 0.918810 1
-0.399321 0.215917 0.924329 1
-0.385335 0.234516 0.918810 1
-0.375859 0.266338 0.919956 1
-0.352419 0.258217 0.932578 1
-0.351353 0.241819 0.934217 1
-0.385451 0.176562 0.919086 1
-0.347909 0.173527 0.947787 1
-0.385279 0.102010 0.934757 1
-0.381758 0.181356 0.918177 1
-0.399285 0.207562 0.924246 1
-0.350289 0.213550 0.935877 1
-0.371209 0.143289 0.929084 1
-0.357020 0.271335 0.931415 1
-0.388882 0.204806 0.919358 1
-0.350673 0.164671 0.946020 1
-0.372274 0.239615 0.919297 1
-0.373830 0.257785 0.919047 1
-0.543284 0.436408 1.410713 1
-0.401747 0.226348 0.926077 1
-0.385638 0.144719 0.927509 1
-0.361821 0.134730 0.939518 1
-0.381658 0.098574 0.934150 1
-0.362965 0.124955 0.942491 1
-0.399228 0.194196 0.924113 1
-0.383335 0.133371 0.930042 1
-0.372916 0.110775 0.937588 1
-0.379108 0.266288 0.919785 1
-0.372257 0.226339 0.919255 1
-0.367444 0.125860 0.936572 1
-0.400990 0.158883 0.932085 1
-0.368131 0.119325 0.938325 1
-0.355900 0.262110 0.928494 1
-0.376133 0.303218 0.985917 1
-0.354689 0.250714 0.929710 1
-0.357108 0.235005 0.927280 1
-0.376835 0.206224 0.918290 1
-0.357107 0.189844 0.927279 1
-0.382846 0.122006 0.932938 1
-0.387167 0.244570 0.919223 1
-0.346462 0.182214 0.948507 1
-0.350181 0.164335 0.953976 1
-0.393281 0.111274 0.941807 1
-0.378573 0.252658 0.918486 1
-0.365378 0.173950 0.922822 1
-0.422417 0.148513 0.986024 1
-0.374064 0.091517 0.985153 1
-0.383420 0.117133 0.934335 1
-0.387108 0.219665 0.919084 1
-0.372233 0.208086 0.919197 1
-0.353498 0.240983 0.930990 1
-0.392915 0.245052 0.921036 1
-0.381314 0.089060 0.958704 1
-0.380137 0.201249 0.918264 1
-0.384780 0.087975 0.985290 1
-0.347076 0.178228 0.945517 1
-0.359775 0.135235 0.943040 1
-0.365048 0.094453 0.943478 1
-0.431588 0.294547 0.986659 1
-0.383498 0.221153 0.918379 1
-0.347500 0.189782 0.960837 1
-0.381755 0.179698 0.918170 1
-0.363595 0.250440 0.922522 1
-0.354735 0.262487 0.929830 1
-0.359604 0.179385 0.925097 1
-0.373824 0.252808 0.919031 1
-0.355900 0.208515 0.928492 1
-0.407999 0.187595 0.932732 1
-0.365992 0.167573 0.924372 1
-0.404668 0.222023 0.928948 1
-0.394855 0.220287 0.921687 1
-0.396877 0.190534 0.922523 1
-0.372295 0.256212 0.919349 1
-0.381682 0.163816 0.921996 1
-0.405476 0.166068 0.934673 1
-0.370236 0.270397 0.922482 1
-0.382195 0.159040 0.923234 1
-0.346738 0.261999 0.958730 1
-0.386306 0.154356 0.925104 1
-0.389003 0.256294 0.919645 1
-0.370584 0.149739 0.927517 1
-0.369894 0.114269 0.938503 1
-0.348447 0.241624 0.940014 1
-0.404442 0.088000 0.985564 1
-0.357108 0.243368 0.927280 1
-0.365041 0.099557 0.943462 1
-0.370761 0.256298 0.919657 1
-0.394745 0.185323 0.921431 1
-0.363145 0.118173 0.956396 1
-0.393835 0.278444 0.927114 1
-0.346413 0.204427 0.948373 1
-0.354857 0.272253 0.934567 1
-0.393640 0.132337 0.934592 1
-0.368719 0.168961 0.922850 1
-0.355110 0.274135 0.935235 1
-0.559307 0.413192 1.327923 1
-0.424439 0.303425 0.986590 1
-0.366206 0.151678 0.929146 1
-0.391974 0.115984 0.938676 1
-0.404138 0.168881 0.931589 1
-0.349359 0.167383 0.951738 1
-0.381082 0.138194 0.928638 1
-0.378413 0.131731 0.930314 1
-0.351630 0.162618 0.944008 1
-0.358521 0.133263 0.953274 1
-0.346414 0.262591 0.948376 1
-0.380300 0.113837 0.934952 1
-0.362771 0.147297 0.933242 1
-0.353523 0.192296 0.931054 1
-0.354541 0.153889 0.942692 1
-0.404471 0.191768 0.928495 1
-0.561521 0.407192 1.316269 1
-0.370674 0.188239 0.919441 1
-0.363569 0.192184 0.922455 1
-0.366389 0.205211 0.921179 1
-0.388425 0.109165 0.938283 1
-0.363576 0.207163 0.922472 1
-0.384379 0.108978 0.936673 1
-0.381468 0.118735 0.933682 1
-0.381852 0.234412 0.918403 1
-0.375236 0.105403 0.934940 1
-0.383479 0.212860 0.918333 1
-0.373749 0.194747 0.918847 1
-0.351797 0.158352 0.949053 1
-0.374168 0.143138 0.928108 1
-0.391715 0.102371 0.938057 1
-0.394756 0.188652 0.921456 1
-0.353510 0.217480 0.931021 1
-0.563011 0.407210 1.308695 1
-0.366368 0.180276 0.921125 1
-0.385271 0.098636 0.934738 1
-0.378215 0.149449 0.925721 1
-0.363956 0.135956 0.936292 1
-0.381890 0.255974 0.918495 1
-0.379440 0.121993 0.932838 1
-0.361033 0.152324 0.933103 1
-0.385207 0.179763 0.918505 1
-0.376838 0.207882 0.918297 1
-0.360960 0.254256 0.924295 1
-0.351358 0.231711 0.934230 1
-0.376101 0.089144 0.941327 1
-0.380205 0.239388 0.918427 1
-0.385366 0.247795 0.918884 1
-0.355899 0.186743 0.928492 1
-0.353518 0.202370 0.931041 1
-0.541541 0.441683 1.419486 1
-0.382320 0.173330 0.919530 1
-0.378327 0.095214 0.934244 1
-0.367837 0.231663 0.920643 1
-0.380158 0.212855 0.918314 1
-0.360929 0.184215 0.924215 1
-0.363571 0.197177 0.922461 1
-0.348510 0.187398 0.940185 1
-0.354215 0.163159 0.937330 1
-0.369258 0.229853 0.920047 1
-0.395846 0.277009 0.927908 1
-0.392382 0.114409 0.939653 1
-0.387907 0.112400 0.937032 1
-0.376923 0.255976 0.918503 1
-0.347579 0.220105 0.942257 1
-0.376882 0.232756 0.918404 1
-0.369218 0.183364 0.919947 1
-0.357593 0.139112 0.946270 1
-0.349370 0.212329 0.937941 1
-0.348427 0.258565 0.939961 1
-0.392811 0.211769 0.920793 1
-0.358440 0.263190 0.926401 1
-0.372265 0.232977 0.919276 1
-0.401322 0.168405 0.928961 1
-0.397183 0.262291 0.923235 1
-0.395149 0.126075 0.938174 1
-0.364999 0.246935 0.921863 1
-0.367207 0.097526 0.940292 1
-0.408852 0.252055 0.934682 1
-0.385359 0.244475 0.918865 1
-0.346447 0.189049 0.948466 1
-0.399264 0.202549 0.924196 1
-0.367125 0.170659 0.923029 1
-0.376879 0.231097 0.918397 1
-0.374076 0.100405 0.985184 1
-0.385260 0.093575 0.934710 1
-0.374338 0.266436 0.920295 1
-0.401780 0.231378 0.926153 1
-0.431386 0.162771 0.986198 1
-0.389362 0.098819 0.936466 1
-0.367081 0.108165 0.944331 1
-0.350299 0.194986 0.935901 1
-0.351362 0.224973 0.934239 1
-0.385297 0.217920 0.918717 1
-0.364993 0.240280 0.921848 1
-0.394782 0.196975 0.921517 1
-0.397155 0.255611 0.923169 1
-0.367207 0.102614 0.940292 1
-0.382114 0.128491 0.931153 1
-0.542420 0.440318 1.415098 1
-0.392780 0.201788 0.920720 1
-0.358316 0.261429 0.926080 1
-0.384115 0.157479 0.923847 1
-0.378323 0.091842 0.934234 1
-0.346413 0.186530 0.953079 1
-0.359636 0.251161 0.925179 1
-0.370993 0.090424 0.937003 1
-0.388952 0.234698 0.919525 1
-0.395506 0.089766 0.985445 1
-0.352430 0.236355 0.932607 1
-0.380164 0.216172 0.918328 1
-0.352455 0.185901 0.932674 1
-0.377673 0.280962 0.924396 1
-0.351180 0.268250 0.938255 1
-0.354999 0.175401 0.930522 1
-0.374968 0.135056 0.930094 1
-0.404921 0.260725 0.929528 1
-0.385256 0.147918 0.926591 1
-0.363566 0.185527 0.922447 1
-0.346120 0.255081 0.952274 1
-0.388999 0.254633 0.919636 1
-0.347543 0.250673 0.942160 1
-0.346923 0.176474 0.954482 1
-0.383529 0.234425 0.918453 1
-0.346428 0.197592 0.948414 1
-0.404635 0.216978 0.928873 1
-0.420859 0.303410 0.986540 1
-0.394740 0.183658 0.921419 1
-0.431381 0.159211 0.986186 1
-0.353515 0.207407 0.931034 1
-0.357108 0.231660 0.927280 1
-0.377202 0.277281 0.923241 1
-0.383358 0.163821 0.922027 1
-0.347142 0.220751 0.959849 1
-0.377513 0.171748 0.919941 1
-0.370686 0.178294 0.919471 1
-0.386212 0.139908 0.928890 1
-0.355900 0.190092 0.928492 1
-0.352067 0.165429 0.940626 1
-0.375305 0.212921 0.918597 1
-0.359775 0.143063 0.938602 1
-0.353845 0.166366 0.936351 1
-0.358453 0.134313 0.948544 1
-0.388941 0.229715 0.919497 1
-0.376311 0.152694 0.925145 1
-0.363574 0.203835 0.922468 1
-0.429594 0.160986 0.986167 1
-0.364075 0.159858 0.927986 1
-0.357879 0.137515 0.947027 1
-0.366379 0.193575 0.921154 1
-0.390777 0.149784 0.927795 1
-0.380910 0.139807 0.928220 1
-0.370669 0.184920 0.919431 1
-0.365721 0.280358 0.927915 1
-0.363093 0.102147 0.951736 1
-0.367434 0.167470 0.923804 1
-0.386334 0.109053 0.937316 1
-0.367804 0.193450 0.920560 1
-0.346908 0.249740 0.945060 1
-0.355900 0.231963 0.928493 1
-0.365052 0.091050 0.943489 1
-0.376517 0.271790 0.921564 1
-0.380292 0.262641 0.918636 1
-0.377818 0.122012 0.932988 1
-0.365532 0.172358 0.923209 1
-0.382995 0.089751 0.985271 1
-0.384217 0.171778 0.920102 1
-0.431569 0.282077 0.986615 1
-0.408762 0.245257 0.934477 1
-0.369649 0.159375 0.925178 1
-0.346245 0.225961 0.952616 1
-0.346311 0.210536 0.952797 1
-0.377217 0.159047 0.923279 1
-0.370748 0.246336 0.919626 1
-0.390959 0.285475 0.928226 1
-0.381644 0.090145 0.934113 1
-0.371995 0.135194 0.931049 1
-0.357394 0.163981 0.932391 1
-0.350266 0.260800 0.935814 1
-0.367797 0.185144 0.920542 1
-0.365529 0.132536 0.935995 1
-0.399935 0.174502 0.925750 1
-0.372260 0.162395 0.923377 1
-0.351379 0.189593 0.934286 1
-0.362262 0.164817 0.927630 1
-0.360959 0.252588 0.924294 1
-0.370718 0.223094 0.919552 1
-0.370710 0.216455 0.919531 1
-0.359933 0.130335 0.957029 1
-0.369273 0.246458 0.920083 1
-0.357308 0.140706 0.945515 1
-0.383517 0.229448 0.918425 1
-0.370740 0.148129 0.927909 1
-0.359635 0.247823 0.925175 1
-0.346845 0.246511 0.959027 1
-0.391709 0.100677 0.938041 1
-0.364783 0.166114 0.925536 1
-0.387222 0.131874 0.931321 1
-0.359609 0.189400 0.925108 1
-0.369271 0.244798 0.920079 1
-0.374762 0.152743 0.925441 1
-0.383544 0.241061 0.918490 1
-0.387681 0.114024 0.936486 1
-0.378508 0.216172 0.918330 1
-0.370996 0.095495 0.937009 1
-0.372152 0.133572 0.931443 1
-0.381846 0.231095 0.918389 1
-0.556264 0.418107 1.343717 1
-0.354030 0.164763 0.936840 1
-0.395656 0.147006 0.931400 1
-0.392774 0.272690 0.924615 1
-0.356581 0.145526 0.943591 1
-0.359627 0.231129 0.925156 1
-0.359875 0.169719 0.985227 1
-0.378514 0.219489 0.918345 1
-0.367831 0.225016 0.920629 1
-0.346961 0.225908 0.945204 1
-0.365033 0.106362 0.943441 1
-0.366369 0.181939 0.921129 1
-0.422422 0.152072 0.986036 1
-0.358848 0.135527 0.945080 1
-0.369661 0.100663 0.937912 1
-0.388996 0.252972 0.919627 1
-0.370744 0.243015 0.919615 1
-0.372338 0.100472 0.936134 1
-0.359694 0.165174 0.929643 1
-0.364175 0.089551 0.945632 1
-0.431571 0.283858 0.986621 1
-0.354689 0.188664 0.929708 1
-0.366374 0.186925 0.921139 1
-0.380149 0.207881 0.918293 1
-0.387054 0.196428 0.918954 1
-0.356933 0.139520 0.949052 1
-0.356243 0.164225 0.933781 1
-0.367843 0.238309 0.920657 1
-0.376850 0.214515 0.918326 1
-0.375339 0.239455 0.918682 1
-0.400515 0.171410 0.927091 1
-0.404875 0.176871 0.929424 1
-0.374875 0.167073 0.921615 1
-0.363586 0.228801 0.922497 1
-0.387897 0.127055 0.932942 1
-0.349324 0.267730 0.942379 1
-0.372214 0.193153 0.919149 1
-0.357107 0.199880 0.927279 1
-0.358312 0.223005 0.926070 1
0.116706 0.196465 0.650251 2
0.133169 0.155461 0.650452 2
0.118146 0.096556 0.664953 2
0.090275 0.132209 0.645764 2
0.168317 0.187216 0.654821 2
0.152360 0.165302 0.652246 2
0.140302 0.180220 0.650887 2
0.121175 0.158640 0.649056 2
0.151145 0.104096 0.652081 2
0.152258 0.202023 0.656880 2
0.128830 0.091330 0.670623 2
0.099618 0.132241 0.645923 2
0.098429 0.127549 0.645764 2
0.179793 0.108838 0.666716 2
0.114000 0.156093 0.648203 2
0.152372 0.177081 0.652295 2
0.179283 0.122481 0.656050 2
0.116314 0.179440 0.648067 2
0.172974 0.139915 0.654567 2
0.173011 0.175373 0.654707 2
0.104379 0.148696 0.646545 2
0.137879 0.162522 0.650536 2
0.189421 0.141918 0.658382 2
0.100800 0.125272 0.646033 2
0.124755 0.141155 0.649408 2
0.093931 0.175611 0.646881 2
0.145064 0.113350 0.651183 2
0.096407 0.114150 0.655781 2
0.176389 0.105833 0.662961 2
0.100805 0.132270 0.646062 2
0.091335 0.151837 0.645026 2
0.116270 0.117438 0.647819 2
0.121177 0.160984 0.649065 2
0.109792 0.114489 0.650981 2
0.096184 0.176628 0.646334 2
0.190804 0.171664 0.663187 2
0.150037 0.140623 0.652376 2
0.162167 0.150373 0.653839 2
0.096082 0.169454 0.645653 2
0.082823 0.162667 0.660658 2
0.098433 0.134544 0.645792 2
0.184023 0.153254 0.656072 2
0.147607 0.127613 0.652040 2
0.135582 0.164929 0.650773 2
0.179095 0.160181 0.655362 2
0.157198 0.159553 0.652792 2
0.087861 0.171594 0.653806 2
0.183633 0.187246 0.667561 2
0.101102 0.112927 0.655548 2
0.098577 0.180239 0.646739 2
0.135489 0.182412 0.650329 2
0.120904 0.094437 0.666936 2
0.099616 0.128743 0.645909 2
0.174204 0.150583 0.654751 2
0.138717 0.091877 0.665821 2
0.160976 0.173949 0.653791 2
0.135433 0.114326 0.650056 2
0.086388 0.134576 0.651588 2
0.122286 0.171434 0.648737 2
0.105559 0.191657 0.653855 2
0.134245 0.128383 0.649983 2
0.148681 0.108719 0.651589 2
0.119874 0.144433 0.648350 2
0.094891 0.160093 0.645475 2
0.150111 0.090067 0.679338 2
0.140251 0.120299 0.650648 2
0.152490 0.176041 0.652802 2
0.112805 0.153719 0.648054 2
0.107931 0.124267 0.646866 2
0.159740 0.151488 0.653558 2
0.135425 0.106113 0.650022 2
0.113990 0.140880 0.648143 2
0.134527 0.199146 0.651347 2
0.082940 0.131869 0.661590 2
0.191496 0.165248 0.661447 2
0.138576 0.202263 0.653825 2
0.125943 0.127114 0.649493 2
0.113883 0.116219 0.647534 2
0.128379 0.174103 0.649962 2
0.113923 0.173513 0.647762 2
0.140306 0.186097 0.650907 2
0.111508 0.130190 0.647311 2
0.160317 0.196994 0.655917 2
0.141478 0.146174 0.650894 2
0.157152 0.113597 0.652603 2
0.105838 0.190981 0.655582 2
0.136692 0.182452 0.650471 2
0.102620 0.107366 0.657697 2
0.118654 0.111640 0.648076 2
0.185461 0.134504 0.656975 2
0.125978 0.172854 0.649676 2
0.136754 0.127363 0.650764 2
0.127047 0.134073 0.649151 2
0.159645 0.091842 0.683432 2
0.100803 0.129937 0.646053 2
0.158498 0.191494 0.653297 2
0.102008 0.157967 0.646302 2
0.128258 0.149341 0.649350 2
0.082950 0.151193 0.652285 2
0.151152 0.166444 0.652109 2
0.158659 0.194048 0.653962 2
0.143924 0.187394 0.651337 2
0.150053 0.158292 0.652447 2
0.104374 0.140525 0.646513 2
0.099626 0.146235 0.645978 2
0.119869 0.137411 0.648324 2
0.104405 0.180229 0.646706 2
0.187689 0.124530 0.660644 2
0.159188 0.095990 0.661056 2
0.131958 0.144861 0.650269 2
0.173078 0.180166 0.654957 2
0.140250 0.119124 0.650644 2
0.098438 0.142706 0.645824 2
0.190486 0.170183 0.662082 2
0.178067 0.112116 0.664762 2
0.163686 0.193233 0.655198 2
0.121046 0.114029 0.648367 2
0.182808 0.135479 0.655960 2
0.136429 0.091559 0.672303 2
0.187171 0.128940 0.658820 2
0.139984 0.091505 0.671902 2
0.100819 0.155599 0.646154 2
0.096077 0.161293 0.645618 2
0.098428 0.126383 0.645759 2
0.109137 0.147656 0.647100 2
0.099624 0.142736 0.645964 2
0.098435 0.138042 0.645806 2
0.157300 0.137269 0.653216 2
0.115195 0.157297 0.648348 2
0.099827 0.182725 0.647281 2
0.112800 0.146699 0.648026 2
0.082784 0.136385 0.660344 2
0.148798 0.194673 0.652104 2
0.158559 0.093666 0.678785 2
0.094892 0.161258 0.645479 2
0.264853 0.190536 0.876595 2
0.154779 0.161841 0.652524 2
0.125885 0.179753 0.649197 2
0.117592 0.166735 0.648667 2
0.110350 0.179245 0.647365 2
0.103505 0.111785 0.655785 2
0.136691 0.176583 0.650462 2
0.105554 0.127715 0.646602 2
0.127167 0.158812 0.649760 2
0.133273 0.099221 0.650964 2
0.164622 0.174063 0.654220 2
0.147538 0.179279 0.651733 2
0.187987 0.144104 0.657520 2
0.111043 0.102817 0.651430 2
0.149981 0.102928 0.652131 2
0.137018 0.093125 0.657667 2
0.133023 0.106067 0.649740 2
0.122270 0.151521 0.648655 2
0.165828 0.163467 0.654320 2
0.123483 0.171471 0.648878 2
0.139070 0.148459 0.650617 2
0.163237 0.133772 0.653399 2
0.100808 0.136935 0.646080 2
0.146831 0.093330 0.659112 2
0.095527 0.112141 0.657872 2
0.152460 0.144219 0.652675 2
0.113883 0.117388 0.647539 2
0.194511 0.138253 0.663592 2
0.104385 0.158035 0.646582 2
0.242757 0.144705 0.876744 2
0.104374 0.141693 0.646517 2
0.146759 0.199805 0.653500 2
0.122259 0.104709 0.648594 2
0.177869 0.155414 0.655200 2
0.112731 0.174645 0.647626 2
0.149902 0.121685 0.651788 2
0.154799 0.185406 0.652607 2
0.166879 0.130319 0.653815 2
0.149961 0.187599 0.652047 2
0.143928 0.192099 0.651356 2
0.128293 0.192733 0.649529 2
0.134232 0.115475 0.649921 2
0.100805 0.133436 0.646067 2
0.106748 0.133580 0.646765 2
0.133084 0.179986 0.650040 2
0.165709 0.175144 0.653851 2
0.189905 0.122809 0.664228 2
0.129541 0.126024 0.649911 2
0.141494 0.164978 0.650969 2
0.159643 0.180850 0.653160 2
0.140285 0.160241 0.650807 2
0.091524 0.177734 0.654703 2
0.141443 0.107403 0.650734 2
0.179101 0.164915 0.655384 2
0.146264 0.106321 0.651296 2
0.152307 0.109967 0.652020 2
0.183586 0.115414 0.663043 2
0.110318 0.132499 0.647180 2
0.142806 0.100493 0.651600 2
0.166156 0.105843 0.655616 2
0.164597 0.149258 0.654120 2
0.149966 0.192309 0.652066 2
0.165378 0.102546 0.657222 2
0.085735 0.147558 0.646670 2
0.125956 0.144703 0.649563 2
0.156009 0.184267 0.652745 2
0.095397 0.117637 0.648913 2
0.154737 0.119436 0.652346 2
0.135498 0.191808 0.650368 2
0.136944 0.089470 0.674840 2
0.117511 0.180651 0.648217 2
0.146411 0.140531 0.651950 2
0.105864 0.109412 0.655743 2
0.171345 0.107313 0.657374 2
0.096060 0.130990 0.645500 2
0.106759 0.151096 0.646834 2
0.130667 0.161136 0.649681 2
0.252224 0.160506 0.876667 2
0.106805 0.180343 0.647114 2
0.137353 0.202198 0.653617 2
0.131162 0.092832 0.664054 2
0.164449 0.131441 0.653532 2
0.111536 0.171100 0.647473 2
0.180599 0.185399 0.665255 2
0.129523 0.101392 0.649824 2
0.097259 0.154333 0.645731 2
0.133047 0.134219 0.649857 2
0.167039 0.187108 0.654443 2
0.109428 0.185140 0.655838 2
0.135548 0.196573 0.650608 2
0.119897 0.176043 0.648475 2
0.099623 0.141570 0.645959 2
0.185733 0.109439 0.693381 2
0.085469 0.166812 0.653553 2
0.123442 0.118762 0.648667 2
0.177940 0.123553 0.655459 2
0.163220 0.117259 0.653330 2
0.127027 0.108295 0.649045 2
0.091331 0.144850 0.644999 2
0.144423 0.097264 0.653596 2
0.145191 0.126381 0.651751 2
0.231715 0.132070 0.876854 2
0.163406 0.174025 0.654077 2
0.163360 0.127975 0.653892 2
0.135459 0.146014 0.650184 2
0.129469 0.162276 0.649551 2
0.115197 0.159638 0.648358 2
0.135381 0.203958 0.655483 2
0.171769 0.152881 0.654474 2
0.136765 0.140287 0.650816 2
0.144864 0.092403 0.660988 2
0.148718 0.147542 0.651752 2
0.250721 0.233320 0.876941 2
0.135583 0.166104 0.650777 2
0.151099 0.111120 0.651883 2
0.101261 0.188902 0.656577 2
0.191982 0.129782 0.663124 2
0.140313 0.193151 0.650940 2
0.091478 0.120987 0.654373 2
0.131843 0.129500 0.649704 2
0.176650 0.156563 0.655061 2
0.180378 0.128334 0.655726 2
0.106676 0.103100 0.660774 2
0.154728 0.111193 0.652309 2
0.175431 0.157711 0.654922 2
0.141490 0.161452 0.650953 2
0.159745 0.191576 0.653577 2
0.162176 0.158637 0.653872 2
0.128575 0.199027 0.650958 2
0.190243 0.129413 0.661239 2
0.163402 0.169301 0.654058 2
0.128244 0.129416 0.649283 2
0.164589 0.140992 0.654087 2
0.145188 0.122851 0.651737 2
0.165665 0.132650 0.653680 2
0.140308 0.188448 0.650916 2
0.130939 0.199051 0.651034 2
0.170558 0.116263 0.654355 2
0.180484 0.172199 0.656112 2
0.149888 0.107566 0.651726 2
0.164605 0.157526 0.654153 2
0.155762 0.097721 0.656668 2
0.158427 0.177273 0.653005 2
0.162012 0.121951 0.653212 2
0.162115 0.099169 0.658417 2
0.184340 0.184340 0.665763 2
0.137101 0.200650 0.652417 2
0.133107 0.176499 0.650152 2
0.152471 0.156004 0.652722 2
0.145096 0.147446 0.651325 2
0.094882 0.142613 0.645407 2
0.103205 0.173175 0.646500 2
0.129483 0.181041 0.649620 2
0.174162 0.107588 0.659061 2
0.097261 0.158996 0.645748 2
0.119960 0.103575 0.648818 2
0.156097 0.146672 0.653111 2
0.119895 0.173701 0.648465 2
0.130633 0.118917 0.649513 2
0.115181 0.137399 0.648269 2
0.134301 0.176527 0.650255 2
0.094414 0.117870 0.650202 2
0.124630 0.107076 0.648758 2
0.164729 0.190708 0.654644 2
0.097837 0.186780 0.657447 2
0.101583 0.107523 0.658664 2
0.109253 0.116264 0.647784 2
0.142686 0.150907 0.651052 2
0.124630 0.105906 0.648758 2
0.118363 0.199628 0.652921 2
0.122237 0.108201 0.648482 2
0.088871 0.171268 0.652564 2
0.190862 0.143295 0.659255 2
0.135385 0.092062 0.667157 2
0.144623 0.096218 0.654500 2
0.129447 0.135304 0.649438 2
0.127178 0.172891 0.649817 2
0.147362 0.095282 0.656183 2
0.098450 0.163695 0.645906 2
0.169262 0.194206 0.658496 2
0.168105 0.140973 0.653998 2
0.118755 0.122265 0.648630 2
0.109150 0.167520 0.647178 2
0.157288 0.125477 0.653169 2
0.096119 0.122916 0.645903 2
0.127028 0.109466 0.649050 2
0.096067 0.143810 0.645551 2
0.159662 0.189120 0.653237 2
0.125965 0.156432 0.649610 2
0.159757 0.169190 0.653629 2
0.191297 0.173307 0.664901 2
0.101984 0.120633 0.646152 2
0.097262 0.160162 0.645753 2
0.186453 0.175731 0.660488 2
0.118673 0.136211 0.648179 2
0.125951 0.137667 0.649535 2
0.168140 0.174040 0.654133 2
0.158501 0.125505 0.653311 2
0.173001 0.118680 0.654668 2
0.137662 0.091573 0.672400 2
0.116385 0.150306 0.648461 2
0.169305 0.123292 0.654076 2
0.130682 0.179908 0.649759 2
0.104435 0.185859 0.654204 2
0.179273 0.112121 0.664790 2
0.160093 0.195538 0.655003 2
0.183966 0.118476 0.660112 2
0.150022 0.194734 0.652309 2
0.178593 0.108839 0.666726 2
0.085730 0.148715 0.646627 2
0.184944 0.121908 0.659354 2
0.181596 0.165033 0.655853 2
0.182886 0.165130 0.656238 2
0.094926 0.125210 0.645712 2
0.129563 0.154186 0.650024 2
0.163282 0.178608 0.653579 2
0.181551 0.134241 0.655692 2
0.178072 0.176889 0.655946 2
0.157172 0.133626 0.652686 2
0.129459 0.151719 0.649501 2
0.115203 0.167834 0.648390 2
0.170527 0.129223 0.654238 2
0.105548 0.119544 0.646565 2
0.132022 0.197740 0.650585 2
0.128268 0.158724 0.649400 2
0.107941 0.138281 0.646923 2
0.088934 0.126629 0.653030 2
0.194176 0.155938 0.662447 2
0.185299 0.146227 0.656400 2
0.154021 0.091431 0.680370 2
0.088986 0.148310 0.644865 2
0.160808 0.132534 0.653109 2
0.193235 0.133410 0.663321 2
0.146273 0.115726 0.651335 2
0.094018 0.176941 0.647477 2
0.164571 0.123281 0.654015 2
0.165778 0.187016 0.654124 2
0.157170 0.131269 0.652677 2
0.109472 0.105960 0.649086 2
0.189879 0.132737 0.659973 2
0.087889 0.155407 0.645355 2
0.104683 0.108231 0.655754 2
0.190816 0.151583 0.659098 2
0.118510 0.094447 0.667006 2
0.177835 0.116760 0.663895 2
0.187887 0.123468 0.661341 2
0.087922 0.157793 0.645593 2
0.122323 0.193726 0.648934 2
0.100810 0.141601 0.646099 2
0.169013 0.104966 0.657530 2
0.159598 0.134863 0.652975 2
0.162159 0.142110 0.653806 2
0.162187 0.190495 0.653916 2
0.122370 0.156330 0.649187 2
0.123569 0.157536 0.649333 2
0.104385 0.159202 0.646586 2
0.147475 0.111047 0.651457 2
0.090529 0.126740 0.647582 2
0.166893 0.144483 0.653870 2
0.177864 0.150682 0.655181 2
0.107943 0.141784 0.646937 2
0.159648 0.156113 0.653180 2
0.152310 0.112321 0.652030 2
0.151120 0.132303 0.651971 2
0.152157 0.096504 0.656444 2
0.094889 0.156597 0.645461 2
0.141466 0.133248 0.650841 2
0.094884 0.147274 0.645426 2
0.170532 0.117425 0.654257 2
0.130643 0.128299 0.649561 2
0.164556 0.100397 0.658680 2
0.147479 0.114575 0.651471 2
0.114400 0.098989 0.657217 2
0.166901 0.151567 0.653899 2
0.105556 0.130049 0.646611 2
0.161828 0.100179 0.657251 2
0.111722 0.105872 0.648551 2
0.145156 0.101668 0.651595 2
0.085762 0.153438 0.646868 2
0.109804 0.184964 0.651054 2
0.183264 0.123956 0.657596 2
0.109362 0.197807 0.662603 2
0.135463 0.150710 0.650204 2
0.162160 0.143291 0.653810 2
0.131979 0.170693 0.650372 2
0.184025 0.142604 0.656078 2
0.140278 0.152017 0.650775 2
0.169324 0.143365 0.654150 2
0.123444 0.121104 0.648676 2
0.102048 0.116043 0.646554 2
0.184751 0.112536 0.667249 2
0.131983 0.175390 0.650391 2
0.158364 0.113622 0.652746 2
0.085545 0.130383 0.654137 2
0.169344 0.162264 0.654227 2
0.109287 0.108118 0.647987 2
0.170631 0.182440 0.654637 2
0.186632 0.143973 0.656924 2
0.092656 0.126455 0.646124 2
0.152442 0.124190 0.652594 2
0.097266 0.167158 0.645780 2
0.266432 0.195278 0.876590 2
0.127153 0.141216 0.649690 2
0.150069 0.174786 0.652513 2
0.182195 0.111241 0.666703 2
0.150036 0.139445 0.652371 2
0.154726 0.108838 0.652299 2
0.139037 0.109704 0.650461 2
0.141138 0.092305 0.660290 2
0.170570 0.170570 0.654403 2
0.169338 0.156357 0.654202 2
0.142778 0.127502 0.651472 2
0.177865 0.151865 0.655186 2
0.164610 0.162250 0.654172 2
0.098444 0.153200 0.645866 2
0.128340 0.124824 0.649766 2
0.087031 0.162964 0.647631 2
0.128244 0.128244 0.649280 2
0.139364 0.199343 0.651990 2
0.131951 0.136643 0.650236 2
0.130715 0.101406 0.649918 2
0.098440 0.146204 0.645838 2
0.147635 0.158223 0.652162 2
0.098434 0.135710 0.645797 2
0.264859 0.196866 0.876617 2
0.149901 0.105225 0.651784 2
0.159737 0.147948 0.653544 2
0.092726 0.173205 0.646613 2
0.141518 0.193193 0.651081 2
0.083317 0.138861 0.655168 2
0.157837 0.094222 0.665414 2
0.089548 0.127006 0.648940 2
0.162070 0.180929 0.653445 2
0.125837 0.118814 0.648949 2
0.100829 0.173100 0.646220 2
0.147392 0.089903 0.678104 2
0.131867 0.159998 0.649818 2
0.099641 0.170730 0.646072 2
0.131976 0.167170 0.650358 2
0.140374 0.135675 0.651222 2
0.116368 0.126894 0.648368 2
0.111761 0.192509 0.648776 2
0.134936 0.096046 0.653331 2
0.110442 0.189913 0.647906 2
0.176739 0.121175 0.655390 2
0.108708 0.104007 0.651523 2
0.141480 0.149699 0.650906 2
0.117613 0.193681 0.648783 2
0.101995 0.136965 0.646220 2
0.119954 0.125805 0.648784 2
0.170547 0.148122 0.654312 2
0.128284 0.182175 0.649482 2
0.131865 0.157652 0.649810 2
0.115202 0.166663 0.648386 2
0.141610 0.170990 0.651505 2
0.114226 0.098677 0.663090 2
0.164433 0.113747 0.653466 2
0.143444 0.091828 0.665462 2
0.147621 0.142916 0.652101 2
0.155942 0.114750 0.652466 2
0.097473 0.180354 0.647154 2
0.116896 0.100448 0.651308 2
0.100827 0.169600 0.646207 2
0.122372 0.158674 0.649197 2
0.122257 0.133956 0.648586 2
0.164855 0.192035 0.655144 2
0.110704 0.101232 0.656388 2
0.166880 0.126781 0.653817 2
0.159640 0.177312 0.653147 2
0.174225 0.170682 0.654831 2
0.146271 0.113374 0.651325 2
0.113929 0.181701 0.647795 2
0.160968 0.165685 0.653758 2
0.191682 0.166602 0.662089 2
0.093709 0.163555 0.645351 2
0.125886 0.180924 0.649198 2
0.177856 0.143585 0.655153 2
0.122288 0.164417 0.648752 2
0.155986 0.159518 0.652649 2
0.122372 0.102465 0.649196 2
0.160930 0.126739 0.653601 2
0.137832 0.103814 0.650311 2
0.175424 0.150616 0.654894 2
0.174207 0.152948 0.654760 2
0.122284 0.169091 0.648728 2
0.157317 0.192670 0.653289 2
0.123464 0.144528 0.648778 2
0.118674 0.138550 0.648185 2
0.158024 0.092847 0.681756 2
0.117508 0.178308 0.648203 2
0.090151 0.149476 0.644878 2
0.154862 0.123065 0.652874 2
0.151251 0.145366 0.652537 2
0.135495 0.176554 0.650356 2
0.142821 0.175734 0.651665 2
0.194515 0.129476 0.667712 2
0.097252 0.143841 0.645690 2
0.159763 0.175091 0.653653 2
0.130670 0.163484 0.649696 2
0.105572 0.154566 0.646708 2
0.176947 0.112166 0.665060 2
0.179115 0.167293 0.655435 2
0.165756 0.110307 0.654036 2
0.156005 0.179553 0.652728 2
0.170648 0.113962 0.654701 2
0.093696 0.140253 0.645259 2
0.119903 0.185411 0.648509 2
0.163383 0.189336 0.653985 2
0.140605 0.098247 0.652291 2
0.157215 0.177235 0.652863 2
0.117515 0.188843 0.648242 2
0.177878 0.163695 0.655233 2
0.083001 0.143044 0.652682 2
0.260129 0.190550 0.876661 2
0.179167 0.170889 0.655625 2
0.145217 0.155800 0.651869 2
0.133026 0.103725 0.649754 2
0.166888 0.139761 0.653851 2
0.109126 0.130134 0.647031 2
0.149897 0.116978 0.651766 2
0.130754 0.141308 0.650114 2
0.143861 0.115676 0.651051 2
0.145098 0.149797 0.651333 2
0.113927 0.179362 0.647787 2
0.107262 0.191665 0.649883 2
0.111501 0.119673 0.647267 2
0.151149 0.164088 0.652097 2
0.115244 0.104714 0.648624 2
0.084796 0.150293 0.648405 2
0.084226 0.136057 0.653056 2
0.177867 0.153048 0.655190 2
0.083962 0.161375 0.660245 2
0.117460 0.112785 0.647940 2
0.134372 0.156670 0.650598 2
0.187948 0.147631 0.657384 2
0.157201 0.161911 0.652804 2
0.110480 0.185303 0.648132 2
0.155939 0.111217 0.652451 2
0.121170 0.151608 0.649028 2
0.134227 0.109609 0.649896 2
0.107975 0.115056 0.654204 2
0.161009 0.105570 0.653922 2
0.129494 0.193948 0.649677 2
0.106781 0.102009 0.661428 2
0.152327 0.129978 0.652105 2
0.097248 0.136846 0.645662 2
0.097246 0.132184 0.645644 2
0.112732 0.175814 0.647631 2
0.112125 0.100260 0.657778 2
0.127028 0.104784 0.649052 2
0.123440 0.115249 0.648653 2
0.143035 0.098300 0.652645 2
0.103193 0.153332 0.646424 2
0.163286 0.183329 0.653596 2
0.146412 0.141708 0.651954 2
0.264854 0.192118 0.876601 2
0.131835 0.121288 0.649663 2
0.099346 0.107674 0.659589 2
0.091683 0.173438 0.647483 2
0.131845 0.131845 0.649710 2
0.136750 0.122664 0.650745 2
0.098455 0.170693 0.645935 2
0.107951 0.154633 0.646987 2
0.159642 0.179671 0.653156 2
0.122347 0.124688 0.649061 2
0.117563 0.126922 0.648508 2
0.172963 0.129279 0.654523 2
0.124779 0.172816 0.649535 2
0.094943 0.172994 0.645825 2
0.145232 0.172279 0.651935 2
0.172363 0.109578 0.656736 2
0.193061 0.116339 0.697260 2
0.095163 0.178066 0.647322 2
0.193632 0.126072 0.668823 2
0.152360 0.164126 0.652246 2
0.103185 0.140495 0.646373 2
0.164621 0.172881 0.654215 2
0.152445 0.127724 0.652608 2
0.183376 0.175067 0.657996 2
0.124687 0.178542 0.649055 2
0.182786 0.156758 0.655880 2
0.131884 0.182293 0.649906 2
0.162171 0.153915 0.653853 2
0.114958 0.099630 0.653647 2
0.170715 0.112826 0.654960 2
0.157155 0.115953 0.652613 2
0.146466 0.100585 0.652196 2
0.118779 0.155057 0.648761 2
0.161402 0.102281 0.655522 2
0.184514 0.116441 0.662078 2
0.185306 0.145047 0.656423 2
0.134289 0.184721 0.650196 2
0.118759 0.126949 0.648649 2
0.150025 0.127668 0.652324 2
0.130659 0.151752 0.649642 2
0.145099 0.102803 0.651338 2
0.097252 0.142675 0.645685 2
0.083934 0.137509 0.660023 2
0.169308 0.126833 0.654086 2
0.098441 0.147370 0.645843 2
0.139103 0.187231 0.650770 2
0.121092 0.174910 0.648611 2
0.143863 0.118027 0.651063 2
0.170577 0.177660 0.654430 2
0.110351 0.180415 0.647371 2
0.115078 0.119751 0.647688 2
0.173726 0.187956 0.657411 2
0.157151 0.112419 0.652598 2
0.182788 0.137831 0.655888 2
0.163357 0.124434 0.653877 2
0.157157 0.118310 0.652624 2
0.146274 0.116902 0.651341 2
0.163303 0.109065 0.653665 2
0.169331 0.149271 0.654174 2
0.179522 0.119089 0.656922 2
0.128231 0.115350 0.649216 2
0.189514 0.158621 0.658702 2
0.189607 0.161077 0.659027 2
0.118653 0.110470 0.648071 2
0.147477 0.112223 0.651462 2
0.174187 0.134035 0.654685 2
0.124782 0.176335 0.649549 2
0.089072 0.161261 0.645490 2
0.140286 0.161417 0.650812 2
0.163879 0.194643 0.655967 2
0.123452 0.131643 0.648717 2
0.168085 0.116185 0.653920 2
0.100805 0.119451 0.646062 2
0.093697 0.142583 0.645268 2
0.133034 0.118969 0.649795 2
0.128339 0.123651 0.649761 2
0.121044 0.111688 0.648356 2
0.152361 0.166479 0.652248 2
0.140309 0.189623 0.650921 2
0.164603 0.155163 0.654144 2
0.170417 0.101054 0.662991 2
0.115199 0.163151 0.648372 2
0.141465 0.132074 0.650838 2
0.146339 0.189830 0.651630 2
0.139045 0.117924 0.650497 2
0.143933 0.094178 0.656741 2
0.146276 0.118078 0.651347 2
0.135562 0.141431 0.650679 2
0.157333 0.171475 0.653353 2
0.189353 0.150176 0.658144 2
0.174193 0.139945 0.654709 2
0.113932 0.187550 0.647816 2
0.170531 0.132766 0.654252 2
0.165166 0.103599 0.656381 2
0.144023 0.171064 0.651788 2
0.129430 0.115375 0.649357 2
0.174187 0.122226 0.654687 2
0.128270 0.163412 0.649412 2
0.166874 0.125597 0.653794 2
0.087209 0.165639 0.648956 2
0.165383 0.098513 0.661988 2
0.103608 0.107160 0.656438 2
0.108370 0.106027 0.649499 2
0.179086 0.151898 0.655329 2
0.085807 0.155853 0.647208 2
0.099621 0.138072 0.645945 2
0.136694 0.184801 0.650479 2
0.122236 0.107030 0.648476 2
0.151276 0.172467 0.652646 2
0.159596 0.108949 0.652967 2
0.162157 0.139750 0.653796 2
0.105388 0.104198 0.660175 2
0.152462 0.095511 0.657763 2
0.133026 0.109585 0.649755 2
0.101837 0.105410 0.660311 2
0.184408 0.127484 0.657443 2
0.179073 0.131793 0.655279 2
0.086002 0.160888 0.648681 2
0.113982 0.130349 0.648101 2
0.095117 0.120793 0.647011 2
0.165659 0.123212 0.653653 2
0.091948 0.176282 0.649353 2
0.160639 0.198576 0.657236 2
0.171828 0.180095 0.654699 2
0.180896 0.115990 0.666349 2
0.173919 0.108625 0.658142 2
0.116377 0.139770 0.648419 2
0.148353 0.096341 0.655335 2
0.153529 0.121765 0.652214 2
0.142777 0.126326 0.651468 2
0.100825 0.164933 0.646190 2
0.131975 0.165995 0.650353 2
0.165801 0.137479 0.654215 2
0.190810 0.146823 0.659077 2
0.124690 0.184400 0.649068 2
0.261710 0.196875 0.876661 2
0.148717 0.146366 0.651748 2
0.143985 0.127529 0.651614 2
0.154729 0.107663 0.652314 2
0.146138 0.092455 0.661360 2
0.149910 0.131098 0.651825 2
0.163375 0.143322 0.653953 2
0.174208 0.154130 0.654765 2
0.090725 0.173842 0.648989 2
0.093702 0.150738 0.645300 2
0.094882 0.143779 0.645412 2
0.109374 0.187750 0.648506 2
0.091712 0.124425 0.647689 2
0.121150 0.124661 0.648920 2
0.140275 0.149666 0.650763 2
0.125850 0.135215 0.649013 2
0.185312 0.153341 0.656446 2
0.098452 0.167194 0.645919 2
0.146319 0.166298 0.651540 2
0.083107 0.158552 0.653520 2
0.082650 0.154002 0.659276 2
0.117505 0.174797 0.648189 2
0.127069 0.159860 0.649259 2
0.136650 0.130785 0.650271 2
0.129457 0.149373 0.649490 2
0.184122 0.134391 0.656426 2
0.168124 0.158685 0.654070 2
0.183043 0.170010 0.656800 2
0.174199 0.145855 0.654732 2
0.179085 0.150715 0.655324 2
0.100822 0.160266 0.646172 2
0.097249 0.138012 0.645667 2
0.176642 0.149466 0.655033 2
0.180614 0.122581 0.656586 2
0.157306 0.143166 0.653240 2
0.127921 0.202198 0.653615 2
0.171779 0.117471 0.654512 2
0.111831 0.104805 0.649188 2
0.147484 0.119280 0.651494 2
0.158826 0.102145 0.654651 2
0.144259 0.098332 0.652854 2
0.112737 0.184001 0.647663 2
0.142688 0.152083 0.651058 2
0.127034 0.117668 0.649085 2
0.105573 0.156901 0.646717 2
0.163355 0.123254 0.653873 2
0.180887 0.178515 0.657579 2
0.153895 0.100828 0.653769 2
0.118657 0.115150 0.648090 2
0.175731 0.190028 0.660491 2
0.170560 0.161117 0.654364 2
0.092525 0.163520 0.645213 2
0.091477 0.128767 0.646027 2
0.181964 0.174851 0.657182 2
0.141584 0.140409 0.651382 2
0.165652 0.119670 0.653628 2
0.141988 0.200905 0.653244 2
0.120901 0.095887 0.660348 2
0.154750 0.133568 0.652402 2
0.110332 0.153531 0.647263 2
0.165671 0.112609 0.653701 2
0.147834 0.198486 0.653039 2
0.172737 0.107441 0.658161 2
0.152962 0.092977 0.665096 2
0.140287 0.162592 0.650818 2
0.117512 0.184160 0.648224 2
0.125834 0.115300 0.648935 2
0.158434 0.185527 0.653034 2
0.135464 0.151884 0.650209 2
0.153698 0.172542 0.652930 2
0.106753 0.141754 0.646797 2
0.137879 0.157827 0.650532 2
0.140387 0.100444 0.651279 2
0.147547 0.189871 0.651772 2
0.123567 0.154019 0.649319 2
0.188705 0.110966 0.695117 2
0.112730 0.173476 0.647622 2
0.090401 0.128894 0.646668 2
0.150054 0.159470 0.652452 2
0.128349 0.136554 0.649813 2
0.129553 0.196382 0.649974 2
0.116266 0.112761 0.647800 2
0.149892 0.112272 0.651746 2
0.143196 0.097232 0.653379 2
0.156011 0.186625 0.652754 2
0.146331 0.180417 0.651595 2
0.166909 0.159832 0.653933 2
0.148840 0.153546 0.652286 2
0.125838 0.119985 0.648953 2
0.164447 0.129082 0.653524 2
0.082613 0.149178 0.658978 2
0.111662 0.191170 0.648204 2
0.152346 0.149993 0.652185 2
0.113184 0.195287 0.650233 2
0.176671 0.170762 0.655139 2
0.109366 0.107027 0.648458 2
0.157301 0.138448 0.653221 2
0.094897 0.168252 0.645510 2
0.165823 0.158741 0.654301 2
0.146330 0.179240 0.651591 2
0.194272 0.140473 0.662774 2
0.117502 0.170115 0.648171 2
0.134360 0.142575 0.650542 2
0.146052 0.089831 0.677562 2
0.247490 0.152606 0.876705 2
0.137574 0.092311 0.660332 2
0.143875 0.130956 0.651118 2
0.104393 0.170878 0.646632 2
0.118661 0.120999 0.648114 2
0.119852 0.115175 0.648231 2
0.103178 0.128826 0.646327 2
0.130623 0.107193 0.649463 2
0.113983 0.131519 0.648105 2
0.124680 0.171508 0.649019 2
0.106754 0.144089 0.646806 2
0.119976 0.156262 0.648906 2
0.171791 0.172971 0.654555 2
0.134270 0.160068 0.650103 2
0.160974 0.171588 0.653781 2
0.171781 0.163516 0.654516 2
0.134357 0.139051 0.650528 2
0.133158 0.142544 0.650401 2
0.137323 0.096067 0.653474 2
0.188037 0.140583 0.657695 2
0.139100 0.183706 0.650758 2
0.117586 0.158537 0.648634 2
0.156093 0.143135 0.653097 2
0.113014 0.193822 0.649255 2
0.099626 0.145069 0.645973 2
0.084908 0.143466 0.649264 2
0.093846 0.124157 0.646294 2
0.159741 0.152668 0.653563 2
0.159742 0.153848 0.653568 2
0.095535 0.116634 0.649850 2
0.160806 0.130176 0.653100 2
0.095018 0.175463 0.646335 2
0.234980 0.253968 0.877232 2
0.136694 0.101494 0.650477 2
0.098457 0.174193 0.645950 2
0.109144 0.158172 0.647141 2
0.122248 0.121078 0.648536 2
0.117587 0.159708 0.648639 2
0.168086 0.120904 0.653922 2
0.095049 0.121872 0.646543 2
0.125874 0.165685 0.649138 2
0.107954 0.159306 0.647006 2
0.166885 0.096683 0.682793 2
0.174214 0.160041 0.654789 2
0.170558 0.158754 0.654354 2
0.129551 0.176448 0.649964 2
0.158433 0.184348 0.653030 2
0.177850 0.137671 0.655129 2
0.123630 0.196284 0.649650 2
0.082676 0.156430 0.659484 2
0.162774 0.195920 0.656283 2
0.110328 0.146520 0.647235 2
0.170535 0.136310 0.654267 2
0.141501 0.204259 0.656450 2
0.145215 0.153446 0.651860 2
0.114007 0.165456 0.648240 2
0.125941 0.124769 0.649484 2
0.106765 0.160439 0.646870 2
0.158412 0.161946 0.652944 2
0.111502 0.120843 0.647278 2
0.122282 0.165578 0.648718 2
0.165595 0.196458 0.658084 2
0.141469 0.102727 0.650855 2
0.178550 0.107611 0.666566 2
0.158436 0.187885 0.653043 2
0.151102 0.113473 0.651892 2
0.137869 0.150776 0.650486 2
0.160794 0.118387 0.653051 2
0.112809 0.159569 0.648077 2
0.098445 0.154366 0.645871 2
0.106768 0.165111 0.646889 2
0.129574 0.168271 0.650080 2
0.099614 0.126411 0.645898 2
0.157156 0.117131 0.652618 2
0.136764 0.139112 0.650811 2
0.127035 0.118840 0.649090 2
0.152526 0.101881 0.652958 2
0.163407 0.175206 0.654081 2
0.146304 0.149830 0.651475 2
0.133157 0.141369 0.650396 2
0.185120 0.120834 0.659982 2
0.142696 0.094144 0.656498 2
0.154892 0.193762 0.652998 2
0.165816 0.151653 0.654272 2
0.128259 0.150514 0.649356 2
0.156091 0.140776 0.653088 2
0.135449 0.131930 0.650133 2
0.149911 0.132275 0.651829 2
0.103182 0.135827 0.646355 2
0.124400 0.094352 0.666333 2
0.179083 0.148349 0.655315 2
0.131830 0.115425 0.649639 2
0.140260 0.130871 0.650694 2
0.140305 0.183746 0.650899 2
0.115190 0.149103 0.648316 2
0.125287 0.200576 0.652175 2
0.118707 0.184200 0.648365 2
0.166872 0.122058 0.653788 2
0.153587 0.184187 0.652461 2
0.096407 0.180544 0.647835 2
0.131120 0.200501 0.651932 2
0.186080 0.173001 0.659165 2
0.130626 0.103681 0.649480 2
0.119957 0.129319 0.648799 2
0.151140 0.153493 0.652059 2
0.158384 0.133655 0.652829 2
0.128165 0.093590 0.660953 2
0.143891 0.149764 0.651190 2
0.162075 0.094287 0.683283 2
0.157216 0.178413 0.652866 2
0.155949 0.120640 0.652494 2
0.159756 0.168009 0.653624 2
0.244335 0.147866 0.876733 2
0.196203 0.142202 0.665271 2
0.097265 0.164826 0.645771 2
0.136787 0.167315 0.650924 2
0.134231 0.114301 0.649915 2
0.131829 0.114252 0.649633 2
0.143996 0.140470 0.651666 2
0.117560 0.122239 0.648489 2
0.258541 0.177895 0.876639 2
0.105564 0.142891 0.646662 2
0.154797 0.183049 0.652599 2
0.166874 0.124419 0.653796 2
0.139198 0.169740 0.651216 2
0.185434 0.135669 0.656877 2
0.139105 0.101541 0.650781 2
0.119907 0.191267 0.648532 2
0.112693 0.120868 0.647412 2
0.139272 0.099312 0.651560 2
0.182845 0.133140 0.656092 2
0.188104 0.122417 0.662107 2
0.130627 0.111882 0.649482 2
0.158428 0.178452 0.653009 2
0.168119 0.153962 0.654051 2
0.143921 0.183866 0.651324 2
0.164572 0.124461 0.654020 2
0.139248 0.198003 0.651451 2
0.114009 0.167797 0.648250 2
0.145203 0.140500 0.651808 2
0.181533 0.136593 0.655626 2
0.175646 0.180377 0.655726 2
0.090597 0.119019 0.656540 2
0.164846 0.105761 0.655108 2
0.162956 0.097296 0.661831 2
0.112689 0.113856 0.647384 2
0.176628 0.136459 0.654981 2
0.104796 0.105980 0.656466 2
0.188379 0.121400 0.663073 2
0.084150 0.138288 0.652466 2
0.138192 0.089490 0.674991 2
0.165629 0.095480 0.720171 2
0.129460 0.152892 0.649506 2
0.085201 0.139259 0.651499 2
0.105550 0.121878 0.646576 2
0.148753 0.187558 0.651905 2
0.119876 0.146775 0.648364 2
0.148735 0.167548 0.651829 2
0.132215 0.098133 0.651534 2
0.121048 0.116370 0.648376 2
0.155988 0.160697 0.652656 2
0.189313 0.124815 0.662157 2
0.146024 0.091941 0.666282 2
0.135462 0.149536 0.650198 2
0.193008 0.163130 0.662539 2
0.175425 0.151799 0.654899 2
0.192500 0.156742 0.660797 2
0.122254 0.130444 0.648571 2
0.196501 0.140014 0.666279 2
0.155957 0.128885 0.652528 2
0.159644 0.182029 0.653164 2
0.162011 0.120771 0.653206 2
0.107959 0.166315 0.647033 2
0.104381 0.152198 0.646559 2
0.103192 0.150998 0.646414 2
0.110310 0.120816 0.647132 2
0.139034 0.106182 0.650446 2
0.115178 0.132718 0.648250 2
0.129428 0.113030 0.649346 2
0.116309 0.098597 0.654614 2
0.134223 0.104916 0.649876 2
0.147623 0.145271 0.652111 2
0.143862 0.116851 0.651057 2
0.105576 0.161572 0.646735 2
0.167100 0.109235 0.654679 2
0.147603 0.122905 0.652021 2
0.122371 0.157502 0.649192 2
0.163557 0.105692 0.654680 2
0.157197 0.158375 0.652789 2
0.131968 0.156601 0.650316 2
0.182317 0.119367 0.658458 2
0.118776 0.150371 0.648742 2
0.175445 0.170719 0.654974 2
0.137946 0.090546 0.673788 2
0.109124 0.127798 0.647021 2
0.170573 0.172934 0.654413 2
0.135258 0.091627 0.691105 2
0.140313 0.101565 0.650938 2
0.188067 0.139419 0.657799 2
0.129753 0.199033 0.650975 2
0.131952 0.094082 0.656072 2
0.129482 0.177525 0.649615 2
0.155154 0.092602 0.679956 2
0.093698 0.143748 0.645273 2
0.129434 0.120063 0.649376 2
0.117588 0.160879 0.648643 2
0.137836 0.112028 0.650329 2
0.121097 0.181938 0.648639 2
0.170559 0.159936 0.654359 2
0.140380 0.142730 0.651250 2
0.121114 0.093397 0.668097 2
0.104398 0.179051 0.646662 2
0.103526 0.108259 0.655921 2
0.121103 0.190138 0.648671 2
0.157881 0.099932 0.655628 2
0.178672 0.190704 0.667022 2
0.109152 0.169857 0.647187 2
0.090349 0.129987 0.646299 2
0.172533 0.108500 0.657383 2
0.130486 0.095060 0.654656 2
0.188264 0.176311 0.662668 2
0.138756 0.095063 0.654673 2
0.127073 0.166893 0.649282 2
0.133070 0.163553 0.649971 2
0.160962 0.159783 0.653734 2
0.174277 0.177822 0.655025 2
0.137972 0.143843 0.650971 2
0.171523 0.098109 0.739997 2
0.125886 0.182096 0.649200 2
0.111534 0.167592 0.647459 2
0.097250 0.140343 0.645676 2
0.179333 0.175781 0.656230 2
0.094883 0.144944 0.645416 2
0.159648 0.186747 0.653181 2
0.085466 0.131441 0.653529 2
0.139176 0.143874 0.651113 2
0.129458 0.150546 0.649496 2
0.133044 0.129528 0.649845 2
0.125955 0.142358 0.649554 2
0.181510 0.105413 0.691586 2
0.115074 0.113906 0.647664 2
0.109147 0.162846 0.647159 2
0.103196 0.158001 0.646442 2
0.157311 0.149063 0.653263 2
0.127071 0.163377 0.649272 2
0.102006 0.154466 0.646289 2
0.154876 0.137209 0.652931 2
0.175447 0.171903 0.654982 2
0.134309 0.195305 0.650294 2
0.149944 0.165233 0.651972 2
0.260127 0.188968 0.876656 2
0.194141 0.142768 0.662329 2
0.160963 0.160963 0.653739 2
0.149947 0.171115 0.651982 2
0.166924 0.174002 0.653990 2
0.170587 0.180031 0.654468 2
0.119957 0.130490 0.648803 2
0.130780 0.174178 0.650245 2
0.196581 0.110530 0.822498 2
0.108485 0.188236 0.650186 2
0.140277 0.150841 0.650769 2
0.160966 0.163324 0.653748 2
0.147513 0.151039 0.651621 2
0.099632 0.155566 0.646015 2
0.125885 0.178581 0.649195 2
0.121096 0.178427 0.648634 2
0.105660 0.113924 0.654482 2
0.266424 0.187366 0.876563 2
0.127163 0.154119 0.649742 2
0.120720 0.095495 0.665922 2
0.101996 0.139298 0.646229 2
0.091372 0.164702 0.645284 2
0.106744 0.128910 0.646746 2
0.182833 0.162716 0.656049 2
0.139056 0.130842 0.650553 2
0.134299 0.194117 0.650244 2
0.128267 0.159894 0.649397 2
0.172960 0.126916 0.654513 2
0.092538 0.130950 0.645302 2
0.171472 0.102166 0.662447 2
0.139107 0.191933 0.650791 2
0.092799 0.174509 0.647123 2
0.139111 0.194286 0.650807 2
0.173918 0.189351 0.658137 2
0.263278 0.190541 0.876617 2
0.094891 0.158928 0.645470 2
0.151536 0.099648 0.653764 2
0.175444 0.169537 0.654970 2
0.138526 0.096084 0.653589 2
0.166886 0.137401 0.653841 2
0.112579 0.100791 0.653529 2
0.258575 0.211130 0.876754 2
0.143209 0.090801 0.675684 2
0.157068 0.097797 0.657177 2
0.189766 0.163592 0.659581 2
0.163358 0.125614 0.653882 2
0.129427 0.111858 0.649341 2
0.106796 0.187041 0.654211 2
0.180293 0.138915 0.655420 2
0.129510 0.195144 0.649757 2
0.150039 0.142979 0.652385 2
0.189349 0.147799 0.658132 2
0.261705 0.192128 0.876645 2
0.140366 0.126271 0.651184 2
0.175435 0.161258 0.654937 2
0.177855 0.142402 0.655148 2
0.189381 0.153761 0.658243 2
0.115186 0.144421 0.648297 2
0.092519 0.153035 0.645170 2
0.186936 0.120045 0.662200 2
0.134358 0.140226 0.650533 2
0.175905 0.181828 0.656691 2
0.145454 0.204823 0.658264 2
0.103187 0.143996 0.646387 2
0.135179 0.091534 0.672115 2
0.175402 0.130518 0.654813 2
0.084051 0.145180 0.651701 2
0.148825 0.137060 0.652220 2
0.165808 0.144566 0.654244 2
0.082698 0.157662 0.659661 2
0.129466 0.159928 0.649535 2
0.107455 0.105106 0.651050 2
0.141609 0.169814 0.651500 2
0.110401 0.188675 0.647667 2
0.152056 0.093619 0.661153 2
0.153592 0.190078 0.652483 2
0.136702 0.193026 0.650517 2
0.157162 0.121844 0.652642 2
0.128285 0.183347 0.649487 2
0.177883 0.167245 0.655250 2
0.092516 0.133247 0.645149 2
0.116014 0.099525 0.652957 2
0.152487 0.194877 0.652788 2
0.165836 0.171738 0.654353 2
0.136667 0.151918 0.650351 2
0.133168 0.154287 0.650448 2
0.171755 0.138703 0.654420 2
0.121061 0.133927 0.648445 2
0.179068 0.134153 0.655262 2
0.107937 0.133609 0.646905 2
0.122239 0.105863 0.648492 2
0.153525 0.118232 0.652198 2
0.092897 0.116566 0.656060 2
0.171759 0.143428 0.654436 2
0.113396 0.101645 0.651450 2
0.151156 0.171153 0.652125 2
0.195920 0.145592 0.664309 2
0.100797 0.120607 0.646016 2
0.141581 0.136881 0.651368 2
0.163236 0.132592 0.653394 2
0.177879 0.164878 0.655238 2
0.169433 0.112758 0.654569 2
0.158434 0.151367 0.653035 2
0.195865 0.150343 0.664123 2
0.140303 0.181396 0.650891 2
0.122576 0.197646 0.650276 2
0.093228 0.178834 0.650114 2
0.174692 0.098847 0.689298 2
0.129424 0.108342 0.649327 2
0.142775 0.123974 0.651458 2
0.169468 0.097983 0.683274 2
0.119892 0.170189 0.648451 2
0.115079 0.122089 0.647696 2
0.152375 0.104132 0.652308 2
0.091341 0.135557 0.645067 2
0.126220 0.199017 0.650923 2
0.119983 0.165636 0.648943 2
0.111334 0.100617 0.660125 2
0.180335 0.130669 0.655571 2
0.096071 0.149637 0.645574 2
0.115115 0.106934 0.647894 2
0.145060 0.108648 0.651164 2
0.138035 0.197948 0.651271 2
0.185034 0.176705 0.659677 2
0.091329 0.140192 0.644981 2
0.145127 0.183906 0.651466 2
0.131977 0.168344 0.650363 2
0.091075 0.122805 0.651491 2
0.155991 0.163054 0.652668 2
0.098443 0.150868 0.645857 2
0.171752 0.118633 0.654409 2
0.160973 0.170407 0.653777 2
0.145081 0.130984 0.651259 2
0.178888 0.101598 0.691095 2
0.146590 0.198397 0.652747 2
0.134274 0.163591 0.650122 2
0.127180 0.176412 0.649831 2
0.141580 0.135705 0.651363 2
0.163379 0.146864 0.653967 2
0.124676 0.165650 0.648998 2
0.134286 0.180025 0.650181 2
0.093692 0.134428 0.645236 2
0.100591 0.106543 0.659952 2
0.180852 0.116390 0.661791 2
0.136633 0.112004 0.650188 2
0.186946 0.165581 0.658029 2
0.151122 0.134657 0.651980 2
0.147531 0.169866 0.651700 2
0.136753 0.126188 0.650759 2
0.129488 0.188079 0.649644 2
0.088987 0.147149 0.644874 2
0.135470 0.158928 0.650236 2
0.151233 0.125341 0.652457 2
0.106772 0.170952 0.646912 2
0.182758 0.142540 0.655780 2
0.122296 0.185491 0.648790 2
0.100826 0.167266 0.646198 2
0.127084 0.179791 0.649337 2
0.150050 0.154757 0.652433 2
0.175413 0.123439 0.654854 2
0.182819 0.161520 0.655999 2
0.085822 0.141869 0.647324 2
0.160537 0.094108 0.681984 2
0.099612 0.124079 0.645888 2
0.106748 0.134748 0.646769 2
0.141481 0.150874 0.650910 2
0.192409 0.143562 0.660484 2
0.132217 0.092371 0.669397 2
0.102017 0.173137 0.646360 2
0.109143 0.155835 0.647132 2
0.150040 0.144156 0.652390 2
0.105584 0.173250 0.646781 2
0.121068 0.143293 0.648484 2
0.121190 0.194958 0.649138 2
0.174180 0.128126 0.654661 2
0.100799 0.124105 0.646028 2
0.123496 0.189048 0.648947 2
0.082627 0.151582 0.659092 2
0.140242 0.110902 0.650607 2
0.109154 0.172194 0.647196 2
0.121042 0.109348 0.648346 2
0.143982 0.124001 0.651600 2
0.165715 0.182228 0.653877 2
0.115077 0.118582 0.647683 2
0.151246 0.139476 0.652513 2
0.184089 0.136735 0.656309 2
0.166894 0.145664 0.653875 2
0.082860 0.134126 0.660950 2
0.090156 0.141341 0.644912 2
0.100831 0.175435 0.646232 2
0.122903 0.098205 0.652011 2
0.160944 0.140899 0.653658 2
0.151116 0.105252 0.651954 2
0.153701 0.176079 0.652945 2
0.106927 0.114016 0.655010 2
0.121051 0.119881 0.648390 2
0.164580 0.188176 0.654054 2
0.142794 0.145144 0.651543 2
0.137996 0.172054 0.651084 2
0.108326 0.109497 0.649235 2
0.112690 0.116194 0.647394 2
0.139420 0.093144 0.657804 2
0.115180 0.136229 0.648264 2
0.158525 0.150275 0.653411 2
0.104381 0.103188 0.661336 2
0.149946 0.169938 0.651978 2
0.098437 0.141540 0.645820 2
0.095278 0.118659 0.648102 2
0.153568 0.160628 0.652378 2
0.149889 0.108743 0.651731 2
0.166915 0.098713 0.663332 2
0.112469 0.197263 0.652891 2
0.129454 0.145855 0.649475 2
0.151703 0.098578 0.654488 2
0.137830 0.106159 0.650305 2
0.143892 0.150940 0.651194 2
0.174178 0.125762 0.654652 2
0.102005 0.153299 0.646284 2
0.179139 0.116830 0.664290 2
0.091329 0.141357 0.644986 2
0.142719 0.188530 0.651200 2
0.149893 0.113449 0.651750 2
0.141801 0.199462 0.652380 2
0.261713 0.200041 0.876672 2
0.134249 0.135421 0.650002 2
0.123467 0.151554 0.648795 2
0.111509 0.131359 0.647315 2
0.123568 0.156364 0.649328 2
0.169383 0.182367 0.654378 2
0.097110 0.113589 0.652560 2
0.092510 0.134402 0.645107 2
0.122266 0.144497 0.648635 2
0.154294 0.090364 0.681578 2
0.153574 0.170049 0.652404 2
0.147690 0.094308 0.657643 2
0.146428 0.159365 0.652025 2
0.152453 0.135971 0.652642 2
0.110315 0.127825 0.647161 2
0.115117 0.174721 0.647907 2
0.110322 0.138340 0.647203 2
0.123489 0.177333 0.648913 2
0.135501 0.194159 0.650384 2
0.128260 0.151687 0.649362 2
0.112688 0.112688 0.647379 2
0.133185 0.175429 0.650532 2
0.085247 0.132938 0.660974 2
0.084204 0.167810 0.662143 2
0.165656 0.120852 0.653641 2
0.109129 0.134806 0.647049 2
0.137877 0.160172 0.650523 2
0.092509 0.135564 0.645102 2
0.112735 0.108062 0.647650 2
0.151908 0.097528 0.655370 2
0.115127 0.188761 0.647962 2
0.145867 0.090938 0.676702 2
0.153178 0.200491 0.655745 2
0.139036 0.108530 0.650456 2
0.174209 0.155312 0.654770 2
0.129482 0.179869 0.649618 2
0.136634 0.113177 0.650193 2
0.125979 0.174027 0.649680 2
0.136790 0.170841 0.650938 2
0.119320 0.099336 0.651716 2
0.179402 0.177033 0.656483 2
0.087106 0.164274 0.648188 2
0.176645 0.151832 0.655042 2
0.192331 0.148268 0.660218 2
0.142717 0.186178 0.651191 2
0.127691 0.097092 0.652439 2
0.185379 0.137998 0.656684 2
0.123544 0.124715 0.649202 2
0.147524 0.163981 0.651673 2
0.135490 0.183587 0.650333 2
0.158199 0.091719 0.682514 2
0.119871 0.140921 0.648335 2
0.137895 0.181317 0.650608 2
0.130690 0.190468 0.649797 2
0.195985 0.154031 0.664529 2
0.185611 0.166635 0.657507 2
0.177882 0.125877 0.655248 2
0.146431 0.162897 0.652039 2
0.149962 0.188776 0.652052 2
0.156433 0.095763 0.659497 2
0.147548 0.191048 0.651777 2
0.117593 0.167906 0.648671 2
0.105565 0.144058 0.646666 2
0.146413 0.142885 0.651959 2
0.117504 0.173626 0.648184 2
0.156234 0.195146 0.653688 2
0.111518 0.144214 0.647366 2
0.135434 0.115500 0.650062 2
0.188847 0.178055 0.664719 2
0.167202 0.108120 0.655081 2
0.188083 0.158417 0.657854 2
0.092515 0.144881 0.645138 2
0.160977 0.175129 0.653796 2
0.106751 0.138251 0.646783 2
0.152964 0.098629 0.654830 2
0.100808 0.138101 0.646085 2
0.147634 0.157045 0.652158 2
0.094886 0.127485 0.645437 2
0.126192 0.099193 0.650781 2
0.114006 0.164286 0.648236 2
0.186833 0.163108 0.657633 2
0.100832 0.176602 0.646237 2
0.121088 0.169055 0.648588 2
0.187127 0.178757 0.662876 2
0.092520 0.155364 0.645179 2
0.094126 0.178312 0.648219 2
0.100802 0.127604 0.646043 2
0.260142 0.203211 0.876705 2
0.152472 0.157182 0.652727 2
0.172966 0.131643 0.654533 2
0.194501 0.159790 0.663556 2
0.164585 0.137449 0.654072 2
0.145124 0.180377 0.651453 2
0.145113 0.167438 0.651401 2
0.121048 0.105844 0.648377 2
0.101990 0.128799 0.646188 2
0.130709 0.195184 0.649891 2
0.166885 0.136220 0.653837 2
0.101687 0.106445 0.659341 2
0.186189 0.116742 0.663794 2
0.135437 0.119020 0.650078 2
0.128224 0.107146 0.649181 2
0.194041 0.153442 0.661987 2
0.176700 0.122330 0.655245 2
0.119900 0.178388 0.648494 2
0.150052 0.157114 0.652442 2
0.176008 0.100132 0.689583 2
0.122368 0.152813 0.649173 2
0.127454 0.094257 0.657287 2
0.087744 0.128965 0.652934 2
0.149913 0.134628 0.651838 2
0.168155 0.182315 0.654190 2
0.107945 0.145288 0.646950 2
0.155995 0.168946 0.652688 2
0.133144 0.124932 0.650330 2
0.144013 0.159296 0.651741 2
0.157204 0.166625 0.652818 2
0.100209 0.109696 0.657443 2
0.122238 0.109371 0.648487 2
0.129550 0.137757 0.649958 2
0.169358 0.175259 0.654279 2
0.098442 0.149702 0.645852 2
0.124504 0.096181 0.654247 2
0.151171 0.095445 0.657305 2
0.106747 0.132413 0.646760 2
0.110335 0.158206 0.647281 2
0.155986 0.158340 0.652647 2
0.105560 0.135886 0.646634 2
0.127094 0.192690 0.649387 2
0.102002 0.148632 0.646266 2
0.189498 0.139599 0.658647 2
0.135431 0.111979 0.650047 2
0.115123 0.182911 0.647940 2
0.123490 0.178504 0.648915 2
0.127062 0.095149 0.655266 2
0.107247 0.190466 0.649790 2
0.178065 0.114513 0.664754 2
0.104364 0.125353 0.646452 2
0.136417 0.092335 0.660499 2
0.160927 0.124380 0.653592 2
0.147478 0.113399 0.651467 2
0.181530 0.151965 0.655616 2
0.118784 0.162085 0.648789 2
0.090362 0.121074 0.654841 2
0.144806 0.202728 0.655330 2
0.089553 0.171497 0.648976 2
0.091359 0.163514 0.645192 2
0.085369 0.164263 0.652791 2
0.141445 0.103883 0.650744 2
0.266427 0.190531 0.876574 2
0.100810 0.140434 0.646094 2
0.118704 0.147942 0.648350 2
0.195845 0.149130 0.664056 2
0.121049 0.117540 0.648381 2
0.192323 0.149452 0.660188 2
0.194009 0.130341 0.665978 2
0.146264 0.105146 0.651295 2
0.168110 0.145696 0.654017 2
0.101999 0.143965 0.646247 2
0.106542 0.193660 0.652654 2
0.091338 0.156496 0.645045 2
0.151453 0.197419 0.653407 2
0.097430 0.118433 0.646872 2
0.156013 0.188982 0.652763 2
0.093779 0.171831 0.645832 2
0.147497 0.134569 0.651554 2
0.107966 0.176831 0.647075 2
0.177852 0.140037 0.655138 2
0.158520 0.144377 0.653387 2
0.179482 0.187886 0.665564 2
0.148689 0.116953 0.651624 2
0.136651 0.131959 0.650274 2
0.184862 0.175351 0.659062 2
0.140756 0.089572 0.675608 2
0.157286 0.123119 0.653159 2
0.149894 0.114625 0.651755 2
0.186667 0.140445 0.657047 2
0.164618 0.170519 0.654205 2
0.128226 0.109490 0.649191 2
0.179268 0.114516 0.664772 2
0.166926 0.176363 0.653998 2
0.154884 0.145461 0.652964 2
0.102010 0.161468 0.646316 2
0.096084 0.171787 0.645665 2
0.134361 0.143749 0.650547 2
0.119974 0.152747 0.648892 2
0.123483 0.172643 0.648883 2
0.130765 0.155394 0.650170 2
0.184596 0.113644 0.666689 2
0.122005 0.097250 0.653501 2
0.164587 0.139811 0.654082 2
0.153829 0.196265 0.653488 2
0.171758 0.142247 0.654432 2
0.129484 0.183387 0.649628 2
0.082638 0.152791 0.659179 2
0.123400 0.096240 0.654650 2
0.154878 0.139567 0.652940 2
0.143999 0.143999 0.651680 2
0.175436 0.162441 0.654941 2
0.131833 0.118943 0.649654 2
0.098524 0.178975 0.646388 2
0.152328 0.131155 0.652109 2
0.175399 0.128154 0.654803 2
0.168108 0.143334 0.654007 2
0.169323 0.142184 0.654146 2
0.127599 0.200513 0.651972 2
0.125889 0.186784 0.649217 2
0.095265 0.179425 0.648015 2
0.180494 0.113334 0.664871 2
0.143923 0.186218 0.651332 2
0.156708 0.093293 0.676080 2
0.109136 0.146488 0.647095 2
0.133153 0.136673 0.650377 2
0.113887 0.122064 0.647559 2
0.153618 0.192463 0.652589 2
0.171766 0.149336 0.654460 2
0.124663 0.149245 0.648931 2
0.123741 0.197633 0.650234 2
0.098455 0.171860 0.645940 2
0.145202 0.139324 0.651803 2
0.151243 0.137120 0.652504 2
0.148687 0.105197 0.651615 2
0.185363 0.158121 0.656627 2
0.115195 0.156127 0.648344 2
0.121098 0.184280 0.648646 2
0.130687 0.186947 0.649781 2
0.098426 0.124052 0.645750 2
0.143856 0.110975 0.651032 2
0.117568 0.132775 0.648531 2
0.136698 0.189499 0.650496 2
0.152375 0.181791 0.652310 2
0.105562 0.139388 0.646648 2
0.093702 0.151903 0.645304 2
0.180448 0.170982 0.655983 2
0.086780 0.146187 0.645765 2
0.263280 0.192123 0.876623 2
0.178401 0.117946 0.657158 2
0.261703 0.190545 0.876639 2
0.165802 0.138660 0.654220 2
0.136644 0.090488 0.673358 2
0.143922 0.185042 0.651329 2
0.098447 0.157864 0.645884 2
0.115115 0.172381 0.647898 2
0.163400 0.168119 0.654053 2
0.194642 0.137148 0.664037 2
0.115125 0.186420 0.647951 2
0.148827 0.139415 0.652229 2
0.112691 0.117362 0.647398 2
0.163397 0.164577 0.654039 2
0.169550 0.102920 0.659618 2
0.128425 0.100277 0.650197 2
0.124742 0.124742 0.649343 2
0.159733 0.144408 0.653530 2
0.181523 0.140133 0.655589 2
0.086798 0.154372 0.645898 2
0.163396 0.163396 0.654034 2
0.116381 0.144453 0.648438 2
0.146289 0.133364 0.651408 2
0.104388 0.162705 0.646600 2
0.165717 0.183409 0.653884 2
0.120187 0.096505 0.656450 2
0.111526 0.157071 0.647417 2
0.176640 0.147101 0.655023 2
0.131882 0.177602 0.649896 2
0.119892 0.169018 0.648448 2
0.146713 0.098398 0.653295 2
0.123555 0.194994 0.649259 2
0.141510 0.183786 0.651041 2
0.153651 0.123039 0.652732 2
0.118681 0.146743 0.648223 2
0.129432 0.117719 0.649367 2
0.103280 0.116117 0.646968 2
0.186308 0.123213 0.659974 2
0.097243 0.128687 0.645630 2
0.170794 0.111695 0.655259 2
0.144026 0.174595 0.651802 2
0.165803 0.139841 0.654225 2
0.099089 0.188091 0.657883 2
0.162173 0.156276 0.653863 2
0.130622 0.106020 0.649458 2
0.140292 0.167293 0.650839 2
0.123497 0.190221 0.648955 2
0.160857 0.182069 0.653307 2
0.163452 0.190596 0.654261 2
0.142164 0.096152 0.654052 2
0.176641 0.148284 0.655028 2
0.114002 0.158434 0.648212 2
0.083027 0.141911 0.652890 2
0.171864 0.115166 0.654833 2
0.180325 0.162588 0.655536 2
0.153584 0.180653 0.652448 2
0.134419 0.197812 0.650824 2
0.169734 0.188659 0.655731 2
0.171955 0.183773 0.655181 2
0.098446 0.156698 0.645880 2
0.145068 0.116876 0.651199 2
0.096072 0.153134 0.645587 2
0.157195 0.154840 0.652778 2
0.090153 0.152969 0.644892 2
0.117461 0.113955 0.647945 2
0.170606 0.181232 0.654539 2
0.139038 0.110878 0.650466 2
0.148843 0.157079 0.652300 2
0.158435 0.186706 0.653039 2
0.125863 0.149279 0.649079 2
0.118680 0.145573 0.648216 2
0.102323 0.110604 0.655795 2
0.135940 0.097100 0.652493 2
0.175460 0.121109 0.655031 2
0.174224 0.169499 0.654826 2
0.144269 0.199621 0.652900 2
0.152428 0.193624 0.652535 2
0.169313 0.131556 0.654104 2
0.123631 0.101365 0.649655 2
0.156072 0.192586 0.653006 2
0.084797 0.147956 0.648414 2
0.151203 0.102959 0.652330 2
0.106758 0.149928 0.646829 2
0.092909 0.181676 0.656144 2
0.146440 0.172316 0.652077 2
0.117579 0.149168 0.648597 2
0.140315 0.194328 0.650948 2
0.181900 0.116297 0.661260 2
0.140262 0.102702 0.650700 2
0.168097 0.132709 0.653967 2
0.166904 0.155109 0.653914 2
0.128255 0.146996 0.649339 2
0.142712 0.180299 0.651170 2
0.156006 0.180732 0.652732 2
0.131908 0.101422 0.650021 2
0.156174 0.103134 0.653435 2
0.185556 0.165399 0.657309 2
0.160961 0.158603 0.653729 2
0.126442 0.200543 0.652067 2
0.096540 0.116433 0.648727 2
0.140462 0.198057 0.651629 2
0.130626 0.110710 0.649477 2
0.177978 0.122397 0.655601 2
0.156060 0.096721 0.657922 2
0.263283 0.195288 0.876634 2
0.100825 0.166099 0.646194 2
0.109140 0.151161 0.647113 2
0.166373 0.094629 0.685758 2
0.124639 0.117617 0.648803 2
0.184107 0.161611 0.656371 2
0.127034 0.116496 0.649080 2
0.179194 0.172097 0.655724 2
0.130756 0.143655 0.650123 2
0.157150 0.111241 0.652594 2
0.135786 0.098166 0.651754 2
0.112121 0.102729 0.650869 2
0.127029 0.110638 0.649055 2
0.127057 0.146965 0.649202 2
0.147544 0.186340 0.651758 2
0.121062 0.135098 0.648452 2
0.128246 0.131759 0.649288 2
0.101987 0.124132 0.646167 2
0.164495 0.176286 0.653713 2
0.159730 0.140869 0.653515 2
0.161230 0.194303 0.654821 2
0.104386 0.160370 0.646591 2
0.152444 0.126546 0.652604 2
0.154867 0.127780 0.652893 2
0.138062 0.099287 0.651399 2
0.096078 0.162459 0.645623 2
0.136639 0.119046 0.650219 2
0.110498 0.106990 0.648236 2
0.123486 0.103588 0.648896 2
0.122263 0.142153 0.648619 2
0.162391 0.193097 0.654739 2
0.188516 0.167108 0.659371 2
0.143905 0.163876 0.651253 2
0.093867 0.174325 0.646439 2
0.171897 0.182530 0.654960 2
0.124834 0.095252 0.655978 2
0.146277 0.119254 0.651352 2
0.137997 0.173230 0.651089 2
0.139738 0.096106 0.653739 2
0.166877 0.127958 0.653806 2
0.153518 0.111168 0.652167 2
0.105578 0.165075 0.646749 2
0.148701 0.128717 0.651677 2
0.102009 0.160301 0.646312 2
0.143889 0.147413 0.651182 2
0.119877 0.149115 0.648367 2
0.129825 0.204519 0.657285 2
0.115200 0.164321 0.648376 2
0.127087 0.185652 0.649353 2
0.085736 0.151059 0.646677 2
0.127072 0.164549 0.649275 2
0.175415 0.142340 0.654862 2
0.123461 0.143356 0.648767 2
0.094888 0.154266 0.645452 2
0.250645 0.157345 0.876678 2
0.124661 0.145730 0.648918 2
0.149954 0.178180 0.652013 2
0.134348 0.127308 0.650481 2
0.134348 0.196535 0.650482 2
0.176620 0.129364 0.654951 2
0.147542 0.183986 0.651750 2
0.107929 0.121931 0.646856 2
0.114014 0.105828 0.648279 2
0.176656 0.162476 0.655085 2
0.171166 0.108385 0.656687 2
0.154734 0.117080 0.652334 2
0.116309 0.171248 0.648035 2
0.165811 0.146928 0.654253 2
0.176654 0.160111 0.655075 2
0.158414 0.163125 0.652951 2
0.084828 0.152691 0.648652 2
0.094129 0.182930 0.656397 2
0.143918 0.180338 0.651312 2
0.139098 0.181356 0.650749 2
0.151234 0.126518 0.652462 2
0.099622 0.139238 0.645950 2
0.146290 0.134540 0.651412 2
0.162394 0.104522 0.654750 2
0.136691 0.180103 0.650463 2
0.154877 0.138388 0.652936 2
0.110327 0.145351 0.647230 2
0.168190 0.195528 0.658951 2
0.134463 0.099233 0.651041 2
0.104684 0.110599 0.655764 2
0.145235 0.175811 0.651949 2
0.153569 0.161806 0.652382 2
0.153527 0.119410 0.652204 2
0.086461 0.133514 0.652139 2
0.134248 0.134248 0.649998 2
0.165812 0.148110 0.654258 2
0.179372 0.110983 0.665155 2
0.113934 0.188722 0.647826 2
0.118778 0.152714 0.648751 2
0.118651 0.108130 0.648059 2
0.174181 0.129308 0.654666 2
0.142789 0.139263 0.651519 2
0.133178 0.167206 0.650499 2
0.160788 0.112493 0.653026 2
0.166908 0.158651 0.653928 2
0.121072 0.147977 0.648503 2
0.160770 0.099072 0.657771 2
0.109128 0.133638 0.647044 2
0.129150 0.093108 0.666031 2
0.145219 0.158154 0.651878 2
0.085947 0.138567 0.648263 2
0.124637 0.115274 0.648794 2
0.155960 0.132419 0.652540 2
0.097269 0.171823 0.645802 2
0.167220 0.189674 0.655152 2
0.124687 0.177371 0.649053 2
0.142701 0.166191 0.651119 2
0.164609 0.161069 0.654167 2
0.111526 0.155902 0.647412 2
0.109131 0.138310 0.647063 2
0.134382 0.168417 0.650645 2
0.141598 0.156874 0.651448 2
0.127142 0.127142 0.649634 2
0.186937 0.132340 0.657998 2
0.131895 0.194033 0.649959 2
0.170423 0.097296 0.687123 2
0.185939 0.171682 0.658667 2
0.101998 0.141631 0.646238 2
0.107307 0.106134 0.650153 2
0.118708 0.186542 0.648372 2
0.124636 0.114103 0.648788 2
0.147099 0.096294 0.655013 2
0.098445 0.155532 0.645875 2
0.172988 0.152914 0.654617 2
0.185325 0.141510 0.656492 2
0.142730 0.101615 0.651253 2
0.093692 0.130937 0.645235 2
0.161196 0.092024 0.684785 2
0.089125 0.134561 0.645874 2
0.109218 0.181641 0.647580 2
0.176633 0.141189 0.655000 2
0.090447 0.120005 0.655453 2
0.100811 0.142767 0.646103 2
0.129565 0.156533 0.650033 2
0.157218 0.180771 0.652875 2
0.086119 0.162279 0.649563 2
0.117506 0.175967 0.648193 2
0.157291 0.127836 0.653178 2
0.142787 0.136911 0.651510 2
0.136778 0.155563 0.650877 2
0.165712 0.178686 0.653864 2
0.187581 0.115203 0.668758 2
0.184487 0.171436 0.657725 2
0.173567 0.110775 0.656808 2
0.092524 0.161189 0.645203 2
0.097523 0.112890 0.655331 2
0.130689 0.189294 0.649790 2
0.170553 0.154029 0.654336 2
0.158430 0.180810 0.653017 2
0.125828 0.107100 0.648899 2
0.136659 0.135486 0.650314 2
0.103189 0.147497 0.646401 2
0.128360 0.196350 0.649868 2
0.127059 0.149309 0.649212 2
0.153564 0.158271 0.652363 2
0.105665 0.102083 0.661909 2
0.082756 0.137529 0.660120 2
0.115191 0.151444 0.648325 2
0.169349 0.166989 0.654246 2
0.160940 0.137359 0.653644 2
0.171824 0.105235 0.659211 2
0.103175 0.124159 0.646307 2
0.180351 0.129498 0.655628 2
0.097257 0.152001 0.645722 2
0.151618 0.198815 0.654122 2
0.118706 0.183030 0.648361 2
0.188949 0.171068 0.660884 2
0.148721 0.151072 0.651764 2
0.094887 0.153101 0.645448 2
0.192564 0.140101 0.661016 2
0.181762 0.171105 0.656456 2
0.122287 0.173777 0.648747 2
0.091619 0.179100 0.655380 2
0.187206 0.169377 0.658944 2
0.165704 0.111452 0.653833 2
0.158513 0.137299 0.653359 2
0.102024 0.180146 0.646407 2
0.146088 0.202867 0.655778 2
0.101991 0.129965 0.646192 2
0.170565 0.165844 0.654383 2
0.112808 0.158399 0.648072 2
0.137899 0.187191 0.650629 2
0.154747 0.130035 0.652389 2
0.176629 0.125826 0.654984 2
0.189680 0.162328 0.659280 2
0.145059 0.107473 0.651159 2
0.176626 0.134094 0.654971 2
0.165724 0.184597 0.653913 2
0.180296 0.141281 0.655429 2
0.185293 0.147406 0.656378 2
0.153656 0.127752 0.652751 2
0.187990 0.154780 0.657529 2
0.187006 0.131201 0.658239 2
0.169351 0.168170 0.654251 2
0.181654 0.108027 0.669141 2
0.097265 0.165992 0.645775 2
0.181671 0.168652 0.656126 2
0.168814 0.106027 0.656754 2
0.122296 0.186663 0.648794 2
0.181524 0.142499 0.655593 2
0.169311 0.130376 0.654099 2
0.086007 0.137494 0.648716 2
0.141493 0.163803 0.650964 2
0.106762 0.155767 0.646852 2
0.185347 0.156923 0.656570 2
0.141514 0.189664 0.651063 2
0.142786 0.135734 0.651505 2
0.175426 0.152981 0.654904 2
0.139187 0.156806 0.651165 2
0.110308 0.118479 0.647123 2
0.175435 0.122273 0.654937 2
0.117513 0.186501 0.648232 2
0.118701 0.176005 0.648334 2
0.109125 0.128966 0.647026 2
0.179092 0.129443 0.655351 2
0.130739 0.122531 0.650039 2
0.171784 0.167062 0.654531 2
0.111498 0.116168 0.647253 2
0.137954 0.122691 0.650887 2
0.118777 0.151543 0.648746 2
0.133028 0.111931 0.649764 2
0.131845 0.133017 0.649713 2
0.104727 0.188746 0.656035 2
0.179605 0.179605 0.657227 2
0.153672 0.145429 0.652822 2
0.130643 0.129472 0.649564 2
0.086397 0.163978 0.651659 2
0.158411 0.160766 0.652938 2
0.116331 0.105809 0.648162 2
0.168094 0.129167 0.653952 2
0.166929 0.179906 0.654011 2
0.147480 0.115751 0.651476 2
0.180895 0.119213 0.657608 2
0.115187 0.145592 0.648302 2
0.134347 0.126133 0.650476 2
0.108265 0.107094 0.648866 2
0.147636 0.159400 0.652167 2
0.133056 0.147124 0.649904 2
0.098467 0.176541 0.646015 2
0.127140 0.124797 0.649625 2
0.137852 0.129640 0.650409 2
0.085873 0.158309 0.647704 2
0.112803 0.150209 0.648040 2
0.160288 0.101141 0.655801 2
0.129455 0.147028 0.649480 2
0.178020 0.175654 0.655755 2
0.139046 0.119098 0.650502 2
0.143983 0.125177 0.651605 2
0.136714 0.195390 0.650575 2
0.116373 0.133917 0.648395 2
0.101195 0.184257 0.648565 2
0.147808 0.099520 0.652925 2
0.112689 0.115025 0.647389 2
0.092510 0.136729 0.645106 2
0.129433 0.118891 0.649372 2
0.128342 0.127170 0.649775 2
0.125899 0.193825 0.649265 2
0.142711 0.176773 0.651163 2
0.126477 0.091378 0.670974 2
0.118775 0.149200 0.648737 2
0.129564 0.155360 0.650029 2
0.097244 0.129853 0.645635 2
0.102018 0.174305 0.646364 2
0.127061 0.150482 0.649218 2
0.165748 0.185803 0.654007 2
0.131828 0.113079 0.649628 2
0.151135 0.148783 0.652038 2
0.087978 0.124587 0.654679 2
0.090852 0.123676 0.649893 2
0.134690 0.200564 0.652138 2
0.124693 0.189089 0.649087 2
0.099612 0.121748 0.645888 2
0.145650 0.097297 0.653814 2
0.104711 0.107077 0.655932 2
0.091600 0.172114 0.646896 2
0.134257 0.145983 0.650042 2
0.158548 0.173873 0.653505 2
0.167394 0.100674 0.660499 2
0.123572 0.161053 0.649347 2
0.145200 0.136970 0.651794 2
0.110311 0.121984 0.647137 2
0.087992 0.161416 0.646110 2
0.090206 0.162371 0.645273 2
0.158544 0.169153 0.653486 2
0.099184 0.108687 0.658517 2
0.082631 0.145645 0.659128 2
0.163289 0.185690 0.653607 2
0.111531 0.164085 0.647445 2
0.172470 0.189065 0.657144 2
0.184635 0.182245 0.662515 2
0.158563 0.192752 0.653567 2
0.159841 0.104398 0.653972 2
0.180067 0.181256 0.658917 2
0.155830 0.090542 0.682923 2
0.107930 0.123099 0.646861 2
0.113075 0.103701 0.649606 2
0.145729 0.201189 0.654169 2
0.136763 0.137937 0.650806 2
0.152332 0.105280 0.652125 2
0.123567 0.155191 0.649324 2
0.091789 0.174809 0.648235 2
0.084003 0.162645 0.660568 2
0.149954 0.179357 0.652017 2
0.257006 0.217467 0.876798 2
0.100820 0.156766 0.646158 2
0.154783 0.167731 0.652541 2
0.165837 0.172919 0.654358 2
0.193677 0.131317 0.664837 2
0.112801 0.099670 0.661744 2
0.129331 0.095079 0.654783 2
0.098439 0.145038 0.645834 2
0.172987 0.151732 0.654612 2
0.125966 0.157604 0.649615 2
0.116310 0.173588 0.648043 2
0.125893 0.190303 0.649235 2
0.142651 0.110951 0.650890 2
0.159738 0.149128 0.653549 2
0.116674 0.097527 0.663404 2
0.107957 0.116216 0.654093 2
0.260140 0.201628 0.876700 2
0.121309 0.101384 0.649775 2
0.149928 0.149928 0.651904 2
0.205563 0.113022 0.841039 2
0.104360 0.120685 0.646431 2
0.141510 0.184962 0.651045 2
0.104450 0.111532 0.654298 2
0.140761 0.200835 0.653016 2
0.190336 0.121887 0.665736 2
0.129718 0.099196 0.650802 2
0.162006 0.111342 0.653187 2
0.151265 0.160683 0.652599 2
0.147606 0.126436 0.652035 2
0.140301 0.177871 0.650883 2
0.122760 0.199118 0.651255 2
0.152382 0.190037 0.652341 2
0.136640 0.120220 0.650224 2
0.170518 0.120956 0.654203 2
0.179068 0.135335 0.655262 2
0.175403 0.131700 0.654818 2
0.185963 0.113744 0.667279 2
0.103200 0.163837 0.646465 2
0.134285 0.178852 0.650179 2
0.177908 0.170816 0.655344 2
0.119894 0.172530 0.648460 2
0.136675 0.161311 0.650387 2
0.137841 0.117898 0.650356 2
0.105549 0.120711 0.646571 2
0.156003 0.177196 0.652721 2
0.192647 0.159247 0.661302 2
0.123498 0.192563 0.648959 2
0.118362 0.096949 0.659473 2
0.087989 0.136936 0.646084 2
0.144715 0.089760 0.677025 2
0.109147 0.161677 0.647155 2
0.140582 0.199403 0.652185 2
0.153524 0.117055 0.652192 2
0.175544 0.118802 0.655343 2
0.140310 0.190799 0.650926 2
0.159731 0.142048 0.653520 2
0.152342 0.146460 0.652168 2
0.125324 0.094143 0.664858 2
0.130630 0.115400 0.649498 2
0.135729 0.199187 0.651479 2
0.105557 0.132384 0.646620 2
0.180387 0.168558 0.655759 2
0.151254 0.194806 0.652550 2
0.152305 0.107613 0.652010 2
0.147604 0.124082 0.652026 2
0.128542 0.099195 0.650791 2
0.260130 0.192133 0.876667 2
0.164159 0.196161 0.657090 2
0.181553 0.160264 0.655700 2
0.169343 0.161082 0.654222 2
0.113980 0.126839 0.648087 2
0.176627 0.135276 0.654976 2
0.160967 0.164505 0.653753 2
0.142721 0.190882 0.651209 2
0.190878 0.155200 0.659312 2
0.146424 0.154656 0.652006 2
0.137138 0.097115 0.652590 2
0.089069 0.136805 0.645465 2
0.133088 0.185854 0.650059 2
0.124757 0.143500 0.649418 2
0.147578 0.194615 0.651912 2
0.166294 0.096853 0.675389 2
0.266437 0.200026 0.876606 2
0.134313 0.092152 0.667811 2
0.148702 0.129893 0.651680 2
0.086594 0.130186 0.653149 2
0.136671 0.157788 0.650371 2
0.163505 0.099292 0.659232 2
0.112701 0.109197 0.647456 2
0.107939 0.135945 0.646914 2
0.127138 0.122451 0.649615 2
0.128290 0.190385 0.649516 2
0.186717 0.177173 0.661424 2
0.119150 0.197800 0.650784 2
0.170556 0.157573 0.654350 2
0.119955 0.126977 0.648789 2
0.133052 0.102573 0.649881 2
0.169304 0.122111 0.654069 2
0.093702 0.129786 0.645300 2
0.094876 0.133292 0.645370 2
0.139072 0.150809 0.650627 2
0.156094 0.144314 0.653102 2
0.165678 0.096997 0.667994 2
0.190935 0.140971 0.659507 2
0.161676 0.197209 0.656633 2
0.176914 0.113345 0.664935 2
0.151169 0.186462 0.652184 2
0.151173 0.189995 0.652198 2
0.166899 0.150386 0.653894 2
0.149909 0.128745 0.651819 2
0.263276 0.188958 0.876612 2
0.129423 0.104826 0.649318 2
0.165813 0.149291 0.654263 2
0.157334 0.172655 0.653358 2
0.139196 0.167388 0.651207 2
0.153591 0.188900 0.652478 2
0.092518 0.150705 0.645161 2
0.134272 0.162417 0.650116 2
0.180643 0.184244 0.665419 2
0.128228 0.111834 0.649200 2
0.171778 0.161153 0.654507 2
0.093329 0.119155 0.650814 2
0.130688 0.188120 0.649785 2
0.122269 0.149179 0.648647 2
0.168133 0.166953 0.654104 2
0.115116 0.173551 0.647903 2
0.133025 0.108412 0.649750 2
0.167792 0.193880 0.657393 2
0.112795 0.138509 0.647993 2
0.124767 0.156398 0.649469 2
0.122293 0.179636 0.648776 2
0.173270 0.183914 0.655684 2
0.162143 0.125587 0.653739 2
0.125831 0.111785 0.648919 2
0.164599 0.151620 0.654129 2
0.170897 0.110580 0.655656 2
0.158457 0.190266 0.653129 2
0.174263 0.118735 0.654973 2
0.184806 0.123006 0.658863 2
0.142648 0.107426 0.650876 2
0.241180 0.143126 0.876760 2
0.142697 0.162662 0.651099 2
0.171746 0.130433 0.654385 2
0.171751 0.135158 0.654404 2
0.130764 0.154220 0.650165 2
0.155938 0.110039 0.652446 2
0.119901 0.181899 0.648499 2
0.147649 0.173532 0.652224 2
0.160951 0.147980 0.653687 2
0.097250 0.139178 0.645671 2
0.134292 0.188243 0.650209 2
0.170552 0.152847 0.654331 2
0.141489 0.160276 0.650947 2
0.142685 0.149732 0.651048 2
0.117590 0.164392 0.648657 2
0.102041 0.181342 0.646514 2
0.179327 0.186524 0.664988 2
0.110335 0.157037 0.647277 2
0.162022 0.132563 0.653252 2
0.187081 0.130066 0.658503 2
0.155094 0.196374 0.653852 2
0.136650 0.094058 0.655899 2
0.193202 0.164491 0.663208 2
0.166910 0.161013 0.653938 2
0.129553 0.141277 0.649972 2
0.166511 0.103699 0.657018 2
0.111530 0.109195 0.647440 2
0.143930 0.193277 0.651364 2
0.128556 0.094196 0.656861 2
0.152443 0.125368 0.652599 2
0.169298 0.118568 0.654050 2
0.184072 0.137906 0.656247 2
0.151097 0.108766 0.651873 2
0.120019 0.096135 0.662054 2
0.144008 0.153412 0.651718 2
0.182066 0.176135 0.657551 2
0.138831 0.091543 0.672186 2
0.184292 0.129775 0.657031 2
0.112735 0.180493 0.647651 2
0.134226 0.108436 0.649891 2
0.116557 0.195042 0.649417 2
0.113931 0.185210 0.647807 2
0.093720 0.168229 0.645422 2
0.092743 0.118735 0.654970 2
0.123458 0.137500 0.648747 2
0.167533 0.192397 0.656379 2
0.116377 0.192402 0.648417 2
0.151101 0.112297 0.651888 2
0.146338 0.188653 0.651625 2
0.116269 0.116269 0.647814 2
0.145124 0.179201 0.651449 2
0.180292 0.137731 0.655415 2
0.094880 0.140283 0.645398 2
0.144028 0.175772 0.651807 2
0.142647 0.106251 0.650871 2
0.137854 0.133161 0.650418 2
0.137960 0.196666 0.650915 2
0.141492 0.162627 0.650958 2
0.129886 0.092598 0.689060 2
0.082946 0.150008 0.652252 2
0.128283 0.179830 0.649478 2
0.159712 0.123173 0.653444 2
0.100804 0.131103 0.646057 2
0.151336 0.196089 0.652904 2
0.096063 0.136817 0.645523 2
0.147474 0.105171 0.651451 2
0.184156 0.133232 0.656547 2
0.133097 0.194075 0.650102 2
0.143907 0.167402 0.651262 2
0.172143 0.104239 0.660435 2
0.169348 0.165808 0.654241 2
0.175412 0.139975 0.654852 2
0.145115 0.169790 0.651411 2
0.094918 0.171784 0.645655 2
0.093706 0.158893 0.645331 2
0.191024 0.158889 0.659816 2
0.182760 0.146089 0.655785 2
0.123583 0.176297 0.649408 2
0.099620 0.135739 0.645936 2
0.128234 0.118865 0.649230 2
0.121129 0.103574 0.648811 2
0.105705 0.110430 0.654762 2
0.107934 0.128938 0.646886 2
0.192349 0.145900 0.660279 2
0.115119 0.177061 0.647917 2
0.094199 0.114343 0.656888 2
0.189584 0.137285 0.658946 2
0.145069 0.118052 0.651205 2
0.131859 0.150612 0.649779 2
0.097403 0.179059 0.646690 2
0.100807 0.135769 0.646076 2
0.133159 0.143718 0.650405 2
0.094099 0.115404 0.656184 2
0.113926 0.178192 0.647781 2
0.174236 0.175417 0.654871 2
0.135488 0.178891 0.650320 2
0.183629 0.120637 0.658906 2
0.111519 0.146551 0.647375 2
0.123341 0.094461 0.667103 2
0.082754 0.160149 0.660104 2
0.123454 0.133986 0.648727 2
0.176661 0.167208 0.655104 2
0.178539 0.180912 0.657667 2
0.102014 0.167303 0.646339 2
0.160791 0.116029 0.653040 2
0.151245 0.138298 0.652509 2
0.163523 0.094411 0.684183 2
0.136679 0.164836 0.650407 2
0.111543 0.181623 0.647515 2
0.124647 0.129329 0.648848 2
0.192807 0.136696 0.661850 2
0.116314 0.178270 0.648063 2
0.111272 0.101853 0.652778 2
0.102947 0.105327 0.659790 2
0.112811 0.161910 0.648086 2
0.099639 0.167230 0.646058 2
0.082948 0.147659 0.652266 2
0.093704 0.154233 0.645313 2
0.125848 0.132872 0.649003 2
0.162180 0.163360 0.653891 2
0.097261 0.157830 0.645744 2
0.171763 0.146973 0.654451 2
0.119150 0.096398 0.663867 2
0.145070 0.119228 0.651210 2
0.158431 0.106602 0.653022 2
0.127033 0.115325 0.649075 2
0.168093 0.127986 0.653948 2
0.089129 0.163694 0.645902 2
0.182145 0.114818 0.666523 2
0.151266 0.161861 0.652603 2
0.191164 0.125246 0.664440 2
0.184126 0.114554 0.664993 2
0.116265 0.110422 0.647789 2
0.159755 0.166829 0.653620 2
0.087890 0.142602 0.645358 2
0.157202 0.163090 0.652810 2
0.093016 0.115529 0.656897 2
0.143940 0.101639 0.651411 2
0.128271 0.164585 0.649416 2
0.170593 0.115106 0.654491 2
0.092513 0.141387 0.645125 2
0.170520 0.122137 0.654210 2
0.120131 0.196312 0.649742 2
0.128188 0.095107 0.654980 2
0.189361 0.151370 0.658172 2
0.107933 0.126602 0.646877 2
0.182985 0.168773 0.656594 2
0.124752 0.137637 0.649394 2
0.177902 0.124708 0.655320 2
0.125388 0.097132 0.652703 2
0.133146 0.127280 0.650340 2
0.131982 0.174216 0.650386 2
0.118758 0.125778 0.648644 2
0.105581 0.169747 0.646767 2
0.169377 0.113902 0.654354 2
0.106756 0.146425 0.646815 2
0.128287 0.186866 0.649499 2
0.103195 0.155666 0.646433 2
0.140275 0.148491 0.650760 2
0.157198 0.160731 0.652795 2
0.129422 0.105997 0.649317 2
0.120045 0.102477 0.649274 2
0.120021 0.194962 0.649149 2
0.121149 0.123490 0.648916 2
0.179187 0.124780 0.655697 2
0.104376 0.144027 0.646527 2
0.119905 0.187753 0.648518 2
0.145182 0.195731 0.651711 2
0.172965 0.121016 0.654530 2
0.170107 0.191445 0.657175 2
0.135432 0.113153 0.650051 2
0.191029 0.121126 0.668160 2
0.091365 0.133265 0.645238 2
0.182758 0.143723 0.655781 2
0.238130 0.250788 0.877177 2
0.154907 0.170221 0.653063 2
0.133036 0.121315 0.649804 2
0.114012 0.172479 0.648269 2
0.093692 0.133263 0.645231 2
0.129471 0.165793 0.649559 2
0.165834 0.169375 0.654344 2
0.097707 0.183128 0.648708 2
0.103546 0.187566 0.656045 2
0.087862 0.149540 0.645153 2
0.085896 0.139654 0.647880 2
0.126750 0.093033 0.692296 2
0.182761 0.141359 0.655792 2
0.124660 0.144559 0.648914 2
0.123583 0.175124 0.649403 2
0.149930 0.152282 0.651913 2
0.158516 0.140838 0.653373 2
0.148751 0.185204 0.651896 2
0.097505 0.117356 0.647367 2
0.153537 0.130006 0.652247 2
0.099652 0.177742 0.646145 2
0.159753 0.164469 0.653610 2
0.100815 0.148600 0.646126 2
0.134381 0.167242 0.650641 2
0.113995 0.149071 0.648175 2
0.133024 0.107239 0.649745 2
0.159436 0.098981 0.657164 2
0.143534 0.202602 0.654921 2
0.096091 0.124044 0.645709 2
0.136794 0.175543 0.650957 2
0.141839 0.093175 0.658017 2
0.147496 0.133393 0.651550 2
0.169335 0.153995 0.654193 2
0.147539 0.180456 0.651737 2
0.121089 0.171397 0.648596 2
0.152331 0.134687 0.652122 2
0.092665 0.178838 0.654419 2
0.137902 0.190716 0.650643 2
0.085408 0.165515 0.653088 2
0.105500 0.103116 0.660875 2
0.093966 0.121981 0.647120 2
0.169352 0.169352 0.654256 2
0.102007 0.156800 0.646298 2
0.160926 0.123200 0.653587 2
0.129575 0.169445 0.650085 2
0.102004 0.150965 0.646275 2
0.129493 0.192775 0.649672 2
0.107764 0.103001 0.660141 2
0.184040 0.155635 0.656131 2
0.141034 0.202404 0.654282 2
0.141497 0.167330 0.650981 2
0.124753 0.138810 0.649399 2
0.094011 0.181518 0.655574 2
0.194084 0.143921 0.662133 2
0.169468 0.100004 0.663958 2
0.106740 0.123072 0.646721 2
0.103188 0.145163 0.646392 2
0.151248 0.141832 0.652523 2
0.122268 0.148009 0.648643 2
0.101163 0.110628 0.655941 2
0.101994 0.134631 0.646211 2
0.160807 0.131355 0.653105 2
0.166889 0.140942 0.653856 2
0.162162 0.144471 0.653815 2
0.168082 0.118542 0.653909 2
0.112733 0.178153 0.647640 2
0.099637 0.163731 0.646045 2
0.190270 0.168797 0.661331 2
0.184162 0.164028 0.656567 2
0.181036 0.179849 0.658119 2
0.169363 0.179985 0.654299 2
0.175268 0.104682 0.663246 2
0.132811 0.095033 0.654471 2
0.089013 0.141373 0.645059 2
0.178173 0.110983 0.665160 2
0.148722 0.152249 0.651768 2
0.122449 0.196270 0.649604 2
0.130757 0.144829 0.650128 2
0.104492 0.187140 0.654557 2
0.114206 0.103664 0.649374 2
0.099616 0.129909 0.645913 2
0.180993 0.110039 0.666707 2
0.142790 0.140439 0.651524 2
0.157547 0.102081 0.654243 2
0.117520 0.191189 0.648268 2
0.118704 0.178349 0.648351 2
0.128365 0.156499 0.649892 2
0.144482 0.201095 0.653864 2
0.146572 0.099480 0.652665 2
0.188803 0.128053 0.660375 2
0.115313 0.098755 0.655665 2
0.084269 0.169135 0.662654 2
0.175443 0.168354 0.654965 2
0.141521 0.194372 0.651096 2
0.123505 0.094866 0.661539 2
0.135438 0.120194 0.650082 2
0.134344 0.122611 0.650462 2
0.176622 0.130546 0.654956 2
0.139254 0.090607 0.674238 2
0.152374 0.180613 0.652306 2
0.089296 0.130151 0.647115 2
0.103201 0.166171 0.646474 2
0.164451 0.133801 0.653541 2
0.181820 0.172344 0.656664 2
0.136935 0.199232 0.651626 2
0.195374 0.134056 0.666534 2
0.189645 0.136140 0.659161 2
0.094875 0.130962 0.645361 2
0.185841 0.170404 0.658319 2
0.116377 0.138599 0.648414 2
0.130654 0.145887 0.649617 2
0.175775 0.188884 0.660655 2
0.189994 0.131626 0.660373 2
0.141479 0.148524 0.650902 2
0.181567 0.162641 0.655750 2
0.137898 0.186016 0.650624 2
0.130628 0.113055 0.649487 2
0.103208 0.177844 0.646517 2
0.083903 0.138648 0.659777 2
0.118672 0.135041 0.648175 2
0.137894 0.180142 0.650604 2
0.105551 0.123046 0.646581 2
0.153541 0.134716 0.652264 2
0.128289 0.189211 0.649508 2
0.162156 0.138569 0.653791 2
0.182191 0.113644 0.666690 2
0.088990 0.151807 0.644897 2
0.171772 0.155244 0.654483 2
0.135449 0.133104 0.650136 2
0.130634 0.120089 0.649517 2
0.113995 0.147901 0.648171 2
0.149944 0.166409 0.651973 2
0.130670 0.164656 0.649697 2
0.129490 0.190427 0.649657 2
0.118656 0.113980 0.648086 2
0.260143 0.204794 0.876710 2
0.186722 0.138115 0.657239 2
0.169321 0.139822 0.654136 2
0.124932 0.092341 0.669181 2
0.162283 0.094920 0.678994 2
0.130671 0.165829 0.649700 2
0.133060 0.150645 0.649920 2
0.168089 0.123265 0.653935 2
0.162023 0.133743 0.653256 2
0.154912 0.174938 0.653082 2
0.177390 0.189417 0.666726 2
0.154458 0.097646 0.656159 2
0.168099 0.133889 0.653973 2
0.089005 0.155323 0.645006 2
0.104389 0.165040 0.646609 2
0.180316 0.159033 0.655501 2
0.163374 0.142142 0.653948 2
0.176845 0.118882 0.655785 2
0.127044 0.128215 0.649135 2
0.171747 0.131614 0.654390 2
0.114497 0.101579 0.651026 2
0.168091 0.124446 0.653942 2
0.148746 0.179318 0.651875 2
0.127075 0.169238 0.649291 2
0.171796 0.177700 0.654576 2
0.150057 0.161826 0.652461 2
0.139184 0.153279 0.651151 2
0.182997 0.105551 0.692496 2
0.105555 0.128882 0.646607 2
0.108833 0.187663 0.652269 2
0.133177 0.166031 0.650495 2
0.096095 0.172972 0.645741 2
0.087880 0.154226 0.645284 2
0.097854 0.110901 0.657555 2
0.179084 0.149532 0.655319 2
0.139104 0.188407 0.650775 2
0.138338 0.097131 0.652699 2
0.140249 0.117950 0.650639 2
0.156119 0.170258 0.653206 2
0.123514 0.193758 0.649040 2
0.099631 0.153233 0.646005 2
0.142645 0.105076 0.650866 2
0.184037 0.140247 0.656121 2
0.111508 0.115011 0.647312 2
0.144918 0.091559 0.672303 2
0.096066 0.142644 0.645546 2
0.188002 0.142929 0.657572 2
0.123494 0.187875 0.648940 2
0.093818 0.173068 0.646102 2
0.162268 0.191771 0.654242 2
0.167115 0.188373 0.654738 2
0.130692 0.191642 0.649805 2
0.203350 0.111957 0.844447 2
0.121040 0.107007 0.648335 2
0.136308 0.091495 0.690109 2
0.130743 0.127225 0.650057 2
0.108947 0.103058 0.652956 2
0.096081 0.167122 0.645643 2
0.167019 0.110362 0.654363 2
0.168168 0.112702 0.654240 2
0.120511 0.199284 0.651798 2
0.168218 0.111555 0.654437 2
0.100336 0.189392 0.658278 2
0.169300 0.119749 0.654056 2
0.130766 0.156567 0.650174 2
0.125826 0.105928 0.648893 2
0.135487 0.177717 0.650319 2
0.157151 0.108888 0.652599 2
0.151168 0.185284 0.652180 2
0.118696 0.168982 0.648308 2
0.088557 0.128438 0.650261 2
0.117481 0.140861 0.648055 2
0.115205 0.171346 0.648404 2
0.145483 0.098363 0.653063 2
0.130775 0.167133 0.650217 2
0.103505 0.112969 0.655789 2
0.109135 0.144151 0.647086 2
0.111527 0.158240 0.647422 2
0.121091 0.173739 0.648606 2
0.134229 0.111955 0.649905 2
0.148767 0.092606 0.662439 2
0.169314 0.132737 0.654109 2
0.136768 0.143812 0.650830 2
0.117635 0.103589 0.648905 2
0.137854 0.131988 0.650415 2
0.141611 0.172166 0.651509 2
0.097259 0.155499 0.645736 2
0.139172 0.139172 0.651094 2
0.089037 0.139084 0.645235 2
0.154879 0.140746 0.652945 2
0.179870 0.189495 0.667003 2
0.177859 0.145951 0.655162 2
0.115196 0.158468 0.648353 2
0.148858 0.173570 0.652366 2
0.097327 0.120639 0.646187 2
0.106742 0.125407 0.646732 2
0.089197 0.132338 0.646394 2
0.133030 0.114277 0.649774 2
0.112698 0.123209 0.647439 2
0.117565 0.129263 0.648517 2
0.133155 0.139021 0.650387 2
0.092516 0.147211 0.645147 2
0.171762 0.145791 0.654446 2
0.185548 0.118727 0.661508 2
0.148737 0.169901 0.651836 2
0.119972 0.150404 0.648883 2
0.127090 0.189170 0.649367 2
0.183509 0.176382 0.658473 2
0.146303 0.147478 0.651467 2
0.140390 0.154488 0.651297 2
0.119144 0.100363 0.650753 2
0.099628 0.149734 0.645991 2
0.145508 0.199705 0.653174 2
0.174217 0.162405 0.654798 2
0.141692 0.099361 0.651883 2
0.129444 0.129444 0.649423 2
0.125980 0.175200 0.649685 2
0.136690 0.178929 0.650461 2
0.164937 0.094514 0.684929 2
0.115076 0.117413 0.647678 2
0.115081 0.108071 0.647706 2
0.106750 0.137083 0.646779 2
0.116317 0.182950 0.648080 2
0.191378 0.163953 0.661038 2
0.160947 0.144440 0.653672 2
0.160810 0.133713 0.653114 2
0.107942 0.140616 0.646932 2
0.119956 0.193686 0.648797 2
0.169528 0.186067 0.654935 2
0.104394 0.173213 0.646641 2
0.156030 0.191357 0.652833 2
0.181525 0.138952 0.655598 2
0.154736 0.118258 0.652340 2
0.093152 0.120101 0.649580 2
0.133141 0.091886 0.693060 2
0.123442 0.117591 0.648662 2
0.148738 0.171078 0.651840 2
0.162539 0.103434 0.655337 2
0.108008 0.117349 0.647328 2
0.159750 0.162108 0.653601 2
0.116271 0.118608 0.647824 2
0.154804 0.190120 0.652627 2
0.129470 0.164620 0.649556 2
0.121202 0.102466 0.649203 2
0.117558 0.104691 0.648477 2
0.186622 0.152260 0.656888 2
0.121097 0.180768 0.648637 2
0.104368 0.132355 0.646481 2
0.106741 0.124240 0.646726 2
0.110323 0.139509 0.647207 2
0.118313 0.095491 0.665893 2
0.093691 0.132099 0.645226 2
0.123459 0.141013 0.648755 2
0.184203 0.165250 0.656714 2
0.123465 0.148041 0.648785 2
0.141505 0.176735 0.651022 2
0.142685 0.148556 0.651044 2
0.084990 0.142432 0.649892 2
0.139040 0.113227 0.650475 2
0.083120 0.139712 0.653621 2
0.113922 0.099755 0.654469 2
0.117553 0.192413 0.648453 2
0.106766 0.161607 0.646875 2
0.130644 0.130644 0.649567 2
0.194337 0.158459 0.662997 2
0.111538 0.173438 0.647482 2
0.101602 0.190727 0.658790 2
0.103202 0.167339 0.646479 2
0.150877 0.096443 0.656030 2
0.084126 0.139426 0.652280 2
0.119846 0.108154 0.648200 2
0.165829 0.164648 0.654325 2
0.148756 0.191090 0.651919 2
0.166186 0.192208 0.655733 2
0.106773 0.172120 0.646916 2
0.159597 0.133684 0.652971 2
0.097257 0.150835 0.645718 2
0.113985 0.133859 0.648115 2
0.131966 0.154253 0.650306 2
0.113984 0.132689 0.648110 2
0.175430 0.156528 0.654918 2
0.188627 0.168396 0.659758 2
0.165822 0.157560 0.654296 2
0.148750 0.184026 0.651892 2
0.176623 0.131729 0.654961 2
0.165818 0.154016 0.654282 2
0.127088 0.186825 0.649358 2
0.184048 0.156825 0.656161 2
0.101987 0.125299 0.646172 2
0.150567 0.200165 0.654678 2
0.141512 0.187313 0.651053 2
0.085370 0.133649 0.652797 2
0.100798 0.122939 0.646022 2
0.094894 0.163590 0.645490 2
0.165814 0.150472 0.654268 2
0.260135 0.196880 0.876683 2
0.131846 0.134190 0.649716 2
0.131824 0.108389 0.649609 2
0.140291 0.166118 0.650834 2
0.140239 0.107379 0.650593 2
0.127165 0.156465 0.649751 2
0.133059 0.149471 0.649915 2
0.100823 0.162599 0.646182 2
0.189718 0.135003 0.659412 2
0.174183 0.130489 0.654671 2
0.137842 0.119072 0.650360 2
0.151268 0.163039 0.652608 2
0.131944 0.127252 0.650198 2
0.157330 0.167936 0.653339 2
0.155958 0.130063 0.652531 2
0.115190 0.150274 0.648320 2
0.136641 0.121394 0.650228 2
0.255436 0.222221 0.876837 2
0.109308 0.189973 0.648109 2
0.116323 0.189974 0.648113 2
0.094021 0.116491 0.655642 2
0.135496 0.190633 0.650360 2
0.085731 0.149884 0.646638 2
0.118682 0.105820 0.648228 2
0.116398 0.167870 0.648531 2
0.103099 0.104291 0.660764 2
0.146337 0.187476 0.651621 2
0.116367 0.125724 0.648363 2
0.139174 0.141523 0.651103 2
0.180770 0.177214 0.657153 2
0.132560 0.202081 0.653237 2
0.158499 0.123146 0.653302 2
0.149886 0.106390 0.651721 2
0.159727 0.138509 0.653506 2
0.163238 0.134951 0.653403 2
0.098648 0.181535 0.647202 2
0.096310 0.179196 0.647185 2
0.139177 0.145050 0.651118 2
0.142820 0.174557 0.651661 2
0.155978 0.151269 0.652615 2
0.082971 0.153584 0.652446 2
0.185743 0.169127 0.657971 2
0.089025 0.157686 0.645153 2
0.128354 0.142420 0.649836 2
0.110411 0.115084 0.647723 2
0.190893 0.142129 0.659362 2
0.158409 0.158409 0.652931 2
0.178255 0.187858 0.665463 2
0.137881 0.163697 0.650542 2
0.174197 0.143491 0.654725 2
0.125873 0.163342 0.649132 2
0.175500 0.119955 0.655180 2
0.132059 0.092003 0.693944 2
0.180650 0.186652 0.665445 2
0.142904 0.099386 0.652045 2
0.160859 0.184428 0.653315 2
0.123460 0.142184 0.648760 2
0.128246 0.132931 0.649291 2
0.172980 0.145823 0.654589 2
0.170563 0.163480 0.654374 2
0.098432 0.133378 0.645788 2
0.154792 0.177158 0.652579 2
0.121419 0.197673 0.650366 2
0.135493 0.187109 0.650346 2
0.105645 0.105645 0.654389 2
0.092623 0.170683 0.645895 2
0.105581 0.168579 0.646763 2
0.085332 0.163014 0.652507 2
0.128233 0.117693 0.649226 2
0.159650 0.187927 0.653190 2
0.149986 0.193511 0.652154 2
0.125956 0.143531 0.649559 2
0.154784 0.168908 0.652543 2
0.172982 0.147005 0.654594 2
0.117464 0.117464 0.647959 2
0.135566 0.100354 0.650697 2
0.189560 0.159848 0.658864 2
0.140760 0.097177 0.653011 2
0.162929 0.101312 0.656911 2
0.142817 0.171027 0.651646 2
0.135461 0.148362 0.650191 2
0.117580 0.150339 0.648601 2
0.105813 0.112907 0.655429 2
0.151235 0.127696 0.652466 2
0.103174 0.122992 0.646302 2
0.168139 0.172859 0.654129 2
0.145201 0.138147 0.651798 2
0.151250 0.144188 0.652532 2
0.087054 0.134963 0.647801 2
0.130165 0.092975 0.665078 2
0.118978 0.196343 0.649845 2
0.128350 0.137727 0.649817 2
0.119854 0.118685 0.648245 2
0.117561 0.169031 0.648498 2
0.086775 0.150837 0.645727 2
0.166905 0.156290 0.653919 2
0.159762 0.173911 0.653648 2
0.127151 0.138870 0.649681 2
0.137866 0.147252 0.650471 2
0.121172 0.155124 0.649042 2
0.182291 0.110096 0.667054 2
0.118676 0.142061 0.648198 2
0.163235 0.131413 0.653390 2
0.139071 0.149633 0.650621 2
0.146409 0.138177 0.651940 2
0.145125 0.181554 0.651458 2
0.141572 0.127474 0.651330 2
0.129425 0.109514 0.649332 2
0.117510 0.179481 0.648216 2
0.174215 0.161223 0.654793 2
0.105802 0.106985 0.655363 2
0.117463 0.116294 0.647955 2
0.135494 0.188284 0.650350 2
0.166884 0.113811 0.653834 2
0.110313 0.125489 0.647152 2
0.183689 0.177744 0.659120 2
0.164730 0.106868 0.654647 2
0.148563 0.091094 0.677867 2
0.166930 0.181087 0.654015 2
0.118888 0.102490 0.649356 2
0.189433 0.156179 0.658423 2
0.161115 0.104459 0.654355 2
0.129577 0.171793 0.650094 2
0.088800 0.127614 0.652044 2
0.147696 0.100622 0.652431 2
0.154748 0.131212 0.652393 2
0.123439 0.114078 0.648647 2
0.147483 0.118104 0.651488 2
0.096076 0.160127 0.645614 2
0.121230 0.096393 0.655686 2
0.103557 0.189953 0.656116 2
0.172964 0.130461 0.654528 2
0.123435 0.109395 0.648628 2
0.159576 0.113647 0.652888 2
0.123463 0.145698 0.648777 2
0.121064 0.136270 0.648462 2
0.154808 0.093841 0.662726 2
0.145063 0.112174 0.651178 2
0.131855 0.147092 0.649762 2
0.097245 0.131019 0.645639 2
0.169340 0.115057 0.654211 2
0.151179 0.192356 0.652224 2
0.106751 0.139418 0.646788 2
0.105863 0.108229 0.655738 2
0.149925 0.146398 0.651890 2
0.097249 0.124036 0.645667 2
0.145134 0.192141 0.651497 2
0.154733 0.115903 0.652328 2
0.118699 0.173664 0.648324 2
0.153583 0.179475 0.652443 2
0.194883 0.162503 0.664861 2
0.140409 0.175658 0.651382 2
0.166932 0.182268 0.654022 2
0.148814 0.125286 0.652172 2
0.082722 0.158897 0.659850 2
0.127083 0.177448 0.649334 2
0.109121 0.123125 0.647001 2
0.098819 0.111837 0.656087 2
0.136750 0.196615 0.650745 2
0.147707 0.197139 0.652479 2
0.111499 0.117337 0.647257 2
0.128364 0.155326 0.649887 2
0.086774 0.148505 0.645716 2
0.106609 0.190247 0.653062 2
0.155962 0.134775 0.652548 2
0.162005 0.116054 0.653183 2
0.082703 0.139822 0.659701 2
0.121066 0.140952 0.648474 2
0.116964 0.096570 0.665052 2
0.109141 0.153498 0.647123 2
0.130631 0.116572 0.649503 2
0.115285 0.193702 0.648851 2
0.148686 0.114600 0.651613 2
0.142277 0.202493 0.654570 2
0.142806 0.159261 0.651599 2
0.175398 0.126972 0.654799 2
0.101149 0.114011 0.648266 2
0.139188 0.157982 0.651169 2
0.089093 0.174055 0.654191 2
0.137896 0.182492 0.650612 2
0.151277 0.173645 0.652650 2
0.186615 0.151070 0.656865 2
0.087670 0.130034 0.652388 2
0.139035 0.107356 0.650451 2
0.181562 0.133066 0.655731 2
0.163387 0.155129 0.654001 2
0.166896 0.146844 0.653880 2
0.163392 0.159853 0.654020 2
0.168096 0.131528 0.653962 2
0.131854 0.145919 0.649758 2
0.180329 0.163774 0.655549 2
0.139185 0.154455 0.651155 2
0.133176 0.164857 0.650490 2
0.119891 0.167847 0.648444 2
0.147529 0.168689 0.651695 2
0.164541 0.186952 0.653899 2
0.162182 0.164541 0.653896 2
0.084032 0.148673 0.651553 2
0.137993 0.168527 0.651070 2
0.143031 0.199536 0.652623 2
0.170579 0.178843 0.654437 2
0.094879 0.139118 0.645393 2
0.151163 0.178219 0.652155 2
0.171740 0.124527 0.654364 2
0.157793 0.095867 0.660211 2
0.190617 0.127277 0.662536 2
0.155961 0.133597 0.652544 2
0.158429 0.179631 0.653013 2
0.094259 0.118848 0.649135 2
0.174212 0.157676 0.654779 2
0.153538 0.131184 0.652251 2
0.184106 0.135563 0.656367 2
0.139158 0.122717 0.651028 2
0.127917 0.096085 0.653593 2
0.209910 0.113028 0.852531 2
0.171792 0.174153 0.654559 2
0.162549 0.194467 0.655376 2
0.131885 0.183467 0.649910 2
0.195937 0.152795 0.664367 2
0.086101 0.136473 0.649427 2
0.145057 0.105122 0.651151 2
0.127819 0.092903 0.691325 2
0.180350 0.166158 0.655625 2
0.106763 0.158103 0.646861 2
0.127045 0.129387 0.649138 2
0.124677 0.167993 0.649005 2
0.096079 0.164790 0.645632 2
0.154046 0.099746 0.654410 2
0.165819 0.155197 0.654287 2
0.107958 0.165147 0.647029 2
0.142722 0.192058 0.651214 2
0.088163 0.132537 0.647366 2
0.146427 0.158188 0.652020 2
0.188409 0.165823 0.658994 2
0.094289 0.179793 0.649343 2
0.134271 0.161243 0.650110 2
0.085773 0.144123 0.646957 2
0.166880 0.131499 0.653820 2
0.148683 0.111071 0.651599 2
0.144015 0.161650 0.651751 2
0.119865 0.133898 0.648305 2
0.135428 0.108459 0.650032 2
0.125954 0.141185 0.649549 2
0.085402 0.129595 0.662170 2
0.148705 0.134599 0.651696 2
0.114004 0.161945 0.648226 2
0.158524 0.149095 0.653406 2
0.143908 0.169753 0.651268 2
0.166878 0.129138 0.653809 2
0.163725 0.096556 0.664953 2
0.139084 0.163732 0.650682 2
0.180318 0.160217 0.655508 2
0.106749 0.135915 0.646774 2
0.131883 0.178774 0.649898 2
0.094889 0.155431 0.645457 2
0.228561 0.128911 0.876887 2
0.113978 0.124499 0.648077 2
0.157197 0.157197 0.652787 2
0.123482 0.170299 0.648873 2
0.090152 0.151804 0.644887 2
0.145097 0.148621 0.651329 2
0.154880 0.141924 0.652950 2
0.122261 0.137471 0.648608 2
0.171794 0.176517 0.654569 2
0.171742 0.125708 0.654370 2
0.158369 0.118335 0.652767 2
0.121764 0.098235 0.652212 2
0.103203 0.169673 0.646488 2
0.084360 0.164590 0.654094 2
0.134077 0.090396 0.672668 2
0.094877 0.135622 0.645379 2
0.141455 0.120325 0.650790 2
0.148720 0.149895 0.651760 2
0.124705 0.193790 0.649147 2
0.159749 0.105517 0.653593 2
0.162179 0.162179 0.653886 2
0.092547 0.167050 0.645364 2
0.099638 0.166063 0.646054 2
0.089040 0.158875 0.645255 2
0.172993 0.157642 0.654636 2
0.136691 0.181277 0.650466 2
0.089095 0.135681 0.645659 2
0.099612 0.122913 0.645883 2
0.098430 0.129881 0.645774 2
0.164598 0.150439 0.654125 2
0.190805 0.150385 0.659059 2
0.122256 0.132786 0.648582 2
0.194105 0.154687 0.662205 2
0.123881 0.099222 0.650972 2
0.087902 0.125659 0.654114 2
0.133182 0.171905 0.650518 2
0.189369 0.152564 0.658201 2
0.151119 0.131127 0.651967 2
0.152454 0.137149 0.652646 2
0.112807 0.157229 0.648068 2
0.085158 0.140363 0.651172 2
0.166925 0.175182 0.653994 2
0.139080 0.160207 0.650665 2
0.109264 0.100905 0.662014 2
0.132572 0.096041 0.653294 2
0.178094 0.120110 0.656029 2
0.146340 0.191006 0.651635 2
0.181665 0.128408 0.656103 2
0.097957 0.109831 0.658252 2
0.135452 0.135452 0.650151 2
0.111534 0.168761 0.647463 2
0.102365 0.187570 0.656061 2
0.096062 0.135652 0.645518 2
0.139042 0.115575 0.650486 2
0.104390 0.166207 0.646614 2
0.094879 0.137953 0.645389 2
0.186028 0.125406 0.658983 2
0.125864 0.151623 0.649089 2
0.151118 0.129950 0.651964 2
0.135491 0.184761 0.650338 2
0.090164 0.139027 0.644972 2
0.121060 0.132757 0.648441 2
0.128239 0.103645 0.649254 2
0.142754 0.195626 0.651361 2
0.158522 0.146736 0.653396 2
0.127091 0.190344 0.649376 2
0.139074 0.151984 0.650634 2
0.084062 0.144022 0.651783 2
0.157160 0.120666 0.652637 2
0.156078 0.127808 0.653036 2
0.184013 0.149695 0.656036 2
0.152316 0.118206 0.652056 2
0.142713 0.181475 0.651174 2
0.136676 0.162486 0.650393 2
0.142793 0.143968 0.651538 2
0.181524 0.144865 0.655595 2
0.127072 0.165721 0.649279 2
0.098764 0.115127 0.647962 2
0.147509 0.146334 0.651606 2
0.091349 0.162334 0.645126 2
0.118757 0.124607 0.648639 2
0.121152 0.128176 0.648935 2
0.092558 0.129814 0.645442 2
0.113884 0.118556 0.647543 2
0.155977 0.150092 0.652613 2
0.127045 0.130558 0.649141 2
0.144024 0.172241 0.651793 2
0.141441 0.105053 0.650724 2
0.131890 0.189335 0.649931 2
0.099669 0.178938 0.646256 2
0.109385 0.111750 0.655582 2
0.161094 0.098083 0.659098 2
0.188102 0.138258 0.657920 2
0.126080 0.197624 0.650203 2
0.163219 0.116080 0.653325 2
0.151098 0.106415 0.651876 2
0.190838 0.144466 0.659174 2
0.266434 0.196861 0.876595 2
0.192397 0.154275 0.660444 2
0.164614 0.165794 0.654186 2
0.163232 0.129054 0.653381 2
0.159734 0.145588 0.653534 2
0.159739 0.150308 0.653553 2
0.115121 0.179401 0.647927 2
0.088228 0.131465 0.647841 2
0.111500 0.118505 0.647262 2
0.194027 0.145072 0.661938 2
0.152456 0.139506 0.652656 2
0.153585 0.181831 0.652452 2
0.117585 0.157365 0.648629 2
0.158543 0.167973 0.653482 2
0.174412 0.181507 0.655533 2
0.164437 0.119644 0.653485 2
0.134234 0.117821 0.649932 2
0.136696 0.187150 0.650487 2
0.134268 0.158894 0.650097 2
0.171754 0.137521 0.654414 2
0.143917 0.177987 0.651306 2
0.117699 0.194994 0.649257 2
0.180304 0.148381 0.655458 2
0.194810 0.136067 0.664611 2
0.160979 0.176310 0.653800 2
0.140301 0.179046 0.650884 2
0.172970 0.136369 0.654552 2
0.122262 0.140982 0.648614 2
0.148860 0.175926 0.652375 2
0.164608 0.159888 0.654163 2
0.172223 0.110673 0.656204 2
0.144014 0.160473 0.651746 2
0.124770 0.161088 0.649488 2
0.119849 0.111664 0.648216 2
0.142805 0.158085 0.651595 2
0.107044 0.109409 0.655726 2
0.103878 0.106252 0.658150 2
0.147495 0.131041 0.651542 2
0.118761 0.130462 0.648663 2
0.146272 0.114550 0.651330 2
0.096059 0.129825 0.645496 2
0.143864 0.119202 0.651069 2
0.163364 0.107926 0.653908 2
0.158408 0.156052 0.652925 2
0.152461 0.145398 0.652679 2
0.135564 0.143780 0.650688 2
0.166928 0.178725 0.654007 2
0.178617 0.185834 0.666817 2
0.123434 0.108224 0.648623 2
0.148832 0.145303 0.652253 2
0.153522 0.106466 0.652185 2
0.082727 0.138673 0.659895 2
0.110344 0.171063 0.647332 2
0.150490 0.092000 0.675539 2
0.183389 0.113641 0.666672 2
0.182913 0.166338 0.656335 2
