# .PCD v0.7 - Point Cloud Data file format
VERSION 0.7
FIELDS x y z label
SIZE 4 4 4 4
TYPE F F F U
COUNT 1 1 1 1
WIDTH 6000
HEIGHT 1
VIEWPOINT 0 0 0 1 0 0 0
POINTS 6000
DATA ascii
-0.387077 0.206386 0.919010 1
-0.385451 0.176562 0.919086 1
-0.408560 0.229973 0.934014 1
-0.378468 0.115479 0.934592 1
-0.372857 0.171896 0.920737 1
-0.404613 0.213616 0.928822 1
-0.390574 0.136911 0.931300 1
-0.384379 0.108978 0.936673 1
-0.401609 0.202892 0.925759 1
-0.383437 0.273646 0.922216 1
-0.357107 0.218279 0.927279 1
-0.354982 0.150676 0.943866 1
-0.378631 0.113842 0.934994 1
-0.397062 0.233909 0.922953 1
-0.354603 0.270375 0.933900 1
-0.372274 0.239615 0.919297 1
-0.354689 0.198726 0.929709 1
-0.346208 0.234528 0.952515 1
-0.398973 0.270164 0.927395 1
-0.370231 0.138522 0.930838 1
-0.359639 0.257839 0.925187 1
-0.388858 0.194844 0.919302 1
-0.386781 0.165526 0.922256 1
-0.358697 0.174750 0.927064 1
-0.358226 0.278226 0.985581 1
-0.357471 0.275042 0.932591 1
-0.378444 0.179699 0.918175 1
-0.347628 0.191238 0.942392 1
-0.358312 0.233028 0.926070 1
-0.349244 0.270686 0.946772 1
-0.374399 0.171842 0.920445 1
-0.346893 0.256547 0.945019 1
-0.401269 0.268909 0.928836 1
-0.349410 0.178512 0.938048 1
-0.355900 0.220239 0.928493 1
-0.346357 0.230049 0.948218 1
-0.397083 0.140792 0.934760 1
-0.378156 0.271774 0.921509 1
-0.354628 0.258639 0.985463 1
-0.387174 0.247891 0.919241 1
-0.420622 0.144950 0.985987 1
-0.372335 0.097094 0.936127 1
-0.404569 0.206892 0.928722 1
-0.370056 0.112626 0.938915 1
-0.387120 0.224646 0.919112 1
-0.380181 0.226121 0.918370 1
-0.351347 0.253610 0.934201 1
-0.376763 0.091873 0.934546 1
-0.400990 0.158883 0.932085 1
-0.371331 0.127145 0.933603 1
-0.387108 0.219665 0.919084 1
-0.358312 0.199619 0.926069 1
-0.366108 0.101083 0.941828 1
-0.431413 0.180571 0.986260 1
-0.353662 0.177251 0.931422 1
-0.387455 0.115646 0.935941 1
-0.347559 0.237088 0.942203 1
-0.360948 0.227572 0.924265 1
-0.380167 0.217830 0.918335 1
-0.392755 0.164273 0.924572 1
-0.391180 0.175242 0.920865 1
-0.358312 0.251403 0.926070 1
-0.381819 0.216171 0.918325 1
-0.413430 0.120028 0.985800 1
-0.404482 0.193448 0.928520 1
-0.387054 0.196428 0.918954 1
-0.401405 0.157364 0.933048 1
-0.559307 0.413192 1.327923 1
-0.349361 0.220782 0.937915 1
-0.379108 0.266288 0.919785 1
-0.380091 0.131731 0.930314 1
-0.348477 0.216208 0.940094 1
-0.374374 0.089137 0.941254 1
-0.346949 0.231015 0.945173 1
-0.365721 0.280358 0.927915 1
-0.373848 0.146361 0.927316 1
-0.351381 0.186224 0.934290 1
-0.358312 0.229687 0.926070 1
-0.355900 0.228613 0.928493 1
-0.348188 0.171955 0.948547 1
-0.389631 0.277831 0.925074 1
-0.386569 0.089755 0.985321 1
-0.377686 0.268115 0.920362 1
-0.347631 0.175097 0.947029 1
-0.387061 0.199747 0.918973 1
-0.372231 0.206427 0.919191 1
-0.400334 0.141344 0.938427 1
-0.373966 0.160747 0.923475 1
-0.383074 0.089067 0.958779 1
-0.360951 0.234243 0.924273 1
-0.381314 0.089060 0.958704 1
-0.346908 0.249740 0.945060 1
-0.353517 0.204049 0.931039 1
-0.362419 0.163214 0.928032 1
-0.369280 0.254762 0.920101 1
-0.376867 0.224464 0.918368 1
-0.367641 0.137129 0.932786 1
-0.394872 0.102752 0.941548 1
-0.357732 0.267252 0.928901 1
-0.424214 0.153856 0.986068 1
-0.370757 0.119081 0.936406 1
-0.365101 0.110300 0.948037 1
-0.359793 0.274248 0.929898 1
-0.408021 0.189288 0.932784 1
-0.362939 0.145681 0.933677 1
-0.372325 0.127070 0.985252 1
-0.346998 0.208881 0.945306 1
-0.349432 0.168308 0.947281 1
-0.393066 0.135511 0.933229 1
-0.383483 0.214518 0.918342 1
-0.375315 0.221212 0.918624 1
-0.400538 0.266747 0.927146 1
-0.374779 0.282963 0.925484 1
-0.360950 0.232575 0.924271 1
-0.370716 0.221434 0.919546 1
-0.364157 0.104898 0.945584 1
-0.349329 0.247829 0.937830 1
-0.409807 0.088006 0.985638 1
-0.388110 0.268436 0.921463 1
-0.378325 0.093528 0.934239 1
-0.557010 0.414435 1.339682 1
-0.358796 0.162172 0.931664 1
-0.360956 0.244249 0.924284 1
-0.357956 0.141992 0.942729 1
-0.383591 0.260974 0.918601 1
-0.346961 0.225908 0.945204 1
-0.373732 0.181480 0.918805 1
-0.351018 0.272825 0.942365 1
-0.362433 0.150523 0.932375 1
-0.393074 0.148346 0.929268 1
-0.357107 0.191516 0.927279 1
-0.347588 0.211613 0.942284 1
-0.356122 0.263950 0.929073 1
-0.399087 0.166495 0.927660 1
-0.351648 0.276721 0.944056 1
-0.348449 0.239929 0.940019 1
-0.370663 0.179942 0.919415 1
-0.370748 0.246336 0.919626 1
-0.367125 0.170659 0.923029 1
-0.358312 0.231358 0.926070 1
-0.352505 0.162237 0.941795 1
-0.378323 0.091842 0.934234 1
-0.346964 0.236212 0.959356 1
-0.359528 0.166774 0.929212 1
-0.551540 0.423217 1.368071 1
-0.363567 0.187191 0.922449 1
-0.373755 0.199723 0.918863 1
-0.363048 0.156790 0.929642 1
-0.349349 0.230925 0.937883 1
-0.372970 0.139968 0.929294 1
-0.359341 0.270553 0.928729 1
-0.371508 0.281344 0.925652 1
-0.366384 0.124384 0.938184 1
-0.387642 0.277602 0.924310 1
-0.396984 0.215553 0.922771 1
-0.399079 0.087993 0.985489 1
-0.355474 0.153558 0.940663 1
-0.381670 0.105317 0.934178 1
-0.389341 0.093746 0.936417 1
-0.365052 0.091050 0.943489 1
-0.364972 0.215325 0.921794 1
-0.358312 0.211312 0.926069 1
-0.346912 0.248038 0.945071 1
-0.381837 0.226120 0.918368 1
-0.355138 0.164494 0.935308 1
-0.354690 0.260776 0.929710 1
-0.388354 0.087979 0.985340 1
-0.424431 0.298081 0.986571 1
-0.353507 0.224196 0.931012 1
-0.359614 0.201083 0.925122 1
-0.353503 0.232590 0.931001 1
-0.355900 0.260435 0.928494 1
-0.383556 0.246039 0.918518 1
-0.376577 0.165428 0.921713 1
-0.415221 0.121810 0.985831 1
-0.364865 0.273023 0.925743 1
-0.366367 0.178614 0.921121 1
-0.369237 0.204947 0.919993 1
-0.366842 0.145226 0.930760 1
-0.392920 0.246717 0.921048 1
-0.360959 0.252588 0.924294 1
-0.382320 0.173330 0.919530 1
-0.347043 0.229343 0.959575 1
-0.370750 0.247996 0.919631 1
-0.404537 0.201850 0.928646 1
-0.379612 0.120365 0.933260 1
-0.376920 0.254317 0.918496 1
-0.351630 0.176237 0.934953 1
-0.387202 0.259516 0.919306 1
-0.347025 0.196960 0.945378 1
-0.390833 0.223215 0.920047 1
-0.367807 0.196773 0.920568 1
-0.356846 0.150028 0.939806 1
-0.346274 0.219106 0.952697 1
-0.375029 0.118829 0.934424 1
-0.353506 0.225874 0.931010 1
-0.350953 0.163095 0.946776 1
-0.373903 0.262810 0.919225 1
-0.383413 0.181355 0.918174 1
-0.408134 0.197755 0.933040 1
-0.388921 0.221411 0.919450 1
-0.381661 0.100260 0.934157 1
-0.404635 0.216978 0.928873 1
-0.394954 0.251939 0.921918 1
-0.354689 0.180279 0.929708 1
-0.358440 0.263190 0.926401 1
-0.376806 0.189645 0.918220 1
-0.346919 0.244633 0.945091 1
-0.372225 0.201449 0.919175 1
-0.377673 0.280962 0.924396 1
-0.394305 0.167559 0.924296 1
-0.369232 0.199966 0.919982 1
-0.388547 0.151241 0.926469 1
-0.383425 0.093539 0.934348 1
-0.360962 0.259259 0.924301 1
-0.370667 0.183261 0.919425 1
-0.364438 0.269367 0.924660 1
-0.375129 0.133435 0.930492 1
-0.349712 0.166733 0.948040 1
-0.373818 0.247830 0.919015 1
-0.361778 0.122303 0.948291 1
-0.394813 0.206965 0.921590 1
-0.389962 0.279737 0.925860 1
-0.381810 0.178067 0.918302 1
-0.543294 0.438961 1.410738 1
-0.351447 0.177830 0.934466 1
-0.375347 0.115556 0.935218 1
-0.383452 0.105344 0.934413 1
-0.366392 0.208536 0.921186 1
-0.361201 0.150711 0.933537 1
-0.369264 0.236495 0.920061 1
-0.372342 0.105539 0.936145 1
-0.363563 0.178870 0.922440 1
-0.399515 0.261061 0.924778 1
-0.397359 0.175771 0.923644 1
-0.371053 0.144903 0.928692 1
-0.355900 0.255411 0.928494 1
-0.364646 0.282496 0.929441 1
-0.357107 0.188171 0.927279 1
-0.389590 0.115778 0.937014 1
-0.377378 0.157449 0.923671 1
-0.386555 0.122114 0.933766 1
-0.383432 0.096912 0.934366 1
-0.353514 0.210765 0.931030 1
-0.373331 0.167126 0.921908 1
-0.411597 0.089787 0.985669 1
-0.382537 0.155849 0.924061 1
-0.360932 0.192553 0.924225 1
-0.392770 0.198461 0.920696 1
-0.370001 0.170450 0.921897 1
-0.390792 0.109354 0.939905 1
-0.374921 0.151138 0.925835 1
-0.353504 0.229232 0.931005 1
-0.388843 0.188203 0.919265 1
-0.381682 0.163816 0.921996 1
-0.347051 0.185037 0.945450 1
-0.354689 0.257422 0.929710 1
-0.394938 0.246940 0.921882 1
-0.377633 0.087966 0.985190 1
-0.360926 0.179213 0.924209 1
-0.375294 0.204630 0.918571 1
-0.379709 0.303233 0.985967 1
-0.354215 0.163159 0.937330 1
-0.382993 0.087973 0.985265 1
-0.381383 0.151051 0.925305 1
-0.367597 0.112911 0.941290 1
-0.381869 0.244363 0.918446 1
-0.426020 0.164538 0.986130 1
-0.431400 0.171670 0.986229 1
-0.404778 0.238844 0.929200 1
-0.359629 0.234468 0.925160 1
-0.399192 0.185845 0.924030 1
-0.386567 0.087977 0.985315 1
-0.375423 0.262713 0.918887 1
-0.390890 0.241505 0.920180 1
-0.370995 0.093805 0.937007 1
-0.388996 0.148069 0.927538 1
-0.373824 0.252808 0.919031 1
-0.352048 0.281466 0.954374 1
-0.366418 0.238463 0.921251 1
-0.388941 0.229715 0.919497 1
-0.358096 0.175049 0.985221 1
-0.353524 0.188938 0.931058 1
-0.375345 0.244430 0.918697 1
-0.355900 0.235313 0.928493 1
-0.380291 0.275440 0.922655 1
-0.383583 0.257655 0.918582 1
-0.383587 0.259315 0.918591 1
-0.376737 0.163835 0.922104 1
-0.404471 0.191768 0.928495 1
-0.364957 0.198690 0.921758 1
-0.374338 0.266436 0.920295 1
-0.420617 0.141391 0.985974 1
-0.385271 0.098636 0.934738 1
-0.351126 0.165786 0.942655 1
-0.378479 0.199592 0.918260 1
-0.385283 0.103698 0.934766 1
-0.385320 0.227877 0.918773 1
-0.358312 0.238039 0.926070 1
-0.376130 0.301438 0.985911 1
-0.388913 0.218090 0.919432 1
-0.397091 0.240585 0.923020 1
-0.360150 0.266561 0.926499 1
-0.385266 0.204646 0.918643 1
-0.408740 0.243558 0.934425 1
-0.388925 0.223072 0.919460 1
-0.347036 0.191850 0.945409 1
-0.350406 0.268956 0.940723 1
-0.362281 0.257345 0.923413 1
-0.374064 0.091517 0.985153 1
-0.348830 0.268659 0.945651 1
-0.356647 0.141119 0.948292 1
-0.367983 0.109630 0.942279 1
-0.370740 0.239695 0.919604 1
-0.424217 0.155635 0.986074 1
-0.390709 0.183326 0.919756 1
-0.358312 0.204630 0.926069 1
-0.394724 0.178665 0.921383 1
-0.363786 0.137580 0.935855 1
-0.362271 0.235685 0.923389 1
-0.429803 0.298103 0.986646 1
-0.372244 0.216382 0.919223 1
-0.380146 0.206223 0.918285 1
-0.352740 0.175949 0.933427 1
-0.400577 0.160399 0.931123 1
-0.358311 0.181244 0.926068 1
-0.369086 0.122466 0.936453 1
-0.377910 0.282807 0.924974 1
-0.352457 0.182537 0.932678 1
-0.376256 0.122052 0.933288 1
-0.356243 0.164225 0.933781 1
-0.394394 0.117894 0.940409 1
-0.368058 0.276252 0.925374 1
-0.373760 0.203040 0.918873 1
-0.375227 0.095282 0.934919 1
-0.349347 0.232616 0.937878 1
-0.363580 0.217150 0.922483 1
-0.357383 0.283034 0.936770 1
-0.363107 0.098717 0.951775 1
-0.401638 0.209587 0.925827 1
-0.401544 0.187832 0.925608 1
-0.391682 0.143421 0.929942 1
-0.408111 0.169835 0.936852 1
-0.404899 0.257358 0.929477 1
-0.387073 0.204726 0.919001 1
-0.383467 0.207884 0.918305 1
-0.392837 0.220088 0.920854 1
-0.379972 0.096889 0.934145 1
-0.367243 0.116195 0.940384 1
-0.369294 0.148220 0.928482 1
-0.388196 0.089192 0.941835 1
-0.350306 0.179796 0.935922 1
-0.350863 0.275739 0.946533 1
-0.388356 0.089757 0.985346 1
-0.364865 0.151817 0.929999 1
-0.369279 0.253101 0.920097 1
-0.362602 0.148911 0.932808 1
-0.367207 0.090742 0.940292 1
-0.388980 0.246326 0.919589 1
-0.362919 0.134509 0.937977 1
-0.387004 0.118884 0.934852 1
-0.373780 0.093656 0.935517 1
-0.396735 0.131117 0.937923 1
-0.354689 0.220528 0.929709 1
-0.399343 0.220931 0.924379 1
-0.372595 0.114060 0.936782 1
-0.371081 0.115804 0.937225 1
-0.365532 0.172358 0.923209 1
-0.377921 0.303226 0.985942 1
-0.360940 0.209228 0.924244 1
-0.352418 0.261580 0.932574 1
-0.358670 0.143299 0.940145 1
-0.362262 0.215692 0.923366 1
-0.431408 0.177011 0.986248 1
-0.351359 0.230027 0.934232 1
-0.381597 0.133349 0.929894 1
-0.358312 0.212983 0.926069 1
-0.390756 0.198282 0.919865 1
-0.357107 0.213261 0.927279 1
-0.361119 0.124970 0.955600 1
-0.360499 0.146057 0.936086 1
-0.363680 0.128009 0.939944 1
-0.407977 0.185903 0.932681 1
-0.361012 0.177588 0.924430 1
-0.370236 0.270397 0.922482 1
-0.373777 0.216310 0.918915 1
-0.352473 0.157888 0.946271 1
-0.387046 0.193108 0.918936 1
-0.354689 0.223882 0.929709 1
-0.371075 0.264817 0.920438 1
-0.362246 0.179041 0.923324 1
-0.373773 0.212992 0.918905 1
-0.353521 0.195654 0.931050 1
-0.376862 0.221147 0.918354 1
-0.390817 0.218227 0.920010 1
-0.384685 0.152706 0.925217 1
-0.400492 0.284139 0.934847 1
-0.408419 0.177683 0.933693 1
-0.392816 0.213433 0.920805 1
-0.387838 0.266587 0.920816 1
-0.354099 0.285839 0.946056 1
-0.356363 0.275486 0.934096 1
-0.363085 0.103861 0.951717 1
-0.366422 0.243451 0.921262 1
-0.358848 0.135527 0.945080 1
-0.389389 0.105583 0.936532 1
-0.353223 0.163482 0.939187 1
-0.354689 0.178602 0.929708 1
-0.374092 0.112850 0.985227 1
-0.392801 0.208442 0.920769 1
-0.383579 0.255996 0.918573 1
-0.346435 0.181384 0.953140 1
-0.398312 0.277561 0.929758 1
-0.388996 0.252972 0.919627 1
-0.346924 0.239646 0.959246 1
-0.364432 0.280654 0.928895 1
-0.347577 0.221803 0.942252 1
-0.385447 0.146319 0.927050 1
-0.346398 0.211260 0.948332 1
-0.388886 0.206466 0.919367 1
-0.386282 0.268321 0.921067 1
-0.355872 0.167420 0.932810 1
-0.366371 0.183601 0.921132 1
-0.401780 0.231378 0.926153 1
-0.346379 0.219801 0.948280 1
-0.358295 0.146537 0.939160 1
-0.404459 0.178364 0.928469 1
-0.373127 0.138351 0.929687 1
-0.346845 0.246511 0.959027 1
-0.394829 0.211961 0.921626 1
-0.364175 0.089551 0.945632 1
-0.363450 0.098345 0.948189 1
-0.376830 0.202908 0.918276 1
-0.364161 0.101487 0.945595 1
-0.378336 0.101957 0.934266 1
-0.389445 0.144890 0.928610 1
-0.380187 0.229438 0.918385 1
-0.346421 0.201010 0.948394 1
-0.353518 0.202370 0.931041 1
-0.354633 0.262197 0.985475 1
-0.349398 0.188658 0.938016 1
-0.353442 0.161888 0.939770 1
-0.358224 0.276446 0.985575 1
-0.378535 0.231097 0.918394 1
-0.354689 0.250714 0.929710 1
-0.387681 0.114024 0.936486 1
-0.557773 0.413210 1.335722 1
-0.354689 0.192018 0.929708 1
-0.363442 0.101764 0.948169 1
-0.387038 0.189789 0.918917 1
-0.346707 0.258517 0.958644 1
-0.358740 0.132708 0.949305 1
-0.347557 0.238786 0.942198 1
-0.380152 0.209539 0.918300 1
-0.375277 0.191366 0.918529 1
-0.366555 0.122750 0.938623 1
-0.391324 0.119172 0.937119 1
-0.388999 0.254633 0.919636 1
-0.363122 0.095287 0.951813 1
-0.364974 0.218652 0.921802 1
-0.417021 0.128930 0.985881 1
-0.369007 0.089011 0.958178 1
-0.355900 0.201816 0.928492 1
-0.381497 0.303241 0.985992 1
-0.350075 0.274753 0.949023 1
-0.387151 0.237928 0.919185 1
-0.357108 0.246714 0.927280 1
-0.367415 0.114552 0.940825 1
-0.424439 0.303425 0.986590 1
-0.370714 0.219775 0.919541 1
-0.370754 0.251317 0.919641 1
-0.363581 0.218814 0.922485 1
-0.401515 0.181141 0.925542 1
-0.366935 0.130747 0.935274 1
-0.380190 0.231096 0.918392 1
-0.361760 0.156959 0.930644 1
-0.383506 0.224471 0.918397 1
-0.383003 0.166993 0.921172 1
-0.399508 0.259388 0.924761 1
-0.359627 0.229460 0.925155 1
-0.383479 0.212860 0.918333 1
-0.349492 0.263177 0.938269 1
-0.390447 0.110951 0.939076 1
-0.346942 0.234420 0.945153 1
-0.375846 0.087964 0.985165 1
-0.391715 0.102371 0.938057 1
-0.380149 0.207881 0.918293 1
-0.392754 0.193471 0.920660 1
-0.384596 0.168624 0.921007 1
-0.404679 0.223705 0.928973 1
-0.390740 0.193296 0.919828 1
-0.429615 0.175226 0.986217 1
-0.374284 0.157549 0.924260 1
-0.408582 0.231670 0.934066 1
-0.353594 0.262886 0.931242 1
-0.367810 0.200095 0.920575 1
-0.365414 0.159712 0.927137 1
-0.379749 0.134966 0.929475 1
-0.392304 0.167416 0.923510 1
-0.372299 0.259532 0.919360 1
-0.347028 0.195257 0.945388 1
-0.560780 0.408382 1.320114 1
-0.370024 0.268580 0.921956 1
-0.359296 0.157350 0.932964 1
-0.404668 0.222023 0.928948 1
-0.357107 0.224969 0.927280 1
-0.399372 0.227617 0.924445 1
-0.381082 0.138194 0.928638 1
-0.353528 0.182222 0.931067 1
-0.418820 0.136050 0.985931 1
-0.365839 0.169169 0.923984 1
-0.399436 0.242664 0.924595 1
-0.385374 0.251115 0.918902 1
-0.355224 0.149075 0.944509 1
-0.381843 0.229437 0.918382 1
-0.360931 0.189218 0.924221 1
-0.368423 0.094012 0.939069 1
-0.391003 0.148196 0.928331 1
-0.352443 0.211129 0.932641 1
-0.367854 0.251602 0.920686 1
-0.378338 0.103643 0.934271 1
-0.391205 0.160986 0.924849 1
-0.399314 0.214246 0.924312 1
-0.385250 0.117177 0.934686 1
-0.374345 0.303210 0.985892 1
-0.392878 0.233401 0.920951 1
-0.369284 0.259744 0.920112 1
-0.357283 0.263569 0.927735 1
-0.386590 0.167107 0.921802 1
-0.382422 0.266285 0.919774 1
-0.387241 0.091959 0.935424 1
-0.356316 0.180380 0.985215 1
-0.347202 0.215594 0.960013 1
-0.363617 0.139204 0.935419 1
-0.388799 0.120604 0.935113 1
-0.375274 0.189708 0.918524 1
-0.352181 0.171445 0.936417 1
-0.388917 0.219751 0.919441 1
-0.395149 0.126075 0.938174 1
-0.389859 0.170407 0.921667 1
-0.347162 0.219032 0.959904 1
-0.387194 0.256195 0.919287 1
-0.378497 0.209540 0.918302 1
-0.346443 0.179669 0.953160 1
-0.376848 0.131771 0.930591 1
-0.346364 0.226633 0.948239 1
-0.390920 0.251484 0.920253 1
-0.353427 0.155848 0.944259 1
-0.385335 0.234516 0.918810 1
-0.376530 0.284693 0.925683 1
-0.393153 0.122596 0.937451 1
-0.354689 0.210466 0.929709 1
-0.427804 0.160982 0.986142 1
-0.390915 0.249821 0.920241 1
-0.360949 0.229240 0.924267 1
-0.346296 0.213965 0.952757 1
-0.396905 0.197205 0.922589 1
-0.364075 0.159858 0.927986 1
-0.394036 0.109785 0.943615 1
-0.390905 0.246494 0.920217 1
-0.349327 0.249519 0.937824 1
-0.359631 0.154128 0.933833 1
-0.393928 0.130747 0.935275 1
-0.385544 0.160713 0.923279 1
-0.361875 0.144244 0.935279 1
-0.353500 0.237626 0.930994 1
-0.383514 0.227789 0.918416 1
-0.390141 0.087982 0.985364 1
-0.357108 0.231660 0.927280 1
-0.346377 0.195105 0.952979 1
-0.383228 0.118759 0.933869 1
-0.361949 0.168018 0.926828 1
-0.394506 0.140474 0.932653 1
-0.346164 0.244806 0.952394 1
-0.357560 0.162374 0.932824 1
-0.358312 0.221335 0.926069 1
-0.366206 0.151678 0.929146 1
-0.383471 0.209543 0.918314 1
-0.399350 0.222602 0.924395 1
-0.359618 0.209429 0.925131 1
-0.346361 0.228341 0.948229 1
-0.364952 0.192036 0.921744 1
-0.364997 0.245271 0.921859 1
-0.363461 0.093217 0.948219 1
-0.364311 0.170901 0.924338 1
-0.354030 0.164763 0.936840 1
-0.391910 0.128951 0.934487 1
-0.392930 0.250047 0.921073 1
-0.358890 0.266867 0.927563 1
-0.368719 0.168961 0.922850 1
-0.376931 0.260952 0.918524 1
-0.378555 0.146241 0.926553 1
-0.378570 0.250999 0.918479 1
-0.381853 0.162225 0.922409 1
-0.390720 0.186649 0.919780 1
-0.378482 0.201250 0.918267 1
-0.367848 0.244955 0.920672 1
-0.369144 0.135381 0.932333 1
-0.348877 0.175712 0.941174 1
-0.376258 0.168610 0.920932 1
-0.361652 0.162610 0.985227 1
-0.388972 0.243004 0.919571 1
-0.360139 0.172967 0.926474 1
-0.397658 0.161575 0.928230 1
-0.372754 0.112418 0.937181 1
-0.377635 0.089744 0.985196 1
-0.388140 0.110776 0.937595 1
-0.388348 0.123833 0.934027 1
-0.369261 0.233174 0.920054 1
-0.393384 0.089212 0.942052 1
-0.366412 0.231812 0.921236 1
-0.360938 0.205893 0.924240 1
-0.353602 0.270898 0.935708 1
-0.367801 0.190127 0.920553 1
-0.362728 0.266000 0.924551 1
-0.357302 0.176559 0.927785 1
-0.372541 0.175070 0.919958 1
-0.357020 0.271335 0.931415 1
-0.346983 0.215692 0.945265 1
-0.382846 0.122006 0.932938 1
-0.367846 0.241632 0.920665 1
-0.377009 0.130148 0.930990 1
-0.396827 0.178863 0.922407 1
-0.353320 0.153134 0.948545 1
-0.383840 0.174925 0.919198 1
-0.359625 0.226122 0.925151 1
-0.397048 0.230571 0.922920 1
-0.382684 0.280969 0.924416 1
-0.351350 0.248557 0.934208 1
-0.392946 0.255041 0.921109 1
-0.374240 0.173428 0.920055 1
-0.346327 0.243711 0.948136 1
-0.354021 0.150009 0.950426 1
-0.365182 0.148591 0.930807 1
-0.359511 0.129561 0.951345 1
-0.390552 0.151370 0.927260 1
-0.353680 0.283796 0.944936 1
-0.396920 0.200540 0.922622 1
-0.426012 0.159199 0.986111 1
-0.401921 0.253185 0.926478 1
-0.383145 0.134981 0.929580 1
-0.360340 0.138201 0.940078 1
-0.355900 0.245362 0.928493 1
-0.394912 0.106159 0.941644 1
-0.361859 0.281259 0.930896 1
-0.350658 0.162836 0.955276 1
-0.378895 0.143027 0.927386 1
-0.382184 0.264461 0.919203 1
-0.351413 0.170202 0.938878 1
-0.404888 0.255674 0.929452 1
-0.364154 0.172494 0.923940 1
-0.383494 0.219495 0.918370 1
-0.392858 0.226744 0.920903 1
-0.362259 0.207362 0.923356 1
-0.384247 0.279225 0.924164 1
-0.346293 0.259078 0.948043 1
-0.355329 0.172204 0.931386 1
-0.367797 0.185144 0.920542 1
-0.352405 0.275980 0.941529 1
-0.374067 0.093295 0.985159 1
-0.346421 0.184815 0.953100 1
-0.429591 0.159207 0.986161 1
-0.385207 0.179763 0.918505 1
-0.397183 0.262291 0.923235 1
-0.354689 0.190341 0.929708 1
-0.363584 0.225472 0.922493 1
-0.356070 0.176778 0.928936 1
-0.386306 0.154356 0.925104 1
-0.365007 0.256918 0.921885 1
-0.393509 0.265390 0.922430 1
-0.386210 0.170265 0.920895 1
-0.362252 0.192368 0.923339 1
-0.351345 0.258664 0.934195 1
-0.394787 0.198640 0.921529 1
-0.378526 0.162225 0.922409 1
-0.390787 0.208254 0.919937 1
-0.357507 0.265409 0.928318 1
-0.396263 0.143866 0.932829 1
-0.348494 0.200957 0.940142 1
-0.351379 0.189593 0.934286 1
-0.349659 0.272717 0.947897 1
-0.373100 0.123805 0.933815 1
-0.367795 0.183483 0.920539 1
-0.420859 0.303410 0.986540 1
-0.389205 0.160849 0.924061 1
-0.380158 0.212855 0.918314 1
-0.372330 0.092027 0.936116 1
-0.377850 0.168579 0.920763 1
-0.368766 0.137732 0.985240 1
-0.399228 0.194196 0.924113 1
-0.347613 0.198029 0.942351 1
-0.374095 0.114628 0.985234 1
-0.369195 0.089116 0.941037 1
-0.350294 0.205112 0.935888 1
-0.373924 0.176598 0.919277 1
-0.394886 0.230281 0.921760 1
-0.385312 0.224558 0.918754 1
-0.373784 0.098719 0.935528 1
-0.377656 0.123642 0.932588 1
-0.376078 0.268153 0.920491 1
-0.370680 0.193218 0.919457 1
-0.352724 0.160638 0.942381 1
-0.349362 0.219092 0.937920 1
-0.378573 0.252658 0.918486 1
-0.355323 0.162892 0.935796 1
-0.380645 0.110564 0.935800 1
-0.348439 0.248401 0.939993 1
-0.388206 0.168749 0.921690 1
-0.372278 0.117339 0.935985 1
-0.346440 0.192466 0.948445 1
-0.385219 0.184739 0.918532 1
-0.366511 0.177022 0.921483 1
-0.368476 0.116049 0.939204 1
-0.348441 0.246706 0.939998 1
-0.370998 0.100567 0.937015 1
-0.357127 0.281143 0.936100 1
-0.363299 0.131262 0.938960 1
-0.346944 0.237929 0.959301 1
-0.388780 0.164004 0.923053 1
-0.365468 0.113304 0.944565 1
-0.399400 0.234304 0.924512 1
-0.368424 0.097399 0.939070 1
-0.404910 0.259042 0.929503 1
-0.350276 0.240551 0.935841 1
-0.399232 0.134773 0.939819 1
-0.379003 0.173330 0.919531 1
-0.399379 0.229288 0.924462 1
-0.369677 0.277883 0.925248 1
-0.355900 0.236988 0.928493 1
-0.390181 0.125566 0.934383 1
-0.386779 0.120500 0.934309 1
-0.363841 0.175676 0.923144 1
-0.387198 0.257856 0.919297 1
-0.396511 0.269628 0.925554 1
-0.348006 0.264621 0.943415 1
-0.394756 0.188652 0.921456 1
-0.355900 0.258760 0.928494 1
-0.373770 0.211334 0.918899 1
-0.370763 0.257958 0.919662 1
-0.387159 0.241249 0.919204 1
-0.399422 0.239320 0.924562 1
-0.399003 0.155401 0.931371 1
-0.363567 0.284641 0.930972 1
-0.348435 0.251789 0.939982 1
-0.347440 0.194948 0.960672 1
-0.350038 0.173748 0.939733 1
-0.372284 0.247913 0.919323 1
-0.393636 0.089109 0.959230 1
-0.367856 0.253264 0.920690 1
-0.375332 0.234479 0.918666 1
-0.353519 0.200691 0.931043 1
-0.348492 0.202651 0.940137 1
-0.355509 0.161288 0.936285 1
-0.374088 0.109294 0.985215 1
-0.368903 0.283578 0.927498 1
-0.404387 0.159560 0.936054 1
-0.354689 0.237298 0.929710 1
-0.367811 0.201756 0.920578 1
-0.363877 0.113872 0.949304 1
-0.374082 0.175014 0.919666 1
-0.350033 0.271680 0.944294 1
-0.394803 0.203635 0.921565 1
-0.360941 0.212564 0.924248 1
-0.367207 0.097526 0.940292 1
-0.381831 0.222804 0.918354 1
-0.355899 0.185068 0.928492 1
-0.358461 0.154349 0.935176 1
-0.370433 0.122353 0.935589 1
-0.364960 0.202017 0.921766 1
-0.346349 0.233465 0.948198 1
-0.348498 0.197567 0.940153 1
-0.390956 0.176802 0.920337 1
-0.368424 0.099093 0.939070 1
-0.356346 0.265792 0.929658 1
-0.347609 0.199727 0.942341 1
-0.373809 0.241194 0.918994 1
-0.346413 0.186530 0.953079 1
-0.351358 0.231711 0.934230 1
-0.399328 0.217588 0.924345 1
-0.356400 0.173588 0.929797 1
-0.392333 0.153085 0.927517 1
-0.408111 0.196062 0.932989 1
-0.429786 0.287414 0.986609 1
-0.381787 0.197933 0.918248 1
-0.364970 0.213661 0.921791 1
-0.352452 0.192629 0.932665 1
-0.365810 0.269150 0.923912 1
-0.380126 0.194618 0.918236 1
-0.355900 0.190092 0.928492 1
-0.404701 0.227068 0.929024 1
-0.399407 0.235976 0.924528 1
-0.364809 0.111920 0.947278 1
-0.375335 0.236138 0.918671 1
-0.351791 0.272108 0.939889 1
-0.366369 0.181939 0.921129 1
-0.395368 0.148578 0.930723 1
-0.385275 0.100323 0.934747 1
-0.361442 0.137974 0.938535 1
-0.399465 0.249353 0.924662 1
-0.380193 0.232754 0.918399 1
-0.429784 0.285633 0.986603 1
-0.404559 0.205211 0.928697 1
-0.396673 0.142330 0.933794 1
-0.404723 0.230432 0.929074 1
-0.374488 0.139909 0.928901 1
-0.372297 0.257872 0.919355 1
-0.362272 0.237351 0.923390 1
-0.349374 0.208948 0.937952 1
-0.354953 0.166094 0.934820 1
-0.354689 0.215497 0.929709 1
-0.370595 0.120718 0.935997 1
-0.362730 0.136129 0.937487 1
-0.384789 0.282957 0.925467 1
-0.356795 0.269485 0.930829 1
-0.368424 0.105869 0.939070 1
-0.390745 0.194958 0.919841 1
-0.371725 0.270270 0.922048 1
-0.374090 0.111072 0.985221 1
-0.357680 0.136382 0.951039 1
-0.378517 0.221147 0.918352 1
-0.369537 0.175218 0.920740 1
-0.394892 0.104455 0.941596 1
-0.390980 0.162561 0.924317 1
-0.366818 0.173843 0.922256 1
-0.380225 0.250998 0.918477 1
-0.380950 0.123620 0.932416 1
-0.372184 0.148037 0.927336 1
-0.372269 0.236296 0.919286 1
-0.385289 0.214602 0.918699 1
-0.382995 0.089751 0.985271 1
-0.351378 0.192963 0.934282 1
-0.387097 0.273882 0.923010 1
-0.385354 0.162298 0.922823 1
-0.353020 0.153748 0.952352 1
-0.351195 0.171790 0.938297 1
-0.401856 0.243118 0.926328 1
-0.346106 0.258506 0.952233 1
-0.355171 0.282272 0.939861 1
-0.354689 0.232267 0.929710 1
-0.395397 0.089116 0.959305 1
-0.373779 0.217969 0.918921 1
-0.394745 0.185323 0.921431 1
-0.401536 0.186159 0.925592 1
-0.401671 0.214614 0.925902 1
-0.397041 0.228902 0.922904 1
-0.389396 0.107274 0.936549 1
-0.394964 0.255272 0.921943 1
-0.348467 0.224680 0.940068 1
-0.358130 0.168581 0.929936 1
-0.394079 0.169129 0.923765 1
-0.390823 0.219890 0.920022 1
-0.394912 0.238610 0.921821 1
-0.386467 0.089185 0.941762 1
-0.356108 0.273606 0.933429 1
-0.347640 0.186144 0.942422 1
-0.362259 0.209028 0.923358 1
-0.346447 0.189049 0.948466 1
-0.384782 0.089753 0.985296 1
-0.364225 0.267543 0.924120 1
-0.369466 0.132132 0.933145 1
-0.371314 0.171951 0.921029 1
-0.378637 0.262643 0.918641 1
-0.380243 0.260951 0.918519 1
-0.388905 0.214769 0.919413 1
-0.389688 0.128774 0.933203 1
-0.367808 0.198434 0.920571 1
-0.378523 0.224463 0.918366 1
-0.393175 0.175391 0.921646 1
-0.360937 0.202558 0.924236 1
-0.385263 0.095262 0.934719 1
-0.381805 0.207881 0.918290 1
-0.376812 0.192961 0.918234 1
-0.346455 0.185631 0.948486 1
-0.376089 0.281025 0.924600 1
-0.389220 0.146481 0.928073 1
-0.363870 0.118450 0.944841 1
-0.350761 0.174958 0.937137 1
-0.392208 0.140254 0.931193 1
-0.389382 0.103892 0.936516 1
-0.351997 0.173044 0.935929 1
-0.408515 0.226578 0.933912 1
-0.387736 0.157596 0.924534 1
-0.370860 0.263003 0.919902 1
-0.358882 0.141686 0.940699 1
-0.370116 0.154563 0.926346 1
-0.399358 0.177585 0.924413 1
-0.394795 0.164428 0.925443 1
-0.367991 0.263326 0.921030 1
-0.369168 0.109477 0.940967 1
-0.349556 0.170951 0.943006 1
-0.381953 0.275439 0.922650 1
-0.359613 0.199414 0.925120 1
-0.358311 0.179573 0.926068 1
-0.358296 0.166981 0.930367 1
-0.381715 0.273604 0.922074 1
-0.384673 0.122052 0.933288 1
-0.408672 0.238462 0.934271 1
-0.351363 0.221603 0.934244 1
-0.373753 0.198064 0.918857 1
-0.384966 0.135032 0.929927 1
-0.385924 0.126960 0.932243 1
-0.350908 0.167382 0.942070 1
-0.354616 0.278446 0.938392 1
-0.372282 0.246254 0.919318 1
-0.376418 0.120420 0.933689 1
-0.396221 0.169332 0.924877 1
-0.385308 0.222899 0.918745 1
-0.431593 0.298111 0.986671 1
-0.380530 0.159040 0.923235 1
-0.405850 0.264685 0.931661 1
-0.381863 0.241046 0.918432 1
-0.373743 0.189772 0.918831 1
-0.375302 0.211263 0.918592 1
-0.358312 0.189596 0.926069 1
-0.379989 0.107004 0.934188 1
-0.372257 0.226339 0.919255 1
-0.365601 0.267330 0.923384 1
-0.383224 0.284705 0.925720 1
-0.350334 0.178121 0.935995 1
-0.397148 0.253941 0.923152 1
-0.392785 0.203451 0.920732 1
-0.373762 0.204699 0.918878 1
-0.363469 0.089798 0.948239 1
-0.346972 0.220800 0.945235 1
-0.379204 0.155849 0.924062 1
-0.348500 0.195872 0.940158 1
-0.362265 0.152134 0.931941 1
-0.363604 0.114325 0.953077 1
-0.380105 0.183014 0.918186 1
-0.375296 0.206288 0.918576 1
-0.355850 0.143197 0.950733 1
-0.371804 0.122248 0.934792 1
-0.426222 0.298088 0.986596 1
-0.358312 0.216323 0.926069 1
-0.397196 0.282992 0.931073 1
-0.408493 0.224881 0.933860 1
-0.376966 0.275443 0.922665 1
-0.369268 0.241477 0.920072 1
-0.369626 0.130506 0.933551 1
-0.384012 0.143063 0.927623 1
-0.371934 0.285010 0.926714 1
-0.383011 0.089171 0.941617 1
-0.373904 0.275640 0.923322 1
-0.392483 0.125764 0.935854 1
-0.359109 0.133919 0.945766 1
-0.394865 0.223618 0.921711 1
-0.394933 0.245274 0.921870 1
-0.376101 0.089144 0.941327 1
-0.369267 0.239816 0.920069 1
-0.350266 0.260800 0.935814 1
-0.555470 0.416907 1.347672 1
-0.346934 0.237825 0.945132 1
-0.427998 0.289188 0.986590 1
-0.389715 0.266734 0.921326 1
-0.394902 0.235278 0.921797 1
-0.378215 0.149449 0.925721 1
-0.408762 0.245257 0.934477 1
-0.378538 0.232755 0.918401 1
-0.378497 0.178068 0.918303 1
-0.401507 0.179468 0.925525 1
-0.401725 0.222995 0.926027 1
-0.376844 0.211198 0.918311 1
-0.361207 0.275724 0.929221 1
-0.381769 0.131731 0.930313 1
-0.393852 0.170697 0.923234 1
-0.408425 0.219792 0.933706 1
-0.375313 0.219554 0.918619 1
-0.387022 0.183152 0.918880 1
-0.375358 0.254382 0.918729 1
-0.383440 0.100284 0.934385 1
-0.399571 0.142764 0.936639 1
-0.393971 0.119462 0.939401 1
-0.392749 0.191808 0.920647 1
-0.353021 0.279865 0.943174 1
-0.381772 0.189644 0.918212 1
-0.368984 0.137003 0.931928 1
-0.359861 0.163573 0.930074 1
-0.352295 0.160134 0.959737 1
-0.392956 0.258371 0.921134 1
-0.364163 0.099782 0.945600 1
-0.357106 0.138540 0.954087 1
-0.376632 0.149484 0.925934 1
-0.346938 0.236122 0.945142 1
-0.390750 0.196620 0.919853 1
-0.366300 0.164376 0.925150 1
-0.366502 0.113097 0.942842 1
-0.349825 0.274187 0.953007 1
-0.351485 0.270178 0.939071 1
-0.381295 0.120365 0.933260 1
-0.367217 0.268959 0.923259 1
-0.370718 0.223094 0.919552 1
-0.350289 0.215238 0.935875 1
-0.366146 0.165975 0.924761 1
-0.379963 0.091831 0.934123 1
-0.366395 0.211861 0.921193 1
-0.376821 0.197934 0.918255 1
-0.396941 0.205544 0.922672 1
-0.355900 0.230288 0.928493 1
-0.359999 0.133617 0.943627 1
-0.386596 0.136692 0.929813 1
-0.348423 0.261953 0.939950 1
-0.387190 0.254534 0.919278 1
-0.368101 0.175326 0.921304 1
-0.353496 0.154709 0.958300 1
-0.378491 0.206224 0.918288 1
-0.383460 0.204567 0.918286 1
-0.346120 0.255081 0.952274 1
-0.347636 0.187842 0.942412 1
-0.381834 0.224462 0.918361 1
-0.362278 0.250680 0.923406 1
-0.373248 0.283068 0.925827 1
-0.361033 0.152324 0.933103 1
-0.368764 0.125734 0.935636 1
-0.367481 0.138751 0.932380 1
-0.352597 0.271423 0.937522 1
-0.352786 0.166664 0.938025 1
-0.378581 0.257634 0.918507 1
-0.367790 0.111271 0.941784 1
-0.368121 0.132254 0.934005 1
-0.367207 0.099222 0.940292 1
-0.401580 0.196198 0.925692 1
-0.360958 0.250920 0.924292 1
-0.347460 0.193226 0.960727 1
-0.374083 0.105738 0.985203 1
-0.381425 0.134966 0.929475 1
-0.392759 0.195134 0.920672 1
-0.362272 0.123599 0.945117 1
-0.378865 0.159040 0.923235 1
-0.396960 0.271604 0.926602 1
-0.371295 0.279514 0.925122 1
-0.382656 0.123627 0.932473 1
-0.546663 0.431047 1.393381 1
-0.361258 0.161770 0.929350 1
-0.401573 0.194525 0.925675 1
-0.385382 0.254435 0.918921 1
-0.362253 0.194034 0.923341 1
-0.385540 0.130193 0.931315 1
-0.347043 0.188444 0.945429 1
-0.351373 0.203072 0.934268 1
-0.391702 0.278116 0.926024 1
-0.366391 0.206874 0.921183 1
-0.399163 0.179165 0.923963 1
-0.387015 0.179833 0.918862 1
-0.390874 0.236516 0.920144 1
-0.348715 0.263869 0.940737 1
-0.354735 0.262487 0.929830 1
-0.365006 0.255255 0.921881 1
-0.402384 0.263516 0.927546 1
-0.366589 0.263511 0.921679 1
-0.347341 0.203554 0.960397 1
-0.361768 0.121162 0.952770 1
-0.348427 0.258565 0.939961 1
-0.400668 0.149302 0.935257 1
-0.355508 0.147489 0.945263 1
-0.380765 0.266286 0.919779 1
-0.357107 0.189844 0.927279 1
-0.374168 0.143138 0.928108 1
-0.396795 0.166236 0.926215 1
-0.540648 0.440480 1.423875 1
-0.378695 0.160633 0.922822 1
-0.346964 0.224206 0.945214 1
-0.357107 0.208243 0.927279 1
-0.354617 0.249743 0.985432 1
-0.366859 0.278278 0.926561 1
-0.368423 0.095705 0.939069 1
-0.383444 0.101971 0.934395 1
-0.426015 0.160978 0.986117 1
-0.401601 0.201218 0.925742 1
-0.353508 0.220838 0.931016 1
-0.358408 0.272793 0.930656 1
-0.362382 0.139378 0.936589 1
-0.357108 0.253404 0.927281 1
-0.408897 0.255455 0.934785 1
-0.358149 0.280620 0.934359 1
-0.389246 0.175119 0.920218 1
-0.365099 0.162916 0.926336 1
-0.378558 0.244365 0.918451 1
-0.561521 0.407192 1.316269 1
-0.363570 0.193848 0.922457 1
-0.363600 0.260427 0.922533 1
-0.380237 0.257633 0.918505 1
-0.363566 0.185527 0.922447 1
-0.354690 0.259099 0.929710 1
-0.348484 0.209430 0.940116 1
-0.378456 0.186329 0.918203 1
-0.346436 0.194175 0.948435 1
-0.369241 0.209928 0.920004 1
-0.382491 0.171747 0.919940 1
-0.373285 0.136731 0.930080 1
-0.408313 0.211312 0.933450 1
-0.367863 0.261573 0.920708 1
-0.352606 0.155284 0.951235 1
-0.431416 0.182351 0.986267 1
-0.347122 0.222470 0.959794 1
-0.359933 0.130335 0.957029 1
-0.375317 0.222871 0.918629 1
-0.393562 0.121031 0.938425 1
-0.383521 0.231107 0.918434 1
-0.357107 0.221624 0.927280 1
-0.405792 0.173911 0.931528 1
-0.396834 0.180530 0.922423 1
-0.360927 0.180880 0.924211 1
-0.349355 0.225854 0.937899 1
-0.378331 0.098585 0.934255 1
-0.366435 0.258416 0.921294 1
-0.379129 0.108926 0.936226 1
-0.549145 0.429603 1.380665 1
-0.346091 0.261930 0.952193 1
-0.356384 0.283583 0.938589 1
-0.389437 0.173545 0.920671 1
-0.377828 0.089150 0.941399 1
-0.357957 0.269096 0.929485 1
-0.562279 0.408392 1.312496 1
-0.351371 0.206441 0.934264 1
-0.408290 0.209617 0.933399 1
-0.347549 0.245579 0.942176 1
-0.372159 0.273915 0.923125 1
-0.394985 0.261938 0.921992 1
-0.375228 0.096969 0.934922 1
-0.366372 0.185263 0.921136 1
-0.350290 0.211862 0.935879 1
-0.354761 0.152284 0.943279 1
-0.396855 0.185532 0.922473 1
-0.349386 0.198803 0.937984 1
-0.346172 0.243093 0.952415 1
-0.370525 0.285212 0.927372 1
-0.374071 0.096850 0.985172 1
-0.387282 0.105469 0.935522 1
-0.386330 0.123727 0.933224 1
-0.354689 0.249037 0.929710 1
-0.347123 0.175704 0.950316 1
-0.422420 0.150292 0.986030 1
-0.404504 0.196808 0.928571 1
-0.388992 0.251310 0.919617 1
-0.367947 0.176914 0.920919 1
-0.379986 0.105318 0.934181 1
-0.352365 0.169845 0.936907 1
-0.370742 0.241355 0.919610 1
-0.380397 0.144634 0.926969 1
-0.385349 0.131808 0.930852 1
-0.408785 0.246956 0.934528 1
-0.352459 0.179174 0.932683 1
-0.353495 0.247698 0.930981 1
-0.349331 0.246139 0.937835 1
-0.397293 0.089769 0.985470 1
-0.350284 0.223676 0.935863 1
-0.349310 0.172530 0.942344 1
-0.385324 0.229537 0.918782 1
-0.408964 0.260557 0.934940 1
-0.375507 0.113918 0.935616 1
-0.404646 0.218660 0.928898 1
-0.374122 0.277467 0.923862 1
-0.370545 0.135278 0.931626 1
-0.396877 0.190534 0.922523 1
-0.376876 0.229439 0.918389 1
-0.348479 0.214514 0.940100 1
-0.357593 0.139112 0.946270 1
-0.371488 0.125514 0.933999 1
-0.376517 0.271790 0.921564 1
-0.354689 0.218851 0.929709 1
-0.362277 0.247348 0.923402 1
-0.367804 0.193450 0.920560 1
-0.363432 0.157280 0.985233 1
-0.369243 0.211588 0.920007 1
-0.395846 0.277009 0.927908 1
-0.359615 0.204422 0.925126 1
-0.356571 0.267638 0.930243 1
-0.399235 0.195867 0.924129 1
-0.351797 0.158352 0.949053 1
-0.373783 0.221286 0.918931 1
-0.373689 0.147971 0.926921 1
-0.357107 0.214933 0.927279 1
-0.401758 0.228025 0.926102 1
-0.364950 0.190373 0.921740 1
-0.347353 0.176664 0.946272 1
-0.354689 0.183633 0.929708 1
-0.557794 0.415635 1.335774 1
-0.347006 0.205475 0.945327 1
-0.350292 0.208487 0.935884 1
-0.361821 0.126850 0.943940 1
-0.354852 0.146924 0.952659 1
-0.380263 0.130112 0.930733 1
-0.357107 0.201552 0.927279 1
-0.365256 0.161315 0.926736 1
-0.387928 0.156005 0.924991 1
-0.367002 0.143609 0.931165 1
-0.360607 0.168172 0.927677 1
-0.378552 0.241047 0.918437 1
-0.375933 0.125311 0.932487 1
-0.378462 0.189645 0.918217 1
-0.347594 0.206517 0.942300 1
-0.357289 0.146819 0.940973 1
-0.364949 0.188709 0.921737 1
-0.352845 0.265265 0.933705 1
-0.363490 0.129636 0.939452 1
-0.355899 0.186743 0.928492 1
-0.353514 0.209086 0.931032 1
-0.399076 0.144275 0.935479 1
-0.392780 0.201788 0.920720 1
-0.364980 0.225307 0.921816 1
-0.359396 0.132319 0.946522 1
-0.383487 0.216177 0.918351 1
-0.392884 0.235066 0.920963 1
-0.371568 0.110878 0.938456 1
-0.364946 0.185383 0.921730 1
-0.388847 0.189863 0.919274 1
-0.357733 0.143603 0.942143 1
-0.394511 0.271070 0.924779 1
-0.390755 0.164134 0.923786 1
-0.399443 0.244336 0.924612 1
-0.348469 0.222986 0.940073 1
-0.346443 0.190758 0.948456 1
-0.357107 0.226642 0.927280 1
-0.560802 0.410778 1.320164 1
-0.390792 0.209916 0.919950 1
-0.367860 0.258249 0.920701 1
-0.381799 0.204565 0.918276 1
-0.373822 0.251149 0.919026 1
-0.395503 0.087988 0.985439 1
-0.401551 0.189505 0.925625 1
-0.378514 0.219489 0.918345 1
-0.354214 0.172480 0.932875 1
-0.353435 0.152209 0.953471 1
-0.355900 0.203491 0.928492 1
-0.350581 0.264414 0.936655 1
-0.374371 0.110706 0.936996 1
-0.408044 0.190981 0.932835 1
-0.394944 0.248607 0.921894 1
-0.381793 0.201249 0.918262 1
-0.401649 0.211263 0.925852 1
-0.363595 0.248775 0.922520 1
-0.354541 0.153889 0.942692 1
-0.349315 0.259660 0.937793 1
-0.382114 0.128491 0.931153 1
-0.355900 0.191767 0.928492 1
-0.408537 0.228276 0.933963 1
-0.354615 0.247964 0.985426 1
-0.378459 0.187987 0.918210 1
-0.353497 0.242662 0.930988 1
-0.353174 0.275255 0.939057 1
-0.359624 0.222783 0.925147 1
-0.381899 0.260950 0.918517 1
-0.346931 0.239527 0.945122 1
-0.358312 0.236369 0.926070 1
-0.347380 0.200112 0.960507 1
-0.392774 0.272690 0.924615 1
-0.357067 0.148425 0.940389 1
-0.431569 0.282077 0.986615 1
-0.369392 0.263140 0.920381 1
-0.357108 0.261768 0.927281 1
-0.374875 0.167073 0.921615 1
-0.395649 0.172420 0.923542 1
-0.381647 0.091831 0.934121 1
-0.392725 0.178511 0.920591 1
-0.346338 0.238588 0.948167 1
-0.382430 0.279116 0.923803 1
-0.354689 0.207112 0.929709 1
-0.357108 0.245041 0.927280 1
-0.404548 0.203530 0.928671 1
-0.374076 0.128615 0.932049 1
-0.355900 0.247037 0.928494 1
-0.360941 0.210896 0.924246 1
-0.431588 0.294547 0.986659 1
-0.360960 0.254256 0.924295 1
-0.359609 0.189400 0.925108 1
-0.351234 0.161516 0.947534 1
-0.361863 0.269935 0.926609 1
-0.400515 0.171410 0.927091 1
-0.352451 0.194311 0.932663 1
-0.368983 0.151442 0.927699 1
-0.385734 0.159126 0.923734 1
-0.372301 0.261191 0.919365 1
-0.354689 0.195372 0.929709 1
-0.383475 0.211201 0.918323 1
-0.367837 0.231663 0.920643 1
-0.406562 0.172557 0.933296 1
-0.353004 0.165074 0.938606 1
-0.354689 0.188664 0.929708 1
-0.390375 0.270515 0.922887 1
-0.395173 0.175540 0.922429 1
-0.366431 0.253427 0.921283 1
-0.417026 0.132488 0.985893 1
-0.362266 0.224022 0.923375 1
-0.368282 0.130626 0.934412 1
-0.346717 0.177211 0.949204 1
-0.355900 0.205166 0.928492 1
-0.351516 0.159935 0.948293 1
-0.397176 0.260621 0.923219 1
-0.365033 0.106362 0.943441 1
-0.385287 0.105385 0.934776 1
-0.388898 0.211448 0.919395 1
-0.404526 0.200169 0.928621 1
-0.363595 0.250440 0.922522 1
-0.367787 0.122596 0.937448 1
-0.378666 0.176490 0.918712 1
-0.347539 0.186337 0.960946 1
-0.399170 0.180835 0.923980 1
-0.364165 0.098077 0.945605 1
-0.351368 0.213180 0.934255 1
-0.372152 0.133572 0.931443 1
-0.360875 0.142829 0.937064 1
-0.367637 0.272601 0.924315 1
-0.346766 0.253373 0.958808 1
-0.358312 0.206301 0.926069 1
-0.370110 0.125618 0.934773 1
-0.362288 0.273598 0.927696 1
-0.363453 0.096636 0.948199 1
-0.394329 0.129191 0.936229 1
-0.358166 0.135915 0.947785 1
-0.388425 0.109165 0.938283 1
-0.388945 0.231376 0.919506 1
-0.366615 0.134004 0.934459 1
-0.350291 0.210175 0.935881 1
-0.375827 0.110637 0.936412 1
-0.374120 0.264622 0.919760 1
-0.359607 0.184392 0.925103 1
-0.379344 0.268114 0.920357 1
-0.354689 0.202080 0.929709 1
-0.364967 0.210334 0.921784 1
-0.377876 0.152652 0.924891 1
-0.385281 0.211283 0.918680 1
-0.360361 0.268389 0.927043 1
-0.374085 0.107516 0.985209 1
-0.371089 0.159277 0.924609 1
-0.347063 0.227625 0.959630 1
-0.346113 0.256794 0.952253 1
-0.367823 0.215048 0.920607 1
-0.393400 0.173828 0.922175 1
-0.547488 0.429722 1.389098 1
-0.377009 0.176490 0.918712 1
-0.350283 0.227051 0.935859 1
-0.351343 0.262033 0.934190 1
-0.383174 0.165405 0.921584 1
-0.356361 0.142715 0.947533 1
-0.401652 0.177863 0.925858 1
-0.362087 0.283116 0.931483 1
-0.367470 0.089109 0.940964 1
-0.363564 0.180534 0.922442 1
-0.358312 0.226346 0.926070 1
-0.365158 0.124544 0.939385 1
-0.347361 0.201833 0.960452 1
-0.380228 0.252657 0.918484 1
-0.389635 0.171971 0.921139 1
-0.363592 0.243782 0.922514 1
-0.353349 0.269018 0.935039 1
-0.358463 0.165380 0.930799 1
-0.367838 0.233324 0.920647 1
-0.377332 0.126898 0.931788 1
-0.380114 0.187987 0.918208 1
-0.366762 0.159571 0.926318 1
-0.346237 0.227675 0.952596 1
-0.366365 0.150067 0.929549 1
-0.353476 0.169567 0.935374 1
-0.349351 0.229235 0.937888 1
-0.369224 0.190005 0.919961 1
-0.379580 0.269942 0.920930 1
-0.388656 0.272142 0.922759 1
-0.346458 0.183922 0.948497 1
-0.375081 0.149531 0.926230 1
-0.351350 0.164190 0.943256 1
-0.350275 0.242239 0.935839 1
-0.359619 0.212768 0.925135 1
-0.404449 0.188408 0.928445 1
-0.378526 0.226122 0.918373 1
-0.395940 0.158208 0.928127 1
-0.376133 0.303218 0.985917 1
-0.369225 0.191665 0.919964 1
-0.357108 0.240023 0.927280 1
-0.391688 0.095595 0.937991 1
-0.361928 0.155352 0.931076 1
-0.399300 0.210904 0.924279 1
-0.398071 0.266215 0.925299 1
-0.372310 0.131947 0.931838 1
-0.357025 0.142299 0.944767 1
-0.351325 0.274765 0.943189 1
-0.367742 0.164275 0.924581 1
-0.401790 0.233055 0.926178 1
-0.385830 0.173416 0.919990 1
-0.362975 0.171057 0.925182 1
-0.372259 0.227998 0.919260 1
-0.351384 0.179484 0.934299 1
-0.372255 0.224679 0.919249 1
-0.346330 0.242004 0.948146 1
-0.350293 0.206799 0.935886 1
-0.349992 0.165155 0.948800 1
-0.367545 0.151539 0.928295 1
-0.392842 0.221752 0.920866 1
-0.380208 0.241047 0.918434 1
-0.373785 0.222945 0.918936 1
-0.348443 0.245012 0.940003 1
-0.349003 0.271447 0.955464 1
-0.365035 0.104660 0.943447 1
-0.354689 0.217174 0.929709 1
-0.395113 0.089219 0.942125 1
-0.346300 0.255664 0.948064 1
-0.367207 0.104311 0.940292 1
-0.379885 0.149449 0.925721 1
-0.369662 0.102355 0.937914 1
-0.369245 0.214909 0.920015 1
-0.364964 0.207007 0.921776 1
-0.363585 0.115492 0.948543 1
-0.401623 0.206239 0.925792 1
-0.355900 0.198466 0.928492 1
-0.359630 0.237807 0.925164 1
-0.367386 0.153147 0.927893 1
-0.373830 0.257785 0.919047 1
-0.375352 0.162292 0.922789 1
-0.367793 0.178500 0.920534 1
-0.381846 0.231095 0.918389 1
-0.373759 0.131866 0.931261 1
-0.394730 0.180329 0.921395 1
-0.377202 0.277281 0.923241 1
-0.353789 0.279129 0.940694 1
-0.372336 0.098783 0.936130 1
-0.372329 0.090338 0.936112 1
-0.399214 0.190856 0.924080 1
-0.393208 0.161123 0.925637 1
-0.353661 0.160292 0.940353 1
-0.429797 0.294540 0.986634 1
-0.366419 0.240125 0.921254 1
-0.347938 0.172680 0.952548 1
-0.361812 0.287138 0.985662 1
-0.372655 0.143200 0.928510 1
-0.400225 0.172957 0.926420 1
-0.361480 0.172809 0.925628 1
-0.384305 0.155889 0.924303 1
-0.378488 0.204566 0.918281 1
-0.373781 0.095344 0.935520 1
-0.384406 0.170202 0.920554 1
-0.354768 0.167693 0.934334 1
-0.365340 0.146976 0.931211 1
-0.372216 0.194812 0.919154 1
-0.360295 0.171370 0.926874 1
-0.347563 0.233691 0.942214 1
-0.399257 0.200879 0.924179 1
-0.346905 0.241363 0.959191 1
-0.388929 0.224733 0.919469 1
-0.408335 0.213008 0.933501 1
-0.388976 0.244665 0.919580 1
-0.394928 0.243608 0.921858 1
-0.394739 0.127635 0.937200 1
-0.351849 0.167022 0.940043 1
-0.376923 0.255976 0.918503 1
-0.378532 0.229438 0.918387 1
-0.385366 0.247795 0.918884 1
-0.349343 0.235997 0.937867 1
-0.383908 0.128529 0.931430 1
-0.355900 0.188417 0.928492 1
-0.428007 0.294533 0.986609 1
-0.367834 0.228339 0.920636 1
-0.347083 0.225907 0.959684 1
-0.393645 0.145204 0.930619 1
-0.359828 0.176157 0.925674 1
-0.358521 0.133263 0.953274 1
-0.358531 0.176340 0.926636 1
-0.359586 0.144681 0.938111 1
-0.355900 0.211865 0.928493 1
-0.390843 0.226540 0.920071 1
-0.556242 0.415667 1.343665 1
-0.376897 0.162240 0.922495 1
-0.361631 0.136353 0.939026 1
-0.428004 0.292751 0.986603 1
-0.398592 0.156920 0.930411 1
-0.372205 0.186517 0.919128 1
-0.362891 0.158398 0.929239 1
-0.360938 0.204226 0.924238 1
-0.380134 0.199591 0.918257 1
-0.394844 0.216957 0.921663 1
-0.358482 0.144918 0.939652 1
-0.347321 0.205274 0.960342 1
-0.385331 0.232856 0.918800 1
-0.349341 0.237687 0.937862 1
-0.398510 0.169596 0.926318 1
-0.376038 0.089039 0.958478 1
-0.358312 0.241380 0.926070 1
-0.385355 0.242815 0.918856 1
-0.356617 0.277369 0.934763 1
-0.370702 0.133654 0.932021 1
-0.363918 0.161462 0.927584 1
-0.363136 0.091857 0.951851 1
-0.375237 0.107090 0.934944 1
-0.404405 0.181689 0.928344 1
-0.348483 0.211124 0.940110 1
-0.369649 0.159375 0.925178 1
-0.366917 0.157967 0.926708 1
-0.367794 0.181821 0.920535 1
-0.392832 0.218424 0.920842 1
-0.402527 0.154428 0.935655 1
-0.372382 0.262906 0.919563 1
-0.357107 0.186499 0.927279 1
-0.374100 0.118183 0.985246 1
-0.365209 0.150171 0.985233 1
-0.361632 0.279405 0.930314 1
-0.354814 0.158354 0.938915 1
-0.401899 0.249829 0.926428 1
-0.370693 0.203176 0.919488 1
-0.352453 0.190947 0.932667 1
-0.354622 0.253301 0.985444 1
-0.370765 0.259618 0.919668 1
-0.360529 0.136577 0.940571 1
-0.392723 0.183492 0.920587 1
-0.364636 0.119845 0.942414 1
-0.373468 0.271991 0.922245 1
-0.366117 0.116376 0.941852 1
-0.367828 0.221693 0.920622 1
-0.369254 0.274232 0.924190 1
-0.383560 0.247699 0.918527 1
-0.386334 0.109053 0.937316 1
-0.354689 0.197049 0.929709 1
-0.372437 0.115700 0.936383 1
-0.368995 0.111123 0.940525 1
-0.377681 0.170164 0.920352 1
-0.394771 0.193646 0.921492 1
-0.359617 0.207760 0.925130 1
-0.347909 0.173527 0.947787 1
-0.380300 0.113837 0.934952 1
-0.393843 0.267280 0.923212 1
-0.349769 0.165861 0.952856 1
-0.357108 0.251732 0.927280 1
-0.379814 0.284652 0.925548 1
-0.394949 0.250273 0.921906 1
-0.346687 0.260231 0.958589 1
-0.359635 0.247823 0.925175 1
-0.376309 0.282858 0.925141 1
-0.351344 0.279185 0.952465 1
-0.384875 0.151111 0.925675 1
-0.385073 0.303256 0.986042 1
-0.355916 0.150351 0.941832 1
-0.552357 0.424417 1.363996 1
-0.347010 0.203772 0.945337 1
-0.352435 0.226265 0.932621 1
-0.404745 0.233797 0.929125 1
-0.363417 0.121707 0.943664 1
-0.372522 0.089025 0.958328 1
-0.372783 0.127066 0.933023 1
-0.354098 0.266625 0.932569 1
-0.367207 0.107703 0.940292 1
-0.376885 0.234414 0.918411 1
-0.351189 0.160568 0.952044 1
-0.360473 0.279808 0.931656 1
-0.392789 0.149913 0.928594 1
-0.349335 0.242758 0.937846 1
-0.372278 0.242934 0.919307 1
-0.362010 0.133105 0.940011 1
-0.346216 0.232815 0.952535 1
-0.553912 0.419408 1.355759 1
-0.385258 0.201328 0.918625 1
-0.352755 0.156306 0.947028 1
-0.560035 0.409578 1.323982 1
-0.362349 0.177426 0.923588 1
-0.368503 0.141861 0.930714 1
-0.376311 0.152694 0.925145 1
-0.381763 0.184671 0.918191 1
-0.397291 0.087991 0.985464 1
-0.379419 0.087968 0.985215 1
-0.346953 0.229313 0.945183 1
-0.392826 0.216761 0.920830 1
-0.373740 0.188113 0.918826 1
-0.362260 0.210694 0.923360 1
-0.357546 0.152992 0.937197 1
-0.364808 0.127810 0.938483 1
-0.378465 0.191303 0.918224 1
-0.387135 0.231286 0.919148 1
-0.540657 0.443056 1.423900 1
-0.365043 0.097855 0.943468 1
-0.373826 0.254467 0.919036 1
-0.386898 0.284951 0.926521 1
-0.420620 0.143171 0.985980 1
-0.352439 0.219538 0.932630 1
-0.371157 0.173539 0.920639 1
-0.358366 0.177930 0.926208 1
-0.386880 0.149571 0.926477 1
-0.346927 0.241229 0.945112 1
-0.347519 0.188059 0.960892 1
-0.346865 0.244795 0.959082 1
-0.363585 0.227137 0.922495 1
-0.360958 0.249253 0.924290 1
-0.381253 0.136581 0.929056 1
-0.387287 0.107158 0.935534 1
-0.394532 0.165987 0.924828 1
-0.350114 0.167816 0.944510 1
-0.365188 0.135786 0.935122 1
-0.358312 0.223005 0.926070 1
-0.376925 0.257635 0.918510 1
-0.388383 0.270288 0.922110 1
-0.370778 0.162476 0.923833 1
-0.350274 0.245613 0.935834 1
-0.390848 0.228202 0.920083 1
-0.352446 0.204402 0.932650 1
-0.386080 0.279345 0.924563 1
-0.390044 0.268623 0.922106 1
-0.350285 0.221988 0.935866 1
-0.378019 0.166993 0.921174 1
-0.381784 0.196275 0.918241 1
-0.346267 0.220820 0.952676 1
-0.370706 0.213135 0.919520 1
-0.367820 0.211725 0.920600 1
-0.377758 0.138204 0.928703 1
-0.359631 0.239476 0.925166 1
-0.363577 0.210492 0.922476 1
-0.387443 0.175054 0.919878 1
-0.387236 0.090271 0.935412 1
-0.346223 0.231102 0.952556 1
-0.391339 0.132130 0.933125 1
-0.365350 0.122913 0.939877 1
-0.371471 0.170362 0.921420 1
-0.360451 0.169772 0.927275 1
-0.393107 0.274591 0.925401 1
-0.390626 0.283559 0.927436 1
-0.378511 0.217830 0.918337 1
-0.378329 0.096899 0.934250 1
-0.542411 0.437757 1.415073 1
-0.387824 0.171905 0.920783 1
-0.346413 0.204427 0.948373 1
-0.388902 0.213108 0.919404 1
-0.376928 0.259294 0.918517 1
-0.361821 0.134730 0.939518 1
-0.350287 0.218613 0.935870 1
-0.381283 0.089164 0.941544 1
-0.346432 0.195884 0.948425 1
-0.367280 0.281944 0.927624 1
-0.375289 0.131813 0.930890 1
-0.422646 0.301636 0.986559 1
-0.346319 0.247127 0.948115 1
-0.394891 0.231947 0.921772 1
-0.394729 0.282428 0.929218 1
-0.346334 0.240296 0.948157 1
-0.369603 0.264951 0.920905 1
-0.374869 0.120464 0.934027 1
-0.365392 0.265513 0.922857 1
-0.369248 0.120829 0.936863 1
-0.370740 0.148129 0.927909 1
-0.347032 0.193554 0.945399 1
-0.373820 0.249489 0.919021 1
-0.349408 0.180203 0.938043 1
-0.366106 0.104480 0.941823 1
-0.385297 0.217920 0.918717 1
-0.372240 0.213064 0.919212 1
-0.374774 0.270070 0.921368 1
-0.397861 0.275571 0.928704 1
-0.401823 0.238086 0.926253 1
-0.361090 0.163370 0.928920 1
-0.374076 0.100405 0.985184 1
-0.346782 0.264174 0.954094 1
-0.349323 0.252900 0.937814 1
-0.367814 0.205079 0.920586 1
-0.387050 0.194768 0.918945 1
-0.356066 0.156466 0.937753 1
-0.370896 0.146517 0.928300 1
-0.387163 0.242909 0.919213 1
-0.354959 0.264331 0.930416 1
-0.369250 0.219890 0.920025 1
-0.406230 0.088002 0.985588 1
-0.383547 0.162238 0.922481 1
-0.395081 0.150147 0.930047 1
-0.346984 0.234495 0.959410 1
-0.387026 0.184811 0.918889 1
-0.347624 0.265629 0.947011 1
-0.350271 0.250676 0.935827 1
-0.364651 0.271194 0.925201 1
-0.426214 0.292744 0.986578 1
-0.375339 0.239455 0.918682 1
-0.368424 0.100787 0.939070 1
-0.352440 0.216175 0.932634 1
-0.352455 0.185901 0.932674 1
-0.372332 0.093716 0.936119 1
-0.347621 0.194634 0.942371 1
-0.362268 0.229020 0.923381 1
-0.359398 0.146296 0.937620 1
-0.376850 0.214515 0.918326 1
-0.390530 0.165705 0.923255 1
-0.380528 0.277278 0.923231 1
-0.373730 0.179821 0.918800 1
-0.381239 0.269941 0.920925 1
-0.381980 0.176489 0.918711 1
-0.352429 0.238037 0.932605 1
-0.346515 0.177987 0.953360 1
-0.359694 0.165174 0.929643 1
-0.397027 0.225564 0.922871 1
-0.378470 0.194618 0.918238 1
-0.383252 0.149460 0.925788 1
-0.350367 0.163619 0.949815 1
-0.379440 0.121993 0.932838 1
-0.394932 0.107863 0.941692 1
-0.353512 0.214122 0.931025 1
-0.397169 0.258951 0.923202 1
-0.369732 0.115912 0.938093 1
-0.360955 0.242582 0.924282 1
-0.378357 0.163816 0.921997 1
-0.366378 0.191912 0.921150 1
-0.354689 0.208789 0.929709 1
-0.350527 0.276460 0.954918 1
-0.371292 0.266632 0.920974 1
-0.378578 0.255975 0.918500 1
-0.359090 0.131124 0.950231 1
-0.391405 0.173681 0.921392 1
-0.359023 0.149523 0.936641 1
-0.369218 0.183364 0.919947 1
-0.359610 0.191069 0.925110 1
-0.371000 0.105638 0.937021 1
-0.389925 0.089199 0.941908 1
-0.350296 0.200049 0.935895 1
-0.389429 0.159274 0.924593 1
-0.393932 0.143630 0.931296 1
-0.347617 0.196331 0.942361 1
-0.392107 0.154669 0.926982 1
-0.391037 0.120774 0.936434 1
-0.357108 0.260095 0.927281 1
-0.365541 0.121282 0.940370 1
-0.397012 0.222227 0.922838 1
-0.376953 0.146268 0.926723 1
-0.360572 0.270220 0.927586 1
-0.351361 0.226657 0.934237 1
-0.376686 0.133392 0.930193 1
-0.348457 0.233152 0.940041 1
-0.373033 0.268351 0.921171 1
-0.349368 0.214020 0.937936 1
-0.373917 0.130241 0.931655 1
-0.353522 0.193975 0.931052 1
-0.376364 0.136631 0.929398 1
-0.356235 0.175184 0.929366 1
-0.364947 0.187046 0.921733 1
-0.404580 0.208573 0.928747 1
-0.383926 0.159067 0.923391 1
-0.366375 0.188588 0.921143 1
-0.353330 0.281812 0.943999 1
-0.372246 0.218042 0.919228 1
-0.351346 0.256980 0.934197 1
-0.374102 0.119961 0.985252 1
-0.370746 0.244676 0.919620 1
-0.367833 0.226678 0.920632 1
-0.353526 0.185580 0.931063 1
-0.355900 0.242012 0.928493 1
-0.397126 0.248932 0.923103 1
-0.375350 0.247747 0.918708 1
-0.379339 0.280961 0.924390 1
-0.393640 0.132337 0.934592 1
-0.379969 0.095203 0.934138 1
-0.355900 0.206841 0.928492 1
-0.373734 0.183138 0.918810 1
-0.375561 0.144704 0.927415 1
-0.397005 0.220558 0.922821 1
-0.377437 0.279120 0.923818 1
-0.369270 0.243137 0.920076 1
-0.355433 0.144743 0.949619 1
-0.375304 0.178125 0.918597 1
-0.352437 0.222902 0.932625 1
-0.353097 0.267140 0.934372 1
-0.363871 0.126379 0.940437 1
-0.348496 0.199262 0.940148 1
-0.381872 0.246022 0.918453 1
-0.369664 0.105739 0.937918 1
-0.358315 0.258087 0.926076 1
-0.352943 0.159037 0.942967 1
-0.399429 0.240992 0.924578 1
-0.366107 0.102782 0.941825 1
-0.353709 0.154268 0.945012 1
-0.391695 0.097289 0.938007 1
-0.361344 0.122737 0.951652 1
-0.383422 0.186328 0.918196 1
-0.354030 0.174072 0.932390 1
-0.350282 0.228738 0.935857 1
-0.364126 0.134330 0.936729 1
-0.375341 0.241113 0.918687 1
-0.366048 0.153288 0.928744 1
-0.357696 0.276899 0.933179 1
-0.358665 0.265027 0.926982 1
-0.370669 0.184920 0.919431 1
-0.375869 0.279193 0.924060 1
-0.363837 0.148728 0.931663 1
-0.359604 0.179385 0.925097 1
-0.394771 0.094236 0.941309 1
-0.395177 0.284427 0.930274 1
-0.386108 0.110679 0.936769 1
-0.355254 0.155159 0.940079 1
-0.395627 0.286430 0.931332 1
-0.362283 0.260677 0.923417 1
-0.431580 0.289203 0.986640 1
-0.408223 0.204532 0.933245 1
-0.429597 0.162766 0.986173 1
-0.388866 0.198164 0.919321 1
-0.365039 0.101258 0.943457 1
-0.387034 0.188130 0.918908 1
-0.352924 0.174356 0.933913 1
-0.376847 0.212856 0.918319 1
-0.348451 0.238235 0.940025 1
-0.390114 0.089095 0.959079 1
-0.363365 0.271480 0.926176 1
-0.427810 0.164542 0.986155 1
-0.375463 0.176542 0.918985 1
-0.359633 0.244484 0.925172 1
-0.407887 0.179134 0.932476 1
-0.356128 0.281688 0.937916 1
-0.427799 0.157423 0.986130 1
-0.350305 0.181484 0.935919 1
-0.385285 0.212942 0.918689 1
-0.387089 0.211365 0.919037 1
-0.358635 0.284376 0.935627 1
-0.366683 0.146841 0.930356 1
-0.357108 0.243368 0.927280 1
-0.398221 0.171143 0.925648 1
-0.363434 0.105182 0.948149 1
-0.402001 0.271078 0.930533 1
-0.347555 0.240484 0.942193 1
-0.355619 0.277906 0.936574 1
-0.365011 0.261910 0.921895 1
-0.349359 0.222473 0.937910 1
-0.401322 0.168405 0.928961 1
-0.364827 0.118207 0.942909 1
-0.357308 0.140706 0.945515 1
-0.355900 0.223589 0.928493 1
-0.360946 0.222569 0.924259 1
-0.422649 0.303417 0.986565 1
-0.369244 0.213249 0.920011 1
-0.364983 0.228634 0.921823 1
-0.394907 0.236944 0.921809 1
-0.373173 0.168717 0.921517 1
-0.377217 0.159047 0.923279 1
-0.354689 0.227236 0.929709 1
-0.364169 0.112250 0.950065 1
-0.353846 0.264754 0.931905 1
-0.390735 0.191634 0.919816 1
-0.346923 0.242931 0.945101 1
-0.346346 0.235173 0.948187 1
-0.390781 0.206591 0.919925 1
-0.357909 0.137126 0.956233 1
-0.350301 0.189922 0.935908 1
-0.394751 0.186987 0.921444 1
-0.355899 0.183393 0.928492 1
-0.401660 0.212938 0.925877 1
-0.358316 0.261429 0.926080 1
-0.399451 0.246008 0.924628 1
-0.372199 0.181540 0.919112 1
-0.429800 0.296322 0.986640 1
-0.355126 0.146329 0.948798 1
-0.353845 0.166366 0.936351 1
-0.394850 0.218622 0.921675 1
-0.404138 0.168881 0.931589 1
-0.352434 0.229629 0.932616 1
-0.359615 0.202753 0.925124 1
-0.373736 0.184796 0.918815 1
-0.354689 0.228913 0.929709 1
-0.381796 0.202907 0.918269 1
-0.388771 0.149656 0.927003 1
-0.358088 0.157559 0.934201 1
-0.378476 0.197934 0.918252 1
-0.364941 0.164516 0.925935 1
-0.376095 0.123682 0.932888 1
-0.394508 0.153280 0.928697 1
-0.380568 0.143027 0.927386 1
-0.399415 0.153880 0.932332 1
-0.399028 0.279740 0.931429 1
-0.377451 0.266289 0.919789 1
-0.375781 0.173373 0.919763 1
-0.388851 0.191523 0.919284 1
-0.364469 0.169307 0.924737 1
-0.363582 0.220479 0.922487 1
-0.354842 0.147922 0.948039 1
-0.347569 0.228597 0.942230 1
-0.396977 0.213885 0.922755 1
-0.389369 0.100509 0.936483 1
-0.353519 0.199012 0.931045 1
-0.358312 0.197948 0.926069 1
-0.365889 0.154896 0.928342 1
-0.383525 0.232766 0.918444 1
-0.346900 0.253144 0.945040 1
-0.394797 0.201970 0.921553 1
-0.369277 0.251440 0.920094 1
-0.370226 0.110983 0.939345 1
-0.353509 0.219159 0.931019 1
-0.369271 0.244798 0.920079 1
-0.383717 0.130145 0.930967 1
-0.365493 0.088997 0.958027 1
-0.402737 0.273256 0.932235 1
-0.396970 0.212216 0.922738 1
-0.397073 0.177309 0.922978 1
-0.376888 0.236073 0.918418 1
-0.397410 0.273585 0.927651 1
-0.367836 0.230001 0.920640 1
-0.391610 0.117568 0.937806 1
-0.379956 0.117104 0.934105 1
-0.357799 0.171777 0.929074 1
-0.348465 0.226375 0.940062 1
-0.408605 0.233368 0.934117 1
-0.546685 0.433577 1.393437 1
-0.357633 0.173372 0.928644 1
-0.378385 0.147846 0.926137 1
-0.404756 0.235479 0.929150 1
-0.359994 0.285803 0.934776 1
-0.359963 0.141444 0.939093 1
-0.391881 0.156251 0.926448 1
-0.387030 0.186471 0.918899 1
-0.369251 0.221551 0.920029 1
-0.431582 0.290984 0.986646 1
-0.375401 0.146314 0.927020 1
-0.363576 0.207163 0.922472 1
-0.352344 0.269539 0.936851 1
-0.368768 0.139510 0.985246 1
-0.367321 0.140372 0.931974 1
-0.346399 0.189961 0.953039 1
-0.359673 0.177750 0.925274 1
-0.366213 0.126018 0.937746 1
-0.363565 0.183863 0.922445 1
-0.363152 0.269651 0.925634 1
-0.368255 0.173737 0.921690 1
-0.367841 0.236647 0.920654 1
-0.364943 0.182056 0.921722 1
-0.385884 0.112303 0.936224 1
-0.385359 0.244475 0.918865 1
-0.346340 0.203679 0.952878 1
-0.379341 0.170164 0.920352 1
-0.360942 0.214231 0.924250 1
-0.369138 0.149832 0.928090 1
-0.360246 0.277952 0.931069 1
-0.363603 0.164666 0.926782 1
-0.389877 0.156118 0.925658 1
-0.362046 0.125225 0.944528 1
-0.371000 0.175125 0.920250 1
-0.372222 0.199790 0.919170 1
-0.387178 0.249552 0.919250 1
-0.358312 0.217994 0.926069 1
-0.374993 0.271891 0.921905 1
-0.384482 0.123674 0.932823 1
-0.373250 0.270170 0.921708 1
-0.347590 0.209914 0.942289 1
-0.363278 0.142445 0.934547 1
-0.346726 0.256802 0.958699 1
-0.552335 0.421940 1.363943 1
-0.390884 0.239842 0.920168 1
-0.377345 0.173330 0.919531 1
-0.408874 0.253755 0.934734 1
-0.394740 0.183658 0.921419 1
-0.355164 0.173804 0.930954 1
-0.394761 0.190316 0.921468 1
-0.366382 0.196899 0.921161 1
-0.358312 0.186255 0.926069 1
-0.355900 0.240337 0.928493 1
-0.404438 0.186728 0.928420 1
-0.374342 0.301430 0.985886 1
-0.374602 0.154346 0.925047 1
-0.391702 0.098983 0.938024 1
-0.357108 0.255077 0.927281 1
-0.387171 0.246230 0.919232 1
-0.351383 0.182854 0.934295 1
-0.383037 0.120383 0.933403 1
-0.369949 0.127249 0.934365 1
-0.543284 0.436408 1.410713 1
-0.399386 0.230960 0.924479 1
-0.360223 0.131997 0.944215 1
-0.348431 0.255177 0.939971 1
-0.383575 0.254336 0.918564 1
-0.562258 0.406009 1.312447 1
-0.362940 0.267825 0.925092 1
-0.390931 0.254811 0.920277 1
-0.349406 0.181894 0.938037 1
-0.370545 0.132401 0.985246 1
-0.367858 0.256588 0.920697 1
-0.376471 0.151089 0.925539 1
-0.373053 0.154395 0.925342 1
-0.392197 0.127358 0.935170 1
-0.375188 0.117194 0.934821 1
-0.347023 0.231060 0.959520 1
-0.367840 0.234986 0.920650 1
-0.407932 0.182518 0.932579 1
-0.348473 0.219597 0.940084 1
-0.352432 0.232992 0.932612 1
-0.389362 0.098819 0.936466 1
-0.385316 0.226218 0.918764 1
-0.385266 0.273764 0.922613 1
-0.383976 0.277363 0.923514 1
-0.394876 0.226950 0.921736 1
-0.383463 0.206225 0.918296 1
-0.388870 0.199825 0.919330 1
-0.381849 0.232754 0.918396 1
-0.364339 0.143884 0.932947 1
-0.360028 0.161971 0.930505 1
-0.408089 0.194368 0.932937 1
-0.378564 0.247682 0.918465 1
-0.401616 0.278690 0.933539 1
-0.366136 0.138879 0.933238 1
-0.404591 0.210253 0.928772 1
-0.364994 0.241944 0.921852 1
-0.346425 0.199301 0.948404 1
-0.380606 0.126869 0.931574 1
-0.350300 0.193298 0.935904 1
-0.367705 0.149930 0.928697 1
-0.382954 0.282835 0.925068 1
-0.369221 0.186685 0.919954 1
-0.383632 0.146265 0.926705 1
-0.380111 0.186329 0.918200 1
-0.347629 0.262634 0.942394 1
-0.370737 0.238035 0.919599 1
-0.396962 0.210548 0.922722 1
-0.351630 0.162618 0.944008 1
-0.408695 0.240161 0.934323 1
-0.396295 0.278999 0.928961 1
-0.368442 0.128997 0.934820 1
-0.375262 0.179761 0.918492 1
-0.383466 0.178067 0.918302 1
-0.401769 0.229701 0.926127 1
-0.350302 0.188235 0.935910 1
-0.380190 0.162225 0.922409 1
-0.402891 0.173386 0.928715 1
-0.403294 0.153032 0.937439 1
-0.363109 0.132886 0.938468 1
-0.373575 0.118903 0.935005 1
-0.355905 0.178371 0.928506 1
-0.363071 0.107290 0.951679 1
-0.347543 0.250673 0.942160 1
-0.363132 0.169462 0.925582 1
-0.372384 0.176654 0.919568 1
-0.372203 0.184858 0.919123 1
-0.346128 0.253369 0.952294 1
-0.356439 0.153243 0.938735 1
-0.355034 0.156757 0.939497 1
-0.390828 0.221552 0.920035 1
-0.363597 0.253769 0.922525 1
-0.360152 0.139824 0.939585 1
-0.380226 0.146241 0.926552 1
-0.375292 0.202972 0.918566 1
-0.346387 0.216385 0.948301 1
-0.358863 0.173158 0.927493 1
-0.349388 0.197113 0.937989 1
-0.361064 0.141212 0.937554 1
-0.367272 0.127490 0.936135 1
-0.366429 0.251764 0.921280 1
-0.379097 0.125245 0.931995 1
-0.387267 0.100402 0.935485 1
-0.386353 0.281211 0.925214 1
-0.353491 0.256092 0.930970 1
-0.378468 0.192960 0.918231 1
-0.389301 0.275928 0.924290 1
-0.379850 0.165405 0.921585 1
-0.370727 0.229735 0.919573 1
-0.352439 0.217856 0.932632 1
-0.369465 0.276056 0.924718 1
-0.370996 0.097186 0.937011 1
-0.351360 0.228342 0.934235 1
-0.382955 0.136590 0.929118 1
-0.399081 0.089771 0.985495 1
-0.372233 0.208086 0.919197 1
-0.359567 0.272399 0.929313 1
-0.362279 0.252346 0.923408 1
-0.370695 0.204836 0.919494 1
-0.404445 0.089778 0.985570 1
-0.402477 0.174881 0.927761 1
-0.347575 0.223502 0.942246 1
-0.375348 0.246089 0.918703 1
-0.358312 0.239710 0.926070 1
-0.387277 0.103780 0.935510 1
-0.363583 0.223808 0.922491 1
-0.358312 0.244721 0.926070 1
-0.350255 0.172159 0.940316 1
-0.353163 0.157434 0.943554 1
-0.373467 0.284904 0.926370 1
-0.378546 0.237730 0.918422 1
-0.363586 0.230465 0.922499 1
-0.372341 0.103850 0.936141 1
-0.366414 0.233474 0.921240 1
-0.386117 0.125341 0.932708 1
-0.429599 0.164546 0.986180 1
-0.400682 0.133561 0.943232 1
-0.381852 0.234412 0.918403 1
-0.392894 0.238394 0.920988 1
-0.352442 0.212811 0.932638 1
-0.350300 0.191610 0.935906 1
-0.397105 0.243924 0.923053 1
-0.362261 0.212360 0.923362 1
-0.378755 0.128491 0.931154 1
-0.359634 0.246153 0.925174 1
-0.354108 0.274666 0.937048 1
-0.368423 0.092318 0.939069 1
-0.374078 0.102183 0.985190 1
-0.355900 0.248711 0.928494 1
-0.362251 0.190702 0.923337 1
-0.351344 0.260348 0.934192 1
-0.387907 0.112400 0.937032 1
-0.366727 0.121113 0.939063 1
-0.347535 0.257465 0.942139 1
-0.381726 0.147846 0.926136 1
-0.364325 0.115185 0.946020 1
-0.370994 0.092115 0.937005 1
-0.389011 0.259617 0.919664 1
-0.390466 0.123971 0.935066 1
-0.381004 0.280959 0.924385 1
-0.350272 0.248988 0.935830 1
-0.408987 0.262258 0.934991 1
-0.397839 0.148874 0.932581 1
-0.395935 0.170877 0.924209 1
-0.372322 0.125292 0.985246 1
-0.429613 0.173446 0.986211 1
-0.549123 0.427096 1.380610 1
-0.359607 0.186061 0.925105 1
-0.370682 0.194878 0.919462 1
-0.368649 0.114408 0.939644 1
-0.559286 0.410782 1.327873 1
-0.374081 0.103961 0.985196 1
-0.366427 0.248439 0.921272 1
-0.357359 0.154602 0.936707 1
-0.366387 0.201886 0.921172 1
-0.371508 0.268450 0.921510 1
-0.368691 0.281744 0.926966 1
-0.368424 0.107563 0.939070 1
-0.366402 0.220174 0.921211 1
-0.377435 0.141434 0.927910 1
-0.383502 0.222812 0.918388 1
-0.394855 0.220287 0.921687 1
-0.354717 0.284964 0.943160 1
-0.383358 0.163821 0.922027 1
-0.378327 0.095214 0.934244 1
-0.384393 0.139855 0.928543 1
-0.388933 0.226394 0.919478 1
-0.388971 0.274029 0.923506 1
-0.385246 0.196351 0.918597 1
-0.382191 0.277276 0.923226 1
-0.351351 0.246872 0.934210 1
-0.359086 0.278355 0.932417 1
-0.388397 0.167169 0.922144 1
-0.362506 0.175836 0.923986 1
-0.408046 0.267807 0.936703 1
-0.387167 0.244570 0.919223 1
-0.380831 0.171748 0.919941 1
-0.358312 0.192937 0.926069 1
-0.394823 0.210295 0.921614 1
-0.355900 0.196792 0.928492 1
-0.380662 0.173330 0.919530 1
-0.398127 0.128182 0.941215 1
-0.377538 0.155849 0.924064 1
-0.355687 0.169014 0.932324 1
-0.408650 0.236764 0.934220 1
-0.363447 0.140825 0.934982 1
-0.372293 0.254552 0.919344 1
-0.391709 0.100677 0.938041 1
-0.390714 0.184988 0.919768 1
-0.380137 0.201249 0.918264 1
-0.373530 0.149579 0.926526 1
-0.357108 0.236678 0.927280 1
-0.377553 0.108958 0.936505 1
-0.359620 0.214437 0.925137 1
-0.394831 0.099345 0.941453 1
-0.348488 0.206041 0.940126 1
-0.348518 0.180619 0.940207 1
-0.403197 0.281477 0.937214 1
-0.369260 0.231513 0.920051 1
-0.362264 0.219024 0.923370 1
-0.394839 0.215291 0.921651 1
-0.369606 0.144993 0.929266 1
-0.398471 0.136208 0.938026 1
-0.367813 0.203418 0.920582 1
-0.349019 0.265798 0.941557 1
-0.372467 0.130322 0.932233 1
-0.392951 0.256706 0.921121 1
-0.349093 0.174122 0.941759 1
-0.366388 0.203549 0.921175 1
-0.373783 0.097032 0.935524 1
-0.408018 0.088004 0.985613 1
-0.374560 0.281129 0.924943 1
-0.429594 0.160986 0.986167 1
-0.389026 0.118986 0.935658 1
-0.382899 0.269939 0.920922 1
-0.369657 0.092203 0.937902 1
-0.351367 0.214865 0.934253 1
-0.364973 0.216988 0.921798 1
-0.388122 0.125445 0.933484 1
-0.363093 0.102147 0.951736 1
-0.397133 0.250602 0.923119 1
-0.380234 0.255975 0.918498 1
-0.393441 0.276495 0.926187 1
-0.347581 0.218406 0.942262 1
-0.346406 0.188245 0.953059 1
-0.384775 0.136641 0.929466 1
-0.366111 0.095987 0.941835 1
-0.353529 0.180543 0.931070 1
-0.378555 0.242706 0.918444 1
-0.397141 0.252272 0.923136 1
-0.358315 0.259758 0.926078 1
-0.375991 0.155899 0.924359 1
-0.363100 0.100432 0.951756 1
-0.352444 0.209447 0.932643 1
-0.376982 0.262644 0.918646 1
-0.377513 0.171748 0.919941 1
-0.383648 0.262670 0.918738 1
-0.387663 0.143176 0.928352 1
-0.383803 0.113876 0.935269 1
-0.376297 0.269971 0.921028 1
-0.372598 0.264719 0.920098 1
-0.356057 0.165823 0.933295 1
-0.387353 0.160772 0.923621 1
-0.380143 0.204565 0.918278 1
-0.374234 0.126987 0.932444 1
-0.350448 0.273707 0.945412 1
-0.364171 0.092962 0.945621 1
-0.392873 0.231737 0.920939 1
-0.375281 0.194682 0.918540 1
-0.350101 0.267026 0.939903 1
-0.390797 0.211578 0.919962 1
-0.359939 0.264734 0.925957 1
-0.397946 0.160016 0.928904 1
-0.381644 0.090145 0.934113 1
-0.349400 0.186967 0.938021 1
-0.364962 0.203680 0.921769 1
-0.381658 0.098574 0.934150 1
-0.380199 0.236071 0.918413 1
-0.381875 0.247681 0.918460 1
-0.370744 0.243015 0.919615 1
-0.355406 0.268025 0.931588 1
-0.373030 0.281233 0.925285 1
-0.404180 0.151673 0.939499 1
-0.372812 0.279400 0.924744 1
-0.385057 0.118803 0.934219 1
-0.375881 0.114631 0.985258 1
-0.399199 0.187515 0.924046 1
-0.366110 0.097686 0.941832 1
-0.376856 0.217831 0.918340 1
-0.382163 0.112202 0.935384 1
-0.380528 0.264463 0.919208 1
-0.362302 0.119620 0.954176 1
-0.351372 0.204756 0.934266 1
-0.404822 0.245575 0.929301 1
-0.369657 0.090511 0.937901 1
-0.381840 0.227779 0.918375 1
-0.397903 0.285178 0.932730 1
-0.364977 0.221979 0.921809 1
-0.349317 0.257970 0.937798 1
-0.396998 0.218890 0.922804 1
-0.359638 0.254500 0.925183 1
-0.347222 0.213875 0.960068 1
-0.363589 0.237123 0.922506 1
-0.397069 0.235578 0.922970 1
-0.370584 0.149739 0.927517 1
-0.356614 0.161024 0.934754 1
-0.354689 0.193695 0.929709 1
-0.387916 0.279466 0.924962 1
-0.370703 0.211475 0.919515 1
-0.346098 0.260218 0.952213 1
-0.364990 0.236953 0.921841 1
-0.357727 0.160767 0.933259 1
-0.370697 0.206496 0.919499 1
-0.395080 0.162877 0.926112 1
-0.383995 0.112245 0.935736 1
-0.387131 0.229626 0.919139 1
-0.404855 0.250624 0.929376 1
-0.366399 0.216849 0.921204 1
-0.409196 0.176334 0.935469 1
-0.348347 0.171163 0.953668 1
-0.375034 0.165481 0.922006 1
-0.354320 0.155493 0.942106 1
-0.380140 0.202907 0.918271 1
-0.399221 0.192526 0.924096 1
-0.388956 0.236359 0.919534 1
-0.372263 0.231317 0.919270 1
-0.417023 0.130709 0.985887 1
-0.388884 0.285182 0.927272 1
-0.346135 0.251656 0.952314 1
-0.350777 0.162095 0.950928 1
-0.354594 0.159948 0.938334 1
-0.372102 0.163991 0.922985 1
-0.362269 0.230686 0.923383 1
-0.363177 0.115908 0.951959 1
-0.362271 0.234019 0.923387 1
-0.380292 0.262641 0.918636 1
-0.394951 0.273042 0.925810 1
-0.362273 0.239017 0.923392 1
-0.388827 0.181563 0.919228 1
-0.373790 0.105471 0.935542 1
-0.362247 0.182373 0.923328 1
-0.404767 0.237162 0.929175 1
-0.354100 0.157095 0.941521 1
-0.369115 0.285415 0.928030 1
-0.399494 0.256043 0.924728 1
-0.380170 0.219488 0.918342 1
-0.378865 0.277279 0.923236 1
-0.347241 0.212155 0.960123 1
-0.390761 0.199943 0.919877 1
-0.362581 0.128219 0.941491 1
-0.389236 0.131987 0.932120 1
-0.399178 0.182505 0.923997 1
-0.359611 0.194407 0.925114 1
-0.366152 0.108395 0.946334 1
-0.369043 0.272409 0.923662 1
-0.346308 0.252249 0.948084 1
-0.367798 0.186805 0.920546 1
-0.350279 0.233801 0.935850 1
-0.380132 0.197933 0.918250 1
-0.395617 0.265688 0.923466 1
-0.362276 0.245681 0.923400 1
-0.376418 0.167020 0.921322 1
-0.346466 0.180505 0.948517 1
-0.382660 0.268111 0.920347 1
-0.347537 0.255767 0.942144 1
-0.372248 0.219701 0.919233 1
-0.375354 0.251065 0.918719 1
-0.361706 0.145863 0.934843 1
-0.369660 0.097279 0.937908 1
-0.367800 0.188466 0.920550 1
-0.355630 0.269875 0.932176 1
-0.356267 0.141649 0.951848 1
-0.372250 0.221360 0.919239 1
-0.383564 0.249358 0.918536 1
-0.367864 0.148319 0.929100 1
-0.358312 0.191267 0.926069 1
-0.386020 0.171841 0.920442 1
-0.360763 0.166571 0.928078 1
-0.369222 0.188345 0.919957 1
-0.371962 0.120614 0.935190 1
-0.346882 0.261653 0.944989 1
-0.354098 0.281071 0.941515 1
-0.397155 0.255611 0.923169 1
-0.384099 0.126912 0.931894 1
-0.370993 0.090424 0.937003 1
-0.390859 0.231528 0.920107 1
-0.346417 0.202718 0.948383 1
-0.362213 0.141001 0.936152 1
-0.366113 0.090891 0.941841 1
-0.387100 0.216345 0.919065 1
-0.377921 0.269944 0.920935 1
-0.392771 0.124166 0.936538 1
-0.424434 0.299862 0.986578 1
-0.346825 0.248227 0.958973 1
-0.358182 0.270943 0.930070 1
-0.384996 0.271908 0.921965 1
-0.385164 0.163882 0.922369 1
-0.399935 0.174502 0.925750 1
-0.366381 0.195237 0.921157 1
-0.363568 0.188855 0.922451 1
-0.381342 0.166993 0.921173 1
-0.396848 0.183865 0.922457 1
-0.389653 0.157697 0.925125 1
-0.388560 0.136793 0.930502 1
-0.364173 0.091256 0.945626 1
-0.373805 0.237876 0.918984 1
-0.379407 0.138195 0.928639 1
-0.379977 0.100260 0.934159 1
-0.396884 0.192202 0.922539 1
-0.387263 0.146374 0.927396 1
-0.352157 0.281897 0.950024 1
-0.362501 0.275433 0.928240 1
-0.361593 0.158564 0.930212 1
-0.383433 0.192959 0.918224 1
-0.375882 0.141479 0.928207 1
-0.381755 0.179698 0.918170 1
-0.403854 0.267837 0.930935 1
-0.350289 0.213550 0.935877 1
-0.349319 0.256280 0.937803 1
-0.367850 0.246617 0.920675 1
-0.394731 0.090831 0.941214 1
-0.380214 0.244364 0.918448 1
-0.353481 0.277190 0.939875 1
-0.399321 0.215917 0.924329 1
-0.387295 0.262896 0.919526 1
-0.396227 0.156648 0.928800 1
-0.376896 0.241048 0.918439 1
-0.362358 0.119073 0.949812 1
-0.349380 0.203876 0.937968 1
-0.384833 0.089074 0.958854 1
-0.366229 0.272794 0.924970 1
-0.359641 0.261178 0.925191 1
-0.358312 0.201289 0.926069 1
-0.371406 0.112522 0.938045 1
-0.387143 0.234607 0.919167 1
-0.367207 0.106007 0.940292 1
-0.388874 0.201485 0.919339 1
-0.392909 0.243388 0.921024 1
-0.352422 0.253172 0.932585 1
-0.363457 0.094927 0.948209 1
-0.408156 0.199449 0.933091 1
-0.347592 0.208216 0.942295 1
-0.555492 0.419354 1.347724 1
-0.386020 0.141513 0.928429 1
-0.363574 0.202170 0.922466 1
-0.557031 0.416867 1.339733 1
-0.348453 0.236541 0.940030 1
-0.367279 0.169065 0.923417 1
-0.358312 0.194607 0.926069 1
-0.347579 0.182891 0.961056 1
-0.369338 0.162575 0.924400 1
-0.347058 0.181630 0.945470 1
-0.365700 0.130909 0.936432 1
-0.370710 0.216455 0.919531 1
-0.383427 0.189643 0.918210 1
-0.352192 0.159467 0.945516 1
-0.380176 0.222804 0.918356 1
-0.346304 0.253956 0.948074 1
-0.364169 0.145500 0.932513 1
-0.375343 0.242772 0.918692 1
-0.385370 0.249455 0.918893 1
-0.359129 0.158959 0.932530 1
-0.373790 0.226263 0.918947 1
-0.351376 0.196332 0.934277 1
-0.401630 0.207913 0.925809 1
-0.391115 0.263234 0.920710 1
-0.427815 0.168102 0.986167 1
-0.376809 0.191303 0.918227 1
-0.360932 0.190885 0.924223 1
-0.361440 0.266280 0.925524 1
-0.376914 0.251000 0.918481 1
-0.381884 0.252656 0.918481 1
-0.375326 0.229504 0.918650 1
-0.401714 0.221319 0.926002 1
-0.381893 0.257633 0.918503 1
-0.398251 0.147344 0.933545 1
-0.387112 0.221325 0.919093 1
-0.363800 0.263901 0.923041 1
-0.391923 0.141831 0.930516 1
-0.369960 0.156168 0.925956 1
-0.350273 0.247301 0.935832 1
-0.374341 0.279297 0.924402 1
-0.394881 0.228615 0.921748 1
-0.381802 0.206223 0.918283 1
-0.385252 0.090201 0.934691 1
-0.370761 0.256298 0.919657 1
-0.375212 0.273713 0.922443 1
-0.369409 0.119191 0.937272 1
-0.364783 0.166114 0.925536 1
-0.367588 0.165873 0.924192 1
-0.396955 0.208880 0.922705 1
-0.385065 0.149516 0.926133 1
-0.383063 0.151055 0.925330 1
-0.380184 0.227779 0.918377 1
-0.366775 0.132376 0.934867 1
-0.376824 0.199592 0.918262 1
-0.399472 0.251025 0.924678 1
-0.363598 0.257098 0.922529 1
-0.401616 0.204565 0.925775 1
-0.392530 0.165846 0.924041 1
-0.358629 0.163777 0.931231 1
-0.373811 0.242853 0.919000 1
-0.392791 0.112832 0.940632 1
-0.382366 0.157445 0.923648 1
-0.354351 0.268498 0.933234 1
-0.368832 0.270588 0.923134 1
-0.384974 0.165464 0.921914 1
-0.350472 0.170569 0.940900 1
-0.391974 0.115984 0.938676 1
-0.383285 0.303249 0.986017 1
-0.373648 0.163939 0.922691 1
-0.408470 0.223185 0.933809 1
-0.347545 0.248975 0.942166 1
-0.368424 0.102481 0.939070 1
-0.395653 0.159767 0.927454 1
-0.357107 0.183153 0.927279 1
-0.346157 0.246519 0.952374 1
-0.377216 0.264466 0.919218 1
-0.361017 0.262634 0.924442 1
-0.353502 0.234268 0.930999 1
-0.366109 0.099385 0.941830 1
-0.387230 0.117266 0.935396 1
-0.404416 0.183369 0.928370 1
-0.376768 0.095246 0.934557 1
-0.400150 0.274317 0.930131 1
-0.382832 0.168579 0.920761 1
-0.355900 0.257086 0.928494 1
-0.348459 0.231458 0.940046 1
-0.364979 0.223643 0.921812 1
-0.427812 0.166322 0.986161 1
-0.367897 0.162676 0.924969 1
-0.357107 0.199880 0.927279 1
-0.359540 0.282074 0.933595 1
-0.371837 0.136816 0.930656 1
-0.413428 0.118249 0.985794 1
-0.404969 0.270260 0.933505 1
-0.362576 0.161610 0.928434 1
-0.375283 0.196340 0.918545 1
-0.360260 0.127503 0.948797 1
-0.392806 0.210105 0.920781 1
-0.408246 0.206227 0.933296 1
-0.356803 0.143913 0.944178 1
-0.380178 0.224463 0.918363 1
-0.399242 0.197537 0.924146 1
-0.379102 0.279119 0.923813 1
-0.370686 0.198197 0.919473 1
-0.357108 0.238351 0.927280 1
-0.370101 0.281544 0.926309 1
-0.370676 0.189899 0.919446 1
-0.365003 0.251927 0.921874 1
-0.379578 0.136581 0.929057 1
-0.354689 0.233944 0.929710 1
-0.361793 0.169616 0.926428 1
-0.354362 0.276555 0.937719 1
-0.390306 0.167274 0.922725 1
-0.394897 0.233612 0.921784 1
-0.379920 0.133349 0.929894 1
-0.368361 0.157869 0.926137 1
-0.369274 0.248119 0.920087 1
-0.351365 0.218234 0.934248 1
-0.348481 0.212819 0.940105 1
-0.375987 0.108994 0.936811 1
-0.364963 0.205344 0.921773 1
-0.366432 0.255090 0.921287 1
-0.361488 0.123914 0.947532 1
-0.364466 0.131073 0.937605 1
-0.378587 0.260952 0.918522 1
-0.389348 0.095437 0.936433 1
-0.367250 0.089004 0.958103 1
-0.346353 0.231757 0.948208 1
-0.376203 0.138248 0.929000 1
-0.363431 0.106891 0.948139 1
-0.351375 0.198017 0.934275 1
-0.381947 0.262640 0.918631 1
-0.346738 0.261999 0.958730 1
-0.346179 0.241380 0.952435 1
-0.347480 0.191504 0.960782 1
-0.347182 0.217313 0.959958 1
-0.403722 0.170386 0.930629 1
-0.362263 0.217358 0.923368 1
-0.362247 0.180707 0.923326 1
-0.359971 0.129111 0.948038 1
-0.356359 0.147136 0.943004 1
-0.384495 0.154298 0.924760 1
-0.349370 0.212329 0.937941 1
-0.361538 0.147480 0.934407 1
-0.390900 0.244831 0.920204 1
-0.373798 0.232899 0.918968 1
-0.388588 0.165587 0.922598 1
-0.370723 0.226414 0.919562 1
-0.346372 0.223217 0.948260 1
-0.357107 0.196534 0.927279 1
-0.397019 0.223896 0.922854 1
-0.408380 0.216399 0.933604 1
-0.353510 0.217480 0.931021 1
-0.360928 0.283526 0.932832 1
-0.358648 0.152742 0.935663 1
-0.380108 0.184671 0.918193 1
-0.367491 0.283780 0.928157 1
-0.352092 0.267658 0.936181 1
-0.360952 0.235911 0.924275 1
-0.400910 0.169905 0.928006 1
-0.366405 0.223499 0.921218 1
-0.429605 0.168106 0.986192 1
-0.374530 0.109062 0.937395 1
-0.387887 0.141583 0.928888 1
-0.357467 0.174966 0.928214 1
-0.367830 0.223355 0.920625 1
-0.554715 0.420608 1.351756 1
-0.413425 0.116470 0.985788 1
-0.350643 0.276913 0.950563 1
-0.366648 0.276448 0.926030 1
-0.347579 0.220105 0.942257 1
-0.356431 0.271101 0.985531 1
-0.427818 0.169882 0.986173 1
-0.359361 0.168372 0.928782 1
-0.357639 0.284928 0.937441 1
-0.366425 0.246776 0.921269 1
-0.348418 0.266638 0.944532 1
-0.364155 0.106603 0.945579 1
-0.354689 0.212143 0.929709 1
-0.375226 0.093596 0.934915 1
-0.385300 0.219580 0.918727 1
-0.386011 0.266472 0.920421 1
-0.355900 0.200141 0.928492 1
-0.373781 0.219627 0.918926 1
-0.383429 0.095225 0.934357 1
-0.356581 0.145526 0.943591 1
-0.385343 0.237835 0.918828 1
-0.364953 0.193699 0.921748 1
-0.346194 0.237954 0.952475 1
-0.371629 0.168771 0.921811 1
-0.367826 0.218370 0.920614 1
-0.372201 0.183199 0.919118 1
-0.385256 0.091888 0.934700 1
-0.350277 0.238864 0.935843 1
-0.380196 0.234413 0.918406 1
-0.396803 0.153520 0.930150 1
-0.372210 0.189835 0.919139 1
-0.347598 0.204819 0.942310 1
-0.388909 0.216429 0.919423 1
-0.357511 0.145212 0.941558 1
-0.431386 0.162771 0.986198 1
-0.551561 0.425702 1.368125 1
-0.363294 0.117109 0.947784 1
-0.351379 0.191278 0.934284 1
-0.381766 0.186328 0.918198 1
-0.401693 0.217966 0.925952 1
-0.350875 0.266326 0.937440 1
-0.382150 0.174910 0.919120 1
-0.369663 0.104047 0.937916 1
-0.353320 0.284880 0.948544 1
-0.379576 0.282805 0.924969 1
-0.370757 0.252977 0.919647 1
-0.347571 0.226898 0.942236 1
-0.357108 0.258422 0.927281 1
-0.358836 0.151133 0.936152 1
-0.360928 0.182548 0.924213 1
-0.346369 0.196820 0.952959 1
-0.550761 0.426994 1.372280 1
-0.386625 0.283080 0.925867 1
-0.406233 0.089780 0.985595 1
-0.390766 0.201605 0.919889 1
-0.380054 0.273605 0.922079 1
-0.362258 0.205696 0.923354 1
-0.363438 0.103473 0.948159 1
-0.363571 0.197177 0.922461 1
-0.392941 0.253376 0.921097 1
-0.375236 0.105403 0.934940 1
-0.362248 0.184039 0.923329 1
-0.364000 0.147113 0.932080 1
-0.354619 0.251522 0.985438 1
-0.349835 0.169385 0.943758 1
-0.404657 0.220341 0.928923 1
-0.376853 0.216173 0.918333 1
-0.346451 0.187340 0.948476 1
-0.364678 0.140649 0.933816 1
-0.351589 0.263903 0.934844 1
-0.365499 0.145359 0.931616 1
-0.360950 0.230908 0.924269 1
-0.373828 0.256126 0.919042 1
-0.413388 0.091568 0.985700 1
-0.354626 0.256860 0.985457 1
-0.349333 0.244448 0.937840 1
-0.346311 0.210536 0.952797 1
-0.391455 0.145014 0.929404 1
-0.359622 0.219445 0.925143 1
-0.381477 0.271771 0.921499 1
-0.359984 0.174563 0.926073 1
-0.387262 0.098714 0.935473 1
-0.396515 0.155085 0.929475 1
-0.346979 0.217395 0.945255 1
-0.388862 0.196504 0.919312 1
-0.351373 0.201387 0.934270 1
-0.370708 0.214795 0.919525 1
-0.394860 0.221953 0.921699 1
-0.366411 0.230149 0.921233 1
-0.372577 0.159200 0.924162 1
-0.384865 0.120428 0.933753 1
-0.385390 0.257755 0.918939 1
-0.371016 0.130402 0.932811 1
-0.396898 0.195537 0.922572 1
-0.383440 0.196275 0.918240 1
-0.351911 0.161044 0.944761 1
-0.347261 0.210435 0.960178 1
-0.346150 0.248231 0.952354 1
-0.365358 0.134162 0.935558 1
-0.550739 0.424502 1.372226 1
-0.346323 0.245419 0.948126 1
-0.394793 0.138893 0.933333 1
-0.354689 0.247360 0.929710 1
-0.347573 0.225200 0.942241 1
-0.398235 0.158456 0.929578 1
-0.360935 0.199223 0.924232 1
-0.376761 0.090187 0.934541 1
-0.381653 0.095203 0.934135 1
-0.357922 0.278758 0.933769 1
-0.383448 0.103657 0.934404 1
-0.390959 0.285475 0.928226 1
-0.373792 0.227922 0.918952 1
-0.365019 0.116568 0.943405 1
-0.361596 0.128473 0.943352 1
-0.396508 0.167785 0.925545 1
-0.370691 0.201516 0.919483 1
-0.376833 0.204566 0.918283 1
-0.359933 0.127995 0.952462 1
-0.360939 0.207561 0.924242 1
-0.386689 0.151168 0.926019 1
-0.383533 0.236084 0.918462 1
-0.375298 0.207947 0.918582 1
-0.370725 0.228074 0.919568 1
-0.372242 0.214723 0.919218 1
-0.380778 0.125245 0.931995 1
-0.372498 0.144814 0.928118 1
-0.431384 0.160991 0.986192 1
-0.369571 0.117552 0.937682 1
-0.387096 0.214685 0.919056 1
-0.362315 0.284976 0.932070 1
-0.354689 0.200403 0.929709 1
-0.377797 0.089046 0.958553 1
-0.404624 0.215297 0.928848 1
-0.394177 0.269173 0.923995 1
-0.544162 0.437612 1.406404 1
-0.374008 0.144750 0.927712 1
-0.554694 0.418154 1.351703 1
-0.390895 0.243168 0.920192 1
-0.350305 0.183171 0.935917 1
-0.396934 0.203876 0.922655 1
-0.392967 0.261701 0.921158 1
-0.352426 0.244764 0.932596 1
-0.346462 0.182214 0.948507 1
-0.376803 0.187988 0.918212 1
-0.378549 0.239389 0.918429 1
-0.408021 0.089782 0.985620 1
-0.349325 0.251209 0.937819 1
-0.367207 0.100918 0.940292 1
-0.374328 0.141524 0.928504 1
-0.366151 0.284039 0.929005 1
-0.395150 0.116420 0.942211 1
-0.379555 0.089053 0.958628 1
-0.350279 0.235489 0.935848 1
-0.347606 0.201424 0.942330 1
-0.362733 0.160005 0.928836 1
-0.354689 0.254068 0.929710 1
-0.355873 0.279796 0.937244 1
-0.369257 0.228192 0.920043 1
-0.362275 0.244015 0.923398 1
-0.371366 0.141672 0.929476 1
-0.358312 0.253074 0.926070 1
-0.377057 0.160645 0.922887 1
-0.362270 0.232352 0.923385 1
-0.367801 0.135506 0.933192 1
-0.352455 0.187583 0.932672 1
-0.377390 0.110600 0.936102 1
-0.395944 0.145432 0.932078 1
-0.375367 0.261017 0.918750 1
-0.375772 0.126939 0.932088 1
-0.357107 0.203225 0.927279 1
-0.369219 0.185025 0.919950 1
-0.363568 0.190520 0.922453 1
-0.369273 0.246458 0.920083 1
-0.379983 0.103632 0.934174 1
-0.387071 0.147973 0.926936 1
-0.348506 0.190788 0.940175 1
-0.362255 0.199032 0.923347 1
-0.401432 0.147896 0.937039 1
-0.390730 0.189973 0.919804 1
-0.387186 0.252873 0.919269 1
-0.367857 0.254926 0.920693 1
-0.366424 0.245113 0.921265 1
-0.386497 0.152762 0.925561 1
-0.383417 0.090166 0.934329 1
-0.376794 0.181358 0.918190 1
-0.399264 0.202549 0.924196 1
-0.364233 0.158253 0.928388 1
-0.348486 0.207735 0.940121 1
-0.355900 0.238662 0.928493 1
-0.427996 0.287407 0.986584 1
-0.390327 0.152955 0.926725 1
-0.384186 0.266358 0.920026 1
-0.378561 0.246023 0.918458 1
-0.365992 0.167573 0.924372 1
-0.385386 0.256095 0.918930 1
-0.350298 0.196673 0.935899 1
-0.363108 0.144064 0.934111 1
-0.373758 0.201382 0.918868 1
-0.364954 0.195363 0.921751 1
-0.366524 0.148455 0.929953 1
-0.352867 0.273324 0.938241 1
-0.350181 0.164335 0.953976 1
-0.383448 0.199592 0.918259 1
-0.356253 0.154856 0.938244 1
-0.373015 0.170307 0.921127 1
-0.379511 0.168579 0.920762 1
-0.350393 0.166245 0.945264 1
-0.366437 0.260079 0.921298 1
-0.381481 0.284650 0.925543 1
-0.370447 0.272216 0.923009 1
-0.367161 0.141991 0.931569 1
-0.359640 0.259508 0.925189 1
-0.383548 0.242721 0.918499 1
-0.381554 0.149449 0.925721 1
-0.347565 0.231993 0.942219 1
-0.392935 0.251711 0.921085 1
-0.388952 0.234698 0.919525 1
-0.348304 0.269183 0.953550 1
-0.373796 0.231240 0.918963 1
-0.387633 0.173480 0.920330 1
-0.356640 0.285481 0.939263 1
-0.385732 0.128577 0.931779 1
-0.379784 0.118735 0.933683 1
-0.381790 0.199591 0.918255 1
-0.354631 0.260418 0.985469 1
-0.347212 0.263608 0.945889 1
-0.355900 0.218564 0.928493 1
-0.362551 0.137753 0.937027 1
-0.364159 0.103193 0.945589 1
-0.366899 0.119475 0.939503 1
-0.381860 0.239388 0.918425 1
-0.377980 0.120381 0.933389 1
-0.398522 0.268187 0.926346 1
-0.384725 0.270056 0.921318 1
-0.378342 0.107014 0.934282 1
-0.373745 0.191430 0.918836 1
-0.407909 0.180826 0.932528 1
-0.355695 0.151956 0.941247 1
-0.375287 0.199656 0.918555 1
-0.375305 0.212921 0.918597 1
-0.408627 0.235066 0.934169 1
-0.367851 0.248279 0.920679 1
-0.363589 0.235459 0.922504 1
-0.392775 0.200124 0.920708 1
-0.350304 0.184859 0.935915 1
-0.375641 0.264524 0.919421 1
-0.367227 0.154754 0.927492 1
-0.399206 0.189185 0.924063 1
-0.359105 0.140076 0.941283 1
-0.367072 0.156361 0.927098 1
-0.367817 0.208402 0.920593 1
-0.372941 0.125436 0.933419 1
-0.369450 0.146607 0.928874 1
-0.390941 0.258137 0.920301 1
-0.366394 0.210199 0.921190 1
-0.364956 0.197026 0.921755 1
-0.348463 0.228069 0.940057 1
-0.380220 0.247681 0.918462 1
-0.364978 0.126176 0.938922 1
-0.361425 0.160168 0.929781 1
-0.347855 0.177831 0.961818 1
-0.369660 0.098971 0.937910 1
-0.370999 0.102257 0.937017 1
-0.383444 0.197933 0.918250 1
-0.354689 0.244006 0.929710 1
-0.352449 0.199356 0.932656 1
-0.399271 0.204220 0.924212 1
-0.365240 0.114936 0.943976 1
-0.349345 0.234306 0.937872 1
-0.355481 0.284215 0.940680 1
-0.348429 0.256871 0.939966 1
-0.387251 0.095336 0.935449 1
-0.387256 0.097025 0.935461 1
-0.363791 0.275143 0.927262 1
-0.364976 0.220316 0.921805 1
-0.376772 0.098618 0.934568 1
-0.548308 0.428405 1.384841 1
-0.357108 0.248386 0.927280 1
-0.359464 0.155740 0.933398 1
-0.360935 0.197555 0.924231 1
-0.391777 0.267007 0.922268 1
-0.363446 0.100055 0.948179 1
-0.366798 0.265325 0.922205 1
-0.366366 0.285883 0.929551 1
-0.385260 0.093575 0.934710 1
-0.360954 0.240914 0.924280 1
-0.364296 0.132702 0.937167 1
-0.376908 0.247682 0.918467 1
-0.378957 0.110564 0.935801 1
-0.385250 0.198010 0.918606 1
-0.376792 0.179701 0.918185 1
-0.351357 0.235080 0.934226 1
-0.367207 0.092438 0.940292 1
-0.549955 0.428295 1.376459 1
-0.378725 0.144634 0.926969 1
-0.351377 0.194648 0.934279 1
-0.380055 0.147846 0.926136 1
-0.346915 0.246336 0.945081 1
-0.354689 0.186987 0.929708 1
-0.353489 0.259449 0.930965 1
-0.397646 0.174231 0.924311 1
-0.383526 0.131758 0.930504 1
-0.394791 0.095939 0.941357 1
-0.380700 0.157445 0.923648 1
-0.375859 0.266338 0.919956 1
-0.368024 0.146706 0.929503 1
-0.376151 0.154297 0.924752 1
-0.376873 0.227781 0.918382 1
-0.373815 0.246171 0.919010 1
-0.391629 0.172117 0.921921 1
-0.372252 0.223020 0.919244 1
-0.383490 0.217836 0.918360 1
-0.383568 0.251017 0.918545 1
-0.401682 0.216290 0.925927 1
-0.561543 0.409582 1.316319 1
-0.380222 0.249340 0.918469 1
-0.376774 0.100305 0.934573 1
-0.408522 0.163918 0.941694 1
-0.408807 0.248656 0.934580 1
-0.359029 0.171564 0.927922 1
-0.394917 0.240276 0.921833 1
-0.401587 0.197871 0.925709 1
-0.399278 0.205891 0.924229 1
-0.367207 0.102614 0.940292 1
-0.404707 0.167436 0.932900 1
-0.365733 0.119648 0.940863 1
-0.377066 0.113879 0.935296 1
-0.352420 0.256535 0.932580 1
-0.346347 0.201964 0.952898 1
-0.381512 0.165405 0.921584 1
-0.346957 0.227611 0.945194 1
-0.364169 0.094667 0.945616 1
-0.401964 0.259898 0.926578 1
-0.358311 0.182914 0.926068 1
-0.385242 0.194692 0.918588 1
-0.373777 0.090280 0.935510 1
-0.375320 0.224529 0.918634 1
-0.373788 0.224604 0.918942 1
-0.386212 0.139908 0.928890 1
-0.386825 0.272025 0.922362 1
-0.362250 0.189036 0.923335 1
-0.357107 0.194862 0.927279 1
-0.381897 0.146241 0.926552 1
-0.382765 0.138197 0.928657 1
-0.379066 0.141417 0.927803 1
-0.362265 0.220690 0.923371 1
-0.353492 0.252735 0.930974 1
-0.368269 0.278080 0.925904 1
-0.387155 0.239588 0.919195 1
-0.346394 0.212968 0.948321 1
-0.390800 0.135309 0.931840 1
-0.364062 0.124748 0.940930 1
-0.364444 0.121481 0.941919 1
-0.347062 0.179927 0.945480 1
-0.426219 0.296307 0.986590 1
-0.388968 0.241343 0.919562 1
-0.386998 0.133477 0.930781 1
-0.346885 0.259951 0.944999 1
-0.381468 0.118735 0.933682 1
-0.553148 0.423140 1.359891 1
-0.396323 0.132671 0.936950 1
-0.352861 0.284178 0.951923 1
-0.553126 0.420670 1.359838 1
-0.375365 0.259358 0.918745 1
-0.385925 0.157537 0.924190 1
-0.373788 0.103783 0.935539 1
-0.431394 0.168110 0.986217 1
-0.354689 0.225559 0.929709 1
-0.403118 0.265672 0.929237 1
-0.560056 0.411982 1.324032 1
-0.360961 0.255924 0.924297 1
-0.394219 0.142053 0.931974 1
-0.366695 0.111455 0.943338 1
-0.368207 0.159473 0.925747 1
-0.359612 0.196076 0.925116 1
-0.369762 0.143377 0.929658 1
-0.388335 0.138392 0.929963 1
-0.380240 0.259292 0.918512 1
-0.383442 0.147863 0.926246 1
-0.360911 0.127129 0.946018 1
-0.353527 0.183901 0.931065 1
-0.399415 0.237648 0.924545 1
-0.381896 0.259292 0.918510 1
-0.395366 0.161323 0.926783 1
-0.394923 0.241942 0.921845 1
-0.381822 0.217829 0.918332 1
-0.352064 0.278753 0.945174 1
-0.390699 0.180004 0.919731 1
-0.413386 0.089789 0.985694 1
-0.399292 0.209233 0.924262 1
-0.368873 0.167367 0.923237 1
-0.385211 0.181422 0.918514 1
-0.346297 0.257371 0.948053 1
-0.370311 0.167264 0.922670 1
-0.347076 0.178228 0.945517 1
-0.346897 0.254846 0.945030 1
-0.394751 0.092533 0.941261 1
-0.350690 0.168977 0.941484 1
-0.404734 0.232115 0.929099 1
-0.388839 0.186543 0.919256 1
-0.357107 0.211588 0.927279 1
-0.370678 0.191558 0.919452 1
-0.380173 0.221146 0.918349 1
-0.347860 0.266722 0.957060 1
-0.379966 0.093517 0.934130 1
-0.373490 0.165533 0.922300 1
-0.355899 0.181718 0.928492 1
-0.351356 0.236765 0.934224 1
-0.354689 0.245683 0.929710 1
-0.380739 0.141417 0.927803 1
-0.365079 0.274853 0.926285 1
-0.352418 0.259898 0.932576 1
-0.347017 0.200366 0.945358 1
-0.357137 0.178150 0.927356 1
-0.389334 0.092055 0.936400 1
-0.360018 0.281792 0.985618 1
-0.393353 0.133925 0.933910 1
-0.408403 0.218095 0.933655 1
-0.381640 0.117104 0.934105 1
-0.353887 0.284667 0.959358 1
-0.381673 0.107003 0.934186 1
-0.411600 0.091565 0.985676 1
-0.392494 0.138676 0.931871 1
-0.366438 0.261741 0.921301 1
-0.376827 0.201250 0.918269 1
-0.360701 0.281666 0.932244 1
-0.553934 0.421870 1.355811 1
-0.396064 0.267656 0.924509 1
-0.366664 0.175433 0.921869 1
-0.346355 0.200250 0.952918 1
-0.389015 0.261279 0.919673 1
-0.375279 0.193024 0.918534 1
-0.347531 0.260861 0.942128 1
-0.381887 0.254315 0.918488 1
-0.399364 0.225945 0.924429 1
-0.373785 0.100407 0.935531 1
-0.379714 0.151051 0.925306 1
-0.382709 0.154251 0.924475 1
-0.349337 0.241068 0.937851 1
-0.382354 0.110570 0.935852 1
-0.358312 0.224676 0.926070 1
-0.374557 0.170253 0.920834 1
-0.363596 0.252104 0.922523 1
-0.350673 0.164671 0.946020 1
-0.365925 0.118013 0.941357 1
-0.364996 0.243608 0.921856 1
-0.363644 0.120079 0.944252 1
-0.385262 0.202987 0.918634 1
-0.364707 0.153428 0.929596 1
-0.366401 0.218511 0.921208 1
-0.375940 0.171787 0.920152 1
-0.365012 0.109074 0.952266 1
-0.369382 0.176805 0.920355 1
-0.394970 0.256938 0.921955 1
-0.353488 0.261128 0.930963 1
-0.392811 0.211769 0.920793 1
-0.393162 0.285860 0.929476 1
-0.359624 0.224452 0.925149 1
-0.376911 0.249341 0.918474 1
-0.360363 0.158761 0.931370 1
-0.348508 0.189093 0.940180 1
-0.358633 0.274644 0.931242 1
-0.360947 0.225905 0.924263 1
-0.347585 0.215010 0.942273 1
-0.369253 0.223211 0.920033 1
-0.360920 0.124307 0.950537 1
-0.385262 0.178132 0.918635 1
0.154740 0.121791 0.652357 2
0.158142 0.093915 0.671808 2
0.109136 0.145320 0.647090 2
0.103186 0.141662 0.646378 2
0.125873 0.164514 0.649135 2
0.128338 0.122478 0.649756 2
0.184058 0.158018 0.656197 2
0.182913 0.166338 0.656335 2
0.096064 0.139148 0.645532 2
0.166691 0.195165 0.657727 2
0.137566 0.091911 0.666063 2
0.165830 0.165830 0.654329 2
0.145134 0.192141 0.651497 2
0.154908 0.171400 0.653068 2
0.097292 0.121760 0.645949 2
0.127074 0.168065 0.649286 2
0.181654 0.108027 0.669141 2
0.135499 0.192984 0.650376 2
0.131909 0.195225 0.650025 2
0.090153 0.142500 0.644894 2
0.185905 0.126510 0.658545 2
0.089442 0.128025 0.648171 2
0.166865 0.117336 0.653758 2
0.188847 0.178055 0.664719 2
0.109905 0.112255 0.651649 2
0.176982 0.102463 0.688532 2
0.142776 0.125150 0.651463 2
0.152320 0.121738 0.652072 2
0.116773 0.097804 0.657225 2
0.181635 0.129570 0.655994 2
0.157288 0.125477 0.653169 2
0.140364 0.123920 0.651175 2
0.261710 0.196875 0.876661 2
0.168118 0.152781 0.654046 2
0.150070 0.175964 0.652518 2
0.118661 0.120999 0.648114 2
0.164571 0.123281 0.654015 2
0.134347 0.126133 0.650476 2
0.082727 0.138673 0.659895 2
0.166869 0.119698 0.653777 2
0.107952 0.155801 0.646992 2
0.099627 0.147401 0.645982 2
0.137865 0.146078 0.650468 2
0.113885 0.119725 0.647547 2
0.148798 0.194673 0.652104 2
0.118700 0.174834 0.648329 2
0.151251 0.145366 0.652537 2
0.101984 0.120633 0.646152 2
0.097242 0.126356 0.645619 2
0.119911 0.166705 0.648551 2
0.179093 0.157814 0.655353 2
0.127034 0.117668 0.649085 2
0.103181 0.133494 0.646346 2
0.125872 0.162170 0.649128 2
0.165825 0.161104 0.654310 2
0.163283 0.179788 0.653584 2
0.084360 0.164590 0.654094 2
0.189421 0.141918 0.658382 2
0.105611 0.180298 0.646952 2
0.137854 0.131988 0.650415 2
0.101987 0.124132 0.646167 2
0.184162 0.164028 0.656567 2
0.179079 0.144799 0.655301 2
0.158363 0.112444 0.652741 2
0.109143 0.155835 0.647132 2
0.100591 0.106543 0.659952 2
0.094633 0.116969 0.651715 2
0.141610 0.170990 0.651505 2
0.123490 0.178504 0.648915 2
0.134235 0.118995 0.649936 2
0.099622 0.139238 0.645950 2
0.179870 0.189495 0.667003 2
0.125955 0.142358 0.649554 2
0.193008 0.163130 0.662539 2
0.174183 0.130489 0.654671 2
0.103189 0.147497 0.646401 2
0.154764 0.147702 0.652458 2
0.160789 0.113671 0.653030 2
0.129753 0.199033 0.650975 2
0.120187 0.096505 0.656450 2
0.169305 0.123292 0.654076 2
0.133158 0.142544 0.650401 2
0.153583 0.179475 0.652443 2
0.133045 0.130700 0.649848 2
0.100891 0.181370 0.646613 2
0.123497 0.190221 0.648955 2
0.158435 0.186706 0.653039 2
0.135590 0.174330 0.650810 2
0.187948 0.147631 0.657384 2
0.112801 0.099670 0.661744 2
0.181971 0.122697 0.657210 2
0.159725 0.136149 0.653496 2
0.146205 0.091606 0.672644 2
0.084276 0.134960 0.653446 2
0.122728 0.099239 0.651082 2
0.115196 0.158468 0.648353 2
0.099959 0.113989 0.648137 2
0.166914 0.164555 0.653953 2
0.165788 0.124488 0.654163 2
0.176622 0.130546 0.654956 2
0.110338 0.161712 0.647295 2
0.160865 0.107833 0.653341 2
0.152314 0.117029 0.652050 2
0.241180 0.143126 0.876760 2
0.149910 0.129922 0.651822 2
0.164557 0.109115 0.653961 2
0.109768 0.103899 0.650842 2
0.154881 0.143103 0.652955 2
0.147537 0.176927 0.651729 2
0.104371 0.135857 0.646495 2
0.110335 0.158206 0.647281 2
0.098453 0.168360 0.645923 2
0.140306 0.186097 0.650907 2
0.098450 0.163695 0.645906 2
0.109157 0.178038 0.647219 2
0.158414 0.163125 0.652951 2
0.168142 0.176402 0.654141 2
0.141801 0.199462 0.652380 2
0.158415 0.164304 0.652954 2
0.130682 0.177563 0.649756 2
0.119973 0.151576 0.648887 2
0.182811 0.160329 0.655969 2
0.133033 0.117796 0.649790 2
0.166898 0.149206 0.653890 2
0.083028 0.129619 0.662289 2
0.099632 0.155566 0.646015 2
0.122287 0.173777 0.648747 2
0.146341 0.192183 0.651639 2
0.118441 0.098406 0.653351 2
0.125834 0.115300 0.648935 2
0.107962 0.170989 0.647052 2
0.117569 0.135117 0.648541 2
0.189126 0.125885 0.661502 2
0.140312 0.191975 0.650932 2
0.168129 0.163410 0.654090 2
0.181607 0.130733 0.655893 2
0.094879 0.139118 0.645393 2
0.152360 0.165302 0.652246 2
0.137900 0.188366 0.650633 2
0.085731 0.149884 0.646638 2
0.175435 0.122273 0.654937 2
0.154866 0.126601 0.652888 2
0.094884 0.146109 0.645421 2
0.162184 0.166902 0.653905 2
0.094897 0.169418 0.645513 2
0.113884 0.118556 0.647543 2
0.154750 0.133568 0.652402 2
0.168541 0.189830 0.655692 2
0.174180 0.128126 0.654661 2
0.127045 0.129387 0.649138 2
0.127035 0.118840 0.649090 2
0.175399 0.128154 0.654803 2
0.124756 0.142327 0.649413 2
0.159756 0.168009 0.653624 2
0.175430 0.156528 0.654918 2
0.144269 0.199621 0.652900 2
0.156174 0.103134 0.653435 2
0.119896 0.174872 0.648470 2
0.264864 0.201613 0.876634 2
0.109928 0.101609 0.658836 2
0.105561 0.138221 0.646643 2
0.190962 0.157647 0.659600 2
0.155948 0.119462 0.652488 2
0.142716 0.185002 0.651187 2
0.117579 0.147997 0.648592 2
0.112696 0.124374 0.647427 2
0.128668 0.092424 0.669780 2
0.146359 0.194558 0.651719 2
0.109184 0.112725 0.654373 2
0.142817 0.171027 0.651646 2
0.142787 0.136911 0.651510 2
0.154878 0.139567 0.652940 2
0.104374 0.140525 0.646513 2
0.143874 0.128606 0.651112 2
0.094126 0.178312 0.648219 2
0.128289 0.189211 0.649508 2
0.110339 0.164050 0.647304 2
0.135435 0.116673 0.650068 2
0.150023 0.125313 0.652315 2
0.141598 0.156874 0.651448 2
0.145069 0.118052 0.651205 2
0.118681 0.146743 0.648223 2
0.091337 0.155331 0.645039 2
0.121065 0.137441 0.648466 2
0.162177 0.159818 0.653877 2
0.112693 0.120868 0.647412 2
0.108770 0.115826 0.651895 2
0.146338 0.188653 0.651625 2
0.139198 0.169740 0.651216 2
0.112814 0.166591 0.648105 2
0.171776 0.158789 0.654498 2
0.170560 0.161117 0.654364 2
0.150059 0.101805 0.652470 2
0.150103 0.203499 0.657821 2
0.114004 0.161945 0.648226 2
0.113889 0.123234 0.647573 2
0.102001 0.147465 0.646261 2
0.123744 0.100285 0.650249 2
0.194810 0.136067 0.664611 2
0.082638 0.152791 0.659179 2
0.165668 0.135010 0.653688 2
0.152964 0.098629 0.654830 2
0.105884 0.185149 0.655869 2
0.107941 0.138281 0.646923 2
0.131832 0.117770 0.649649 2
0.117736 0.102506 0.649461 2
0.184944 0.121908 0.659354 2
0.155515 0.199271 0.655624 2
0.119895 0.173701 0.648465 2
0.147528 0.167512 0.651690 2
0.182770 0.140183 0.655824 2
0.093707 0.160058 0.645336 2
0.112736 0.181662 0.647655 2
0.116367 0.124553 0.648358 2
0.174230 0.174230 0.654848 2
0.192705 0.137817 0.661502 2
0.121046 0.114029 0.648367 2
0.134388 0.175467 0.650674 2
0.170406 0.192968 0.658328 2
0.115787 0.100506 0.651680 2
0.153654 0.126574 0.652746 2
0.115180 0.135058 0.648260 2
0.088995 0.152979 0.644935 2
0.099849 0.115031 0.647423 2
0.148842 0.155901 0.652295 2
0.093696 0.141418 0.645264 2
0.135548 0.123812 0.650608 2
0.140387 0.100444 0.651279 2
0.166907 0.157470 0.653924 2
0.162008 0.118413 0.653194 2
0.140263 0.134394 0.650704 2
0.122255 0.131614 0.648576 2
0.098441 0.147370 0.645843 2
0.136628 0.103791 0.650167 2
0.104436 0.184681 0.654209 2
0.134833 0.089685 0.676460 2
0.154775 0.158306 0.652505 2
0.162142 0.124407 0.653735 2
0.096062 0.126336 0.645515 2
0.139968 0.095083 0.654815 2
0.122372 0.102465 0.649196 2
0.147543 0.185163 0.651754 2
0.147636 0.159400 0.652167 2
0.098442 0.149702 0.645852 2
0.117462 0.115125 0.647950 2
0.103185 0.140495 0.646373 2
0.121177 0.160984 0.649065 2
0.094888 0.154266 0.645452 2
0.118510 0.094447 0.667006 2
0.145508 0.199705 0.653174 2
0.124766 0.155225 0.649464 2
0.141034 0.202404 0.654282 2
0.101989 0.127632 0.646183 2
0.155958 0.130063 0.652531 2
0.114703 0.100585 0.652196 2
0.133034 0.118969 0.649795 2
0.153540 0.133539 0.652260 2
0.192219 0.169464 0.663942 2
0.189607 0.161077 0.659027 2
0.124661 0.145730 0.648918 2
0.105581 0.169747 0.646767 2
0.119979 0.159777 0.648920 2
0.093702 0.151903 0.645304 2
0.131956 0.142513 0.650259 2
0.160506 0.100094 0.656691 2
0.158791 0.195390 0.654506 2
0.084126 0.131857 0.661532 2
0.184335 0.168924 0.657184 2
0.098524 0.178975 0.646388 2
0.177852 0.140037 0.655138 2
0.154863 0.124244 0.652879 2
0.185939 0.171682 0.658667 2
0.115153 0.191142 0.648109 2
0.099633 0.156732 0.646019 2
0.151135 0.148783 0.652038 2
0.083051 0.157267 0.653079 2
0.114900 0.198571 0.653320 2
0.154892 0.193762 0.652998 2
0.123490 0.182017 0.648919 2
0.109135 0.144151 0.647086 2
0.186831 0.134637 0.657626 2
0.099628 0.149734 0.645991 2
0.124687 0.177371 0.649053 2
0.185545 0.132194 0.657273 2
0.180368 0.167358 0.655692 2
0.142803 0.155732 0.651585 2
0.184023 0.153254 0.656072 2
0.124649 0.131672 0.648857 2
0.142684 0.147381 0.651040 2
0.155990 0.161876 0.652664 2
0.165027 0.193419 0.655830 2
0.149045 0.099560 0.653185 2
0.088280 0.167791 0.648228 2
0.143996 0.140470 0.651666 2
0.088163 0.132537 0.647366 2
0.151263 0.158326 0.652589 2
0.152526 0.101881 0.652958 2
0.264853 0.190536 0.876595 2
0.137894 0.180142 0.650604 2
0.125978 0.101368 0.649672 2
0.098542 0.118367 0.646509 2
0.092520 0.155364 0.645179 2
0.192500 0.156742 0.660797 2
0.135572 0.153179 0.650726 2
0.136754 0.127363 0.650764 2
0.123493 0.186703 0.648935 2
0.129933 0.200485 0.651881 2
0.155967 0.106529 0.652570 2
0.134226 0.103747 0.649891 2
0.131826 0.110734 0.649618 2
0.168102 0.137431 0.653986 2
0.128366 0.157673 0.649897 2
0.105591 0.115029 0.654053 2
0.103503 0.109417 0.655775 2
0.186946 0.165581 0.658029 2
0.100799 0.124105 0.646028 2
0.180307 0.150748 0.655468 2
0.135589 0.173154 0.650806 2
0.148827 0.139415 0.652229 2
0.186889 0.164344 0.657831 2
0.208197 0.112933 0.851813 2
0.182997 0.105551 0.692496 2
0.118701 0.176005 0.648334 2
0.133052 0.102573 0.649881 2
0.260138 0.200046 0.876694 2
0.150021 0.122958 0.652305 2
0.193064 0.134487 0.662733 2
0.131883 0.181120 0.649901 2
0.108012 0.183561 0.654424 2
0.117466 0.120973 0.647973 2
0.165710 0.176325 0.653856 2
0.166091 0.097736 0.664824 2
0.102007 0.156800 0.646298 2
0.148829 0.141770 0.652238 2
0.244335 0.147866 0.876733 2
0.099382 0.112320 0.652023 2
0.136635 0.114351 0.650197 2
0.103180 0.132327 0.646341 2
0.165654 0.113776 0.653633 2
0.137833 0.108506 0.650315 2
0.180335 0.130669 0.655571 2
0.094897 0.168252 0.645510 2
0.087724 0.168972 0.652789 2
0.097252 0.142675 0.645685 2
0.151122 0.134657 0.651980 2
0.163393 0.161034 0.654024 2
0.163380 0.148045 0.653972 2
0.144864 0.092403 0.660988 2
0.109122 0.125462 0.647011 2
0.179406 0.115804 0.665280 2
0.131643 0.095043 0.654536 2
0.124639 0.117617 0.648803 2
0.093705 0.156563 0.645322 2
0.104368 0.132355 0.646481 2
0.193632 0.126072 0.668823 2
0.118673 0.136211 0.648179 2
0.147484 0.119280 0.651494 2
0.154767 0.150059 0.652471 2
0.099623 0.141570 0.645959 2
0.147537 0.178103 0.651730 2
0.131952 0.094082 0.656072 2
0.143918 0.180338 0.651312 2
0.195985 0.154031 0.664529 2
0.160799 0.121924 0.653069 2
0.129483 0.181041 0.649620 2
0.104365 0.127687 0.646462 2
0.103545 0.186381 0.656042 2
0.101837 0.105410 0.660311 2
0.191782 0.130842 0.662433 2
0.129563 0.154186 0.650024 2
0.159645 0.091842 0.683432 2
0.160944 0.140899 0.653658 2
0.109280 0.109280 0.647944 2
0.130742 0.126051 0.650053 2
0.134288 0.183547 0.650192 2
0.093704 0.154233 0.645313 2
0.137101 0.200650 0.652417 2
0.149911 0.132275 0.651829 2
0.148134 0.097379 0.654364 2
0.134257 0.145983 0.650042 2
0.117588 0.160879 0.648643 2
0.093867 0.174325 0.646439 2
0.116280 0.122124 0.647878 2
0.121179 0.164499 0.649079 2
0.156426 0.100939 0.654488 2
0.129555 0.143624 0.649982 2
0.149959 0.185244 0.652038 2
0.105572 0.154566 0.646708 2
0.103635 0.191282 0.656614 2
0.161009 0.105570 0.653922 2
0.124690 0.185572 0.649072 2
0.129456 0.148201 0.649485 2
0.128261 0.152860 0.649369 2
0.171897 0.182530 0.654960 2
0.139103 0.187231 0.650770 2
0.115201 0.165492 0.648381 2
0.118706 0.181859 0.648359 2
0.104382 0.154533 0.646568 2
0.141481 0.150874 0.650910 2
0.116394 0.163186 0.648512 2
0.169327 0.145727 0.654160 2
0.180494 0.113334 0.664871 2
0.146138 0.092455 0.661360 2
0.160805 0.128998 0.653096 2
0.123436 0.110566 0.648633 2
0.104373 0.139358 0.646508 2
0.132022 0.197740 0.650585 2
0.114005 0.163115 0.648231 2
0.133095 0.192900 0.650095 2
0.154925 0.103087 0.653141 2
0.188516 0.167108 0.659371 2
0.162157 0.139750 0.653796 2
0.105660 0.113924 0.654482 2
0.157222 0.185486 0.652892 2
0.096119 0.122916 0.645903 2
0.127028 0.109466 0.649050 2
0.119906 0.188925 0.648526 2
0.163405 0.172844 0.654072 2
0.182951 0.129665 0.656473 2
0.134289 0.184721 0.650196 2
0.099346 0.107674 0.659589 2
0.165835 0.170556 0.654348 2
0.140286 0.161417 0.650812 2
0.128312 0.195104 0.649623 2
0.087868 0.146058 0.645198 2
0.164485 0.097495 0.663184 2
0.143393 0.096185 0.654276 2
0.115186 0.144421 0.648297 2
0.115204 0.169004 0.648395 2
0.133746 0.096038 0.653274 2
0.147362 0.095282 0.656183 2
0.098454 0.169527 0.645929 2
0.137852 0.129640 0.650409 2
0.122348 0.125860 0.649066 2
0.187527 0.125613 0.660075 2
0.148766 0.092151 0.667801 2
0.140761 0.200835 0.653016 2
0.209729 0.114468 0.851797 2
0.151098 0.106415 0.651876 2
0.135470 0.158928 0.650236 2
0.162163 0.145652 0.653820 2
0.107307 0.106134 0.650153 2
0.169300 0.119749 0.654056 2
0.168388 0.109305 0.655099 2
0.153541 0.134716 0.652264 2
0.096849 0.114458 0.650805 2
0.153656 0.127752 0.652751 2
0.130656 0.148233 0.649627 2
0.244427 0.242845 0.877061 2
0.151860 0.200313 0.655162 2
0.094875 0.132127 0.645365 2
0.100838 0.178944 0.646276 2
0.129541 0.126024 0.649911 2
0.140308 0.188448 0.650916 2
0.139203 0.175619 0.651240 2
0.097260 0.156664 0.645740 2
0.096269 0.119606 0.646904 2
0.108521 0.105002 0.650404 2
0.107964 0.173325 0.647061 2
0.091638 0.125492 0.647169 2
0.110332 0.153531 0.647263 2
0.141588 0.145113 0.651401 2
0.112795 0.139679 0.647998 2
0.159642 0.179671 0.653156 2
0.157290 0.126656 0.653173 2
0.098449 0.162529 0.645901 2
0.157226 0.189024 0.652908 2
0.158366 0.115978 0.652755 2
0.177846 0.134123 0.655114 2
0.142655 0.115650 0.650910 2
0.158689 0.103236 0.654083 2
0.156072 0.192586 0.653006 2
0.115203 0.167834 0.648390 2
0.171738 0.120984 0.654353 2
0.169840 0.196061 0.660747 2
0.184862 0.175351 0.659062 2
0.100829 0.173100 0.646220 2
0.084803 0.151476 0.648459 2
0.133087 0.184681 0.650055 2
0.160975 0.172768 0.653786 2
0.134690 0.200564 0.652138 2
0.151514 0.092825 0.664005 2
0.145188 0.122851 0.651737 2
0.155094 0.196374 0.653852 2
0.147477 0.112223 0.651462 2
0.130667 0.161136 0.649681 2
0.162244 0.093152 0.683995 2
0.173918 0.189351 0.658137 2
0.154780 0.164196 0.652528 2
0.175443 0.168354 0.654965 2
0.171759 0.143428 0.654436 2
0.185507 0.164171 0.657138 2
0.148682 0.109895 0.651594 2
0.171750 0.133977 0.654399 2
0.165806 0.142204 0.654234 2
0.099633 0.157899 0.646024 2
0.142688 0.152083 0.651058 2
0.155960 0.132419 0.652540 2
0.102135 0.113942 0.654585 2
0.176658 0.163659 0.655089 2
0.152350 0.153526 0.652200 2
0.084833 0.145679 0.648689 2
0.174223 0.168317 0.654822 2
0.163378 0.145683 0.653963 2
0.107044 0.109409 0.655726 2
0.134286 0.180025 0.650181 2
0.159597 0.133684 0.652971 2
0.151280 0.176002 0.652660 2
0.142400 0.095130 0.655138 2
0.192807 0.136696 0.661850 2
0.169319 0.137461 0.654130 2
0.111514 0.139539 0.647347 2
0.115119 0.177061 0.647917 2
0.112738 0.185170 0.647667 2
0.159753 0.164469 0.653610 2
0.159734 0.145588 0.653534 2
0.128285 0.183347 0.649487 2
0.151230 0.122985 0.652447 2
0.141454 0.119150 0.650785 2
0.085822 0.141869 0.647324 2
0.112807 0.157229 0.648068 2
0.137323 0.096067 0.653474 2
0.166986 0.185868 0.654235 2
0.092547 0.167050 0.645364 2
0.146424 0.154656 0.652006 2
0.153653 0.125395 0.652741 2
0.104360 0.120685 0.646431 2
0.153520 0.113523 0.652176 2
0.091372 0.164702 0.645284 2
0.154728 0.111193 0.652309 2
0.091075 0.122805 0.651491 2
0.138756 0.095063 0.654673 2
0.148841 0.154724 0.652290 2
0.133067 0.160032 0.649957 2
0.098426 0.124052 0.645750 2
0.142904 0.099386 0.652045 2
0.170575 0.175297 0.654422 2
0.135573 0.154354 0.650730 2
0.109315 0.102224 0.655159 2
0.160093 0.195538 0.655003 2
0.153569 0.161806 0.652382 2
0.103184 0.139328 0.646369 2
0.105614 0.183496 0.654194 2
0.131829 0.114252 0.649633 2
0.185736 0.128769 0.657948 2
0.103209 0.179012 0.646523 2
0.183043 0.170010 0.656800 2
0.097255 0.148504 0.645708 2
0.094926 0.125210 0.645712 2
0.139080 0.160207 0.650665 2
0.135462 0.149536 0.650198 2
0.100805 0.133436 0.646067 2
0.125981 0.176373 0.649690 2
0.152487 0.172504 0.652788 2
0.146428 0.159365 0.652025 2
0.089051 0.137941 0.645336 2
0.090150 0.148312 0.644874 2
0.086101 0.136473 0.649427 2
0.145190 0.125204 0.651746 2
0.122304 0.096307 0.655103 2
0.155983 0.155983 0.652637 2
0.111272 0.101853 0.652778 2
0.189459 0.140758 0.658513 2
0.165829 0.164648 0.654325 2
0.168133 0.166953 0.654104 2
0.153585 0.181831 0.652452 2
0.128287 0.186866 0.649499 2
0.160966 0.163324 0.653748 2
0.194141 0.142768 0.662329 2
0.128353 0.141247 0.649831 2
0.165912 0.108050 0.654655 2
0.162956 0.097296 0.661831 2
0.116706 0.196465 0.650251 2
0.139098 0.180181 0.650745 2
0.123455 0.135157 0.648732 2
0.133555 0.097078 0.652341 2
0.086858 0.140489 0.646346 2
0.168123 0.157504 0.654065 2
0.150092 0.196002 0.652615 2
0.116309 0.171248 0.648035 2
0.151164 0.179396 0.652159 2
0.178072 0.176889 0.655946 2
0.162006 0.117233 0.653188 2
0.107940 0.137113 0.646918 2
0.176956 0.114571 0.665092 2
0.141596 0.154522 0.651439 2
0.184292 0.129775 0.657031 2
0.087670 0.130034 0.652388 2
0.162156 0.138569 0.653791 2
0.133070 0.153001 0.649971 2
0.172979 0.144641 0.654584 2
0.139107 0.191933 0.650791 2
0.156948 0.094885 0.661668 2
0.155988 0.160697 0.652656 2
0.088228 0.131465 0.647841 2
0.139201 0.173267 0.651230 2
0.152376 0.182969 0.652314 2
0.140244 0.113251 0.650617 2
0.158490 0.105464 0.653265 2
0.124638 0.116446 0.648798 2
0.093818 0.173068 0.646102 2
0.173411 0.185248 0.656218 2
0.177032 0.105019 0.665381 2
0.117568 0.132775 0.648531 2
0.156124 0.174976 0.653225 2
0.103195 0.156834 0.646437 2
0.148681 0.108719 0.651589 2
0.146409 0.138177 0.651940 2
0.110811 0.194066 0.650071 2
0.137841 0.117898 0.650356 2
0.163398 0.165758 0.654043 2
0.183376 0.175067 0.657996 2
0.087209 0.165639 0.648956 2
0.123491 0.183188 0.648923 2
0.146288 0.132188 0.651404 2
0.129431 0.116547 0.649362 2
0.109163 0.187053 0.654251 2
0.118784 0.162085 0.648789 2
0.122283 0.166749 0.648721 2
0.125889 0.186784 0.649217 2
0.174390 0.116457 0.655450 2
0.131860 0.151785 0.649784 2
0.109129 0.134806 0.647049 2
0.104684 0.110599 0.655764 2
0.103099 0.104291 0.660764 2
0.140307 0.187272 0.650912 2
0.174179 0.126944 0.654655 2
0.166905 0.156290 0.653919 2
0.107975 0.115056 0.654204 2
0.140243 0.112077 0.650612 2
0.165635 0.101518 0.658244 2
0.187106 0.168099 0.658594 2
0.097257 0.150835 0.645718 2
0.118783 0.159742 0.648779 2
0.129718 0.099196 0.650802 2
0.115078 0.119751 0.647688 2
0.168253 0.185964 0.654574 2
0.135439 0.121367 0.650087 2
0.176624 0.132911 0.654966 2
0.116388 0.154990 0.648479 2
0.158457 0.190266 0.653129 2
0.095225 0.115334 0.655788 2
0.131856 0.148265 0.649768 2
0.129576 0.170619 0.650090 2
0.087861 0.171594 0.653806 2
0.134287 0.182373 0.650188 2
0.152374 0.180613 0.652306 2
0.125952 0.138840 0.649540 2
0.171761 0.144610 0.654441 2
0.097254 0.146172 0.645699 2
0.091410 0.131001 0.645554 2
0.109136 0.146488 0.647095 2
0.184126 0.114554 0.664993 2
0.260142 0.203211 0.876705 2
0.109138 0.148825 0.647104 2
0.128378 0.172929 0.649958 2
0.186694 0.139280 0.657142 2
0.166908 0.158651 0.653928 2
0.083903 0.138648 0.659777 2
0.142724 0.193235 0.651222 2
0.162283 0.094920 0.678994 2
0.097252 0.143841 0.645690 2
0.174277 0.177822 0.655025 2
0.123490 0.180846 0.648918 2
0.151152 0.166444 0.652109 2
0.166922 0.171640 0.653982 2
0.145207 0.144031 0.651822 2
0.189853 0.164857 0.659883 2
0.097595 0.116296 0.647964 2
0.136861 0.099268 0.651271 2
0.156097 0.146672 0.653111 2
0.091524 0.177734 0.654703 2
0.169383 0.182367 0.654378 2
0.089162 0.164921 0.646144 2
0.150285 0.099601 0.653455 2
0.131827 0.111906 0.649623 2
0.106756 0.146425 0.646815 2
0.125850 0.135215 0.649013 2
0.176627 0.135276 0.654976 2
0.129455 0.147028 0.649480 2
0.163335 0.188101 0.653791 2
0.099675 0.118328 0.646294 2
0.086892 0.159205 0.646596 2
0.147707 0.197139 0.652479 2
0.148812 0.122931 0.652163 2
0.150053 0.158292 0.652447 2
0.103206 0.174342 0.646504 2
0.137981 0.154421 0.651014 2
0.239601 0.139965 0.876771 2
0.109127 0.132470 0.647040 2
0.135491 0.184761 0.650338 2
0.185120 0.120834 0.659982 2
0.111551 0.183972 0.647562 2
0.121099 0.165561 0.648652 2
0.164503 0.184550 0.653745 2
0.192409 0.143562 0.660484 2
0.149930 0.152282 0.651913 2
0.164580 0.188176 0.654054 2
0.136679 0.164836 0.650407 2
0.118363 0.199628 0.652921 2
0.157287 0.124298 0.653164 2
0.094874 0.129797 0.645356 2
0.142729 0.194416 0.651245 2
0.180308 0.151932 0.655472 2
0.169321 0.138642 0.654135 2
0.118780 0.193676 0.648766 2
0.091574 0.126570 0.646711 2
0.183105 0.126218 0.657025 2
0.085026 0.156566 0.650168 2
0.125877 0.170373 0.649155 2
0.087206 0.132857 0.648933 2
0.116377 0.139770 0.648419 2
0.134345 0.123785 0.650467 2
0.090236 0.123264 0.653927 2
0.189994 0.131626 0.660373 2
0.188949 0.171068 0.660884 2
0.121715 0.095334 0.664796 2
0.169315 0.133918 0.654114 2
0.143889 0.146238 0.651178 2
0.169587 0.110498 0.655166 2
0.170545 0.146940 0.654307 2
0.096583 0.185464 0.656984 2
0.119856 0.121025 0.648254 2
0.121097 0.180768 0.648637 2
0.171755 0.138703 0.654420 2
0.147638 0.161755 0.652177 2
0.142774 0.122798 0.651453 2
0.119870 0.139750 0.648328 2
0.128363 0.154153 0.649883 2
0.156094 0.144314 0.653102 2
0.159738 0.149128 0.653549 2
0.163379 0.146864 0.653967 2
0.094129 0.182930 0.656397 2
0.102020 0.177807 0.646380 2
0.153591 0.188900 0.652478 2
0.166917 0.166917 0.653962 2
0.129454 0.145855 0.649475 2
0.177883 0.167245 0.655250 2
0.128244 0.129416 0.649283 2
0.178065 0.114513 0.664754 2
0.121284 0.196280 0.649638 2
0.140375 0.136851 0.651226 2
0.181527 0.149597 0.655606 2
0.184193 0.117430 0.660928 2
0.109744 0.194253 0.650699 2
0.183522 0.111317 0.667157 2
0.130018 0.097072 0.652306 2
0.141580 0.135705 0.651363 2
0.139109 0.193109 0.650799 2
0.176663 0.168391 0.655108 2
0.258541 0.177895 0.876639 2
0.121048 0.105844 0.648377 2
0.139272 0.099312 0.651560 2
0.139079 0.159031 0.650659 2
0.127917 0.096085 0.653593 2
0.184134 0.162819 0.656467 2
0.123546 0.127059 0.649211 2
0.139104 0.188407 0.650775 2
0.154603 0.093243 0.666998 2
0.153698 0.172542 0.652930 2
0.170568 0.168207 0.654393 2
0.115081 0.108071 0.647706 2
0.264851 0.188953 0.876590 2
0.162280 0.105630 0.654294 2
0.091789 0.174809 0.648235 2
0.131845 0.133017 0.649713 2
0.151155 0.168799 0.652121 2
0.168125 0.159866 0.654075 2
0.172976 0.141096 0.654572 2
0.090149 0.145983 0.644865 2
0.121072 0.147977 0.648503 2
0.088064 0.134720 0.646636 2
0.176891 0.179258 0.655957 2
0.194337 0.158459 0.662997 2
0.122244 0.116395 0.648517 2
0.134384 0.170767 0.650655 2
0.085408 0.165515 0.653088 2
0.179402 0.177033 0.656483 2
0.144918 0.091559 0.672303 2
0.101687 0.106445 0.659341 2
0.140246 0.115600 0.650627 2
0.115244 0.104714 0.648624 2
0.142696 0.094144 0.656498 2
0.129471 0.165793 0.649559 2
0.145454 0.204823 0.658264 2
0.125838 0.119985 0.648953 2
0.182260 0.185869 0.666942 2
0.129331 0.095079 0.654783 2
0.093966 0.121981 0.647120 2
0.111523 0.152396 0.647398 2
0.135449 0.131930 0.650133 2
0.117459 0.110446 0.647930 2
0.096060 0.130990 0.645500 2
0.124651 0.134015 0.648867 2
0.106754 0.144089 0.646806 2
0.109145 0.159340 0.647146 2
0.163371 0.138600 0.653934 2
0.122577 0.100290 0.650281 2
0.088023 0.135823 0.646336 2
0.109253 0.116264 0.647784 2
0.165748 0.185803 0.654007 2
0.192367 0.153060 0.660339 2
0.112805 0.153719 0.648054 2
0.113930 0.182871 0.647800 2
0.168874 0.100847 0.661629 2
0.162129 0.189249 0.653683 2
0.088987 0.149475 0.644873 2
0.191366 0.134135 0.660996 2
0.183179 0.125084 0.657291 2
0.111526 0.157071 0.647417 2
0.141568 0.122771 0.651312 2
0.113886 0.120894 0.647551 2
0.107089 0.188736 0.656001 2
0.142715 0.183826 0.651183 2
0.193202 0.164491 0.663208 2
0.162020 0.130205 0.653243 2
0.152342 0.146460 0.652168 2
0.170417 0.101054 0.662991 2
0.158544 0.169153 0.653486 2
0.090719 0.124666 0.648943 2
0.103177 0.127660 0.646322 2
0.100812 0.143934 0.646108 2
0.266426 0.188949 0.876568 2
0.099637 0.164897 0.646049 2
0.114012 0.172479 0.648269 2
0.106772 0.170952 0.646912 2
0.116372 0.131576 0.648386 2
0.128341 0.125997 0.649770 2
0.103203 0.168506 0.646484 2
0.170540 0.142215 0.654289 2
0.153697 0.171363 0.652926 2
0.105573 0.156901 0.646717 2
0.118706 0.183030 0.648361 2
0.168108 0.143334 0.654007 2
0.170593 0.115106 0.654491 2
0.118674 0.138550 0.648185 2
0.176635 0.142371 0.655005 2
0.135846 0.093135 0.657737 2
0.122293 0.178465 0.648774 2
0.125894 0.191476 0.649242 2
0.151262 0.157148 0.652584 2
0.127072 0.165721 0.649279 2
0.149944 0.165233 0.651972 2
0.151103 0.114650 0.651897 2
0.099089 0.188091 0.657883 2
0.172998 0.162370 0.654655 2
0.170539 0.139854 0.654283 2
0.176654 0.160111 0.655075 2
0.137992 0.167352 0.651065 2
0.136702 0.193026 0.650517 2
0.181523 0.140133 0.655589 2
0.148752 0.186381 0.651900 2
0.252224 0.160506 0.876667 2
0.125835 0.116471 0.648939 2
0.150051 0.155935 0.652437 2
0.139041 0.114401 0.650480 2
0.173121 0.181393 0.655122 2
0.109119 0.120790 0.646993 2
0.151163 0.178219 0.652155 2
0.100802 0.127604 0.646043 2
0.112808 0.158399 0.648072 2
0.122349 0.128203 0.649075 2
0.186129 0.181341 0.663580 2
0.140237 0.106205 0.650588 2
0.122385 0.175086 0.649262 2
0.139072 0.150809 0.650627 2
0.148563 0.091094 0.677867 2
0.146340 0.191006 0.651635 2
0.137973 0.145018 0.650976 2
0.092523 0.160024 0.645198 2
0.136628 0.106136 0.650163 2
0.136777 0.154387 0.650872 2
0.184314 0.108089 0.692750 2
0.134301 0.176527 0.650255 2
0.105557 0.132384 0.646620 2
0.148858 0.173570 0.652366 2
0.157195 0.154840 0.652778 2
0.149383 0.097423 0.654665 2
0.147616 0.137030 0.652078 2
0.087106 0.164274 0.648188 2
0.127180 0.175238 0.649826 2
0.102012 0.163802 0.646326 2
0.177978 0.122397 0.655601 2
0.104396 0.176715 0.646653 2
0.096108 0.174159 0.645824 2
0.154294 0.090364 0.681578 2
0.095527 0.112141 0.657872 2
0.160790 0.114850 0.653035 2
0.106739 0.121905 0.646716 2
0.162186 0.106748 0.653912 2
0.158433 0.184348 0.653030 2
0.147099 0.096294 0.655013 2
0.107960 0.167483 0.647038 2
0.176661 0.167208 0.655104 2
0.177847 0.129397 0.655119 2
0.109750 0.186046 0.650730 2
0.160796 0.119566 0.653058 2
0.146335 0.185123 0.651612 2
0.090362 0.168481 0.646386 2
0.099621 0.136906 0.645941 2
0.131031 0.098127 0.651493 2
0.124663 0.149245 0.648931 2
0.105586 0.177922 0.646798 2
0.166874 0.123239 0.653795 2
0.141445 0.103883 0.650744 2
0.118678 0.144402 0.648209 2
0.127610 0.091323 0.670569 2
0.145729 0.201189 0.654169 2
0.169361 0.178803 0.654292 2
0.176650 0.156563 0.655061 2
0.174265 0.190918 0.659451 2
0.133027 0.110758 0.649759 2
0.158405 0.153694 0.652914 2
0.113931 0.186380 0.647811 2
0.144124 0.198245 0.652245 2
0.157331 0.169116 0.653344 2
0.086241 0.135522 0.650484 2
0.179605 0.179605 0.657227 2
0.170566 0.167025 0.654388 2
0.108241 0.190152 0.648721 2
0.148843 0.157079 0.652300 2
0.172972 0.137551 0.654556 2
0.090243 0.133327 0.645540 2
0.151099 0.111120 0.651883 2
0.129490 0.190427 0.649657 2
0.160825 0.108984 0.653178 2
0.110314 0.126657 0.647157 2
0.134194 0.203951 0.655461 2
0.139186 0.155630 0.651160 2
0.102911 0.192140 0.659560 2
0.162185 0.168083 0.653910 2
0.166883 0.133860 0.653831 2
0.163358 0.125614 0.653882 2
0.154973 0.195042 0.653340 2
0.196131 0.155345 0.665025 2
0.130766 0.156567 0.650174 2
0.107934 0.127770 0.646882 2
0.163631 0.096005 0.669477 2
0.124633 0.110590 0.648773 2
0.135559 0.137907 0.650665 2
0.129554 0.142451 0.649977 2
0.145065 0.114525 0.651188 2
0.172760 0.099693 0.686562 2
0.122267 0.146838 0.648640 2
0.092510 0.134402 0.645107 2
0.192371 0.144725 0.660355 2
0.111510 0.111510 0.647324 2
0.121092 0.174910 0.648611 2
0.147494 0.129865 0.651539 2
0.164937 0.094514 0.684929 2
0.143922 0.185042 0.651329 2
0.160961 0.158603 0.653729 2
0.136691 0.181277 0.650466 2
0.086007 0.137494 0.648716 2
0.159739 0.150308 0.653553 2
0.154734 0.117080 0.652334 2
0.111530 0.109195 0.647440 2
0.150567 0.200165 0.654678 2
0.139105 0.189582 0.650779 2
0.152258 0.202023 0.656880 2
0.127047 0.132901 0.649147 2
0.112733 0.178153 0.647640 2
0.183024 0.114615 0.665347 2
0.126220 0.199017 0.650923 2
0.116728 0.101477 0.650370 2
0.188050 0.157203 0.657740 2
0.174218 0.163588 0.654803 2
0.264849 0.187371 0.876584 2
0.177856 0.143585 0.655153 2
0.117506 0.105814 0.648193 2
0.190336 0.121887 0.665736 2
0.159749 0.105517 0.653593 2
0.152348 0.152348 0.652195 2
0.159648 0.186747 0.653181 2
0.104398 0.179051 0.646662 2
0.113446 0.196915 0.651737 2
0.173006 0.170645 0.654688 2
0.122237 0.108201 0.648482 2
0.182767 0.153193 0.655811 2
0.182985 0.168773 0.656594 2
0.156119 0.170258 0.653206 2
0.154884 0.145461 0.652964 2
0.118788 0.166771 0.648807 2
0.158541 0.166793 0.653477 2
0.180441 0.126013 0.655955 2
0.086792 0.126941 0.654638 2
0.157333 0.171475 0.653353 2
0.126157 0.092354 0.669276 2
0.094414 0.117870 0.650202 2
0.176631 0.138824 0.654990 2
0.125890 0.152824 0.649220 2
0.161094 0.098083 0.659098 2
0.141816 0.098271 0.652453 2
0.116595 0.102533 0.649631 2
0.109146 0.160509 0.647150 2
0.193235 0.133410 0.663321 2
0.258542 0.179477 0.876645 2
0.139188 0.157982 0.651169 2
0.106738 0.119570 0.646709 2
0.178067 0.112116 0.664762 2
0.147808 0.099520 0.652925 2
0.148691 0.119306 0.651636 2
0.168120 0.155143 0.654056 2
0.116378 0.140941 0.648423 2
0.122293 0.179636 0.648776 2
0.153764 0.095583 0.658255 2
0.128283 0.179830 0.649478 2
0.184487 0.171436 0.657725 2
0.179008 0.117158 0.659394 2
0.137960 0.196666 0.650915 2
0.150038 0.141801 0.652381 2
0.140262 0.133219 0.650700 2
0.106762 0.155767 0.646852 2
0.171768 0.151699 0.654469 2
0.162153 0.136209 0.653782 2
0.171778 0.161153 0.654507 2
0.117503 0.144394 0.648173 2
0.139159 0.123893 0.651033 2
0.163406 0.174025 0.654077 2
0.150345 0.198691 0.653713 2
0.135488 0.178891 0.650320 2
0.135510 0.195346 0.650429 2
0.147392 0.089903 0.678104 2
0.166929 0.179906 0.654011 2
0.168099 0.115015 0.653975 2
0.116381 0.144453 0.648438 2
0.175436 0.162441 0.654941 2
0.149401 0.093450 0.659963 2
0.106766 0.161607 0.646875 2
0.180300 0.144831 0.655444 2
0.178666 0.189495 0.667000 2
0.152413 0.161828 0.652472 2
0.169989 0.107206 0.656717 2
0.110320 0.134835 0.647189 2
0.129551 0.176448 0.649964 2
0.118708 0.186542 0.648372 2
0.115191 0.151444 0.648325 2
0.137138 0.097115 0.652590 2
0.164449 0.131441 0.653532 2
0.188083 0.158417 0.657854 2
0.175401 0.129336 0.654808 2
0.103205 0.172008 0.646496 2
0.149957 0.182889 0.652030 2
0.140382 0.145081 0.651259 2
0.184584 0.125232 0.658070 2
0.134274 0.163591 0.650122 2
0.115749 0.096558 0.664969 2
0.152474 0.158361 0.652731 2
0.266439 0.201608 0.876612 2
0.113923 0.173513 0.647762 2
0.155961 0.133597 0.652544 2
0.155154 0.092602 0.679956 2
0.169352 0.169352 0.654256 2
0.162111 0.107877 0.653610 2
0.142791 0.141616 0.651529 2
0.145202 0.139324 0.651803 2
0.122254 0.130444 0.648571 2
0.127084 0.178620 0.649336 2
0.167032 0.101646 0.659070 2
0.107954 0.158137 0.647001 2
0.117502 0.170115 0.648171 2
0.164433 0.113747 0.653466 2
0.113925 0.177022 0.647776 2
0.110348 0.176907 0.647355 2
0.182794 0.157949 0.655910 2
0.121052 0.121052 0.648395 2
0.090422 0.169760 0.646816 2
0.145483 0.098363 0.653063 2
0.109134 0.142983 0.647081 2
0.094891 0.160093 0.645475 2
0.153523 0.115877 0.652186 2
0.086798 0.154372 0.645898 2
0.143853 0.107449 0.651017 2
0.090349 0.129987 0.646299 2
0.189364 0.145436 0.658181 2
0.104390 0.166207 0.646614 2
0.118786 0.164428 0.648798 2
0.099616 0.129909 0.645913 2
0.145111 0.162735 0.651391 2
0.127089 0.187998 0.649362 2
0.128871 0.092762 0.690277 2
0.107936 0.131273 0.646895 2
0.168201 0.184726 0.654369 2
0.143862 0.116851 0.651057 2
0.120642 0.098279 0.652504 2
0.110321 0.136004 0.647194 2
0.108947 0.103058 0.652956 2
0.098431 0.131047 0.645779 2
0.147509 0.146334 0.651606 2
0.121100 0.186622 0.648654 2
0.169332 0.150452 0.654179 2
0.137829 0.104985 0.650300 2
0.141495 0.166154 0.650975 2
0.096079 0.164790 0.645632 2
0.106749 0.135915 0.646774 2
0.137842 0.119072 0.650360 2
0.134294 0.190591 0.650219 2
0.151483 0.090154 0.679995 2
0.166294 0.096853 0.675389 2
0.163216 0.113721 0.653316 2
0.091390 0.165899 0.645416 2
0.175500 0.119955 0.655180 2
0.168107 0.142153 0.654003 2
0.173001 0.118680 0.654668 2
0.150058 0.163004 0.652466 2
0.179083 0.148349 0.655315 2
0.105553 0.125380 0.646592 2
0.084076 0.142870 0.651888 2
0.162021 0.131384 0.653247 2
0.117591 0.165564 0.648662 2
0.121098 0.183109 0.648642 2
0.113880 0.112712 0.647519 2
0.129434 0.120063 0.649376 2
0.187959 0.146454 0.657422 2
0.121101 0.187794 0.648658 2
0.184031 0.154444 0.656102 2
0.159737 0.097980 0.658403 2
0.185661 0.129903 0.657681 2
0.161196 0.092024 0.684785 2
0.160928 0.125560 0.653597 2
0.151179 0.192356 0.652224 2
0.098437 0.141540 0.645820 2
0.154736 0.118258 0.652340 2
0.125968 0.159950 0.649624 2
0.192196 0.128730 0.663864 2
0.157223 0.186665 0.652896 2
0.098435 0.138042 0.645806 2
0.133091 0.189376 0.650072 2
0.135498 0.191808 0.650368 2
0.128245 0.130587 0.649285 2
0.117511 0.181820 0.648219 2
0.114009 0.167797 0.648250 2
0.166891 0.142122 0.653860 2
0.163373 0.140961 0.653944 2
0.179167 0.170889 0.655625 2
0.182759 0.144906 0.655783 2
0.256959 0.171570 0.876639 2
0.165808 0.144566 0.654244 2
0.261702 0.188963 0.876634 2
0.136691 0.180103 0.650463 2
0.109308 0.189973 0.648109 2
0.111553 0.186312 0.647573 2
0.119811 0.097384 0.654397 2
0.163399 0.166938 0.654048 2
0.147632 0.154690 0.652148 2
0.096072 0.151968 0.645583 2
0.136150 0.202163 0.653502 2
0.168124 0.158685 0.654070 2
0.127029 0.110638 0.649055 2
0.130942 0.092098 0.694661 2
0.152310 0.106440 0.652030 2
0.102013 0.166136 0.646335 2
0.168090 0.125625 0.653937 2
0.130682 0.179908 0.649759 2
0.136650 0.130785 0.650271 2
0.083018 0.156028 0.652823 2
0.123545 0.125887 0.649207 2
0.115079 0.122089 0.647696 2
0.099827 0.182725 0.647281 2
0.156077 0.126629 0.653031 2
0.174412 0.181507 0.655533 2
0.194003 0.146248 0.661858 2
0.163226 0.121977 0.653354 2
0.168085 0.116185 0.653920 2
0.121114 0.093397 0.668097 2
0.160962 0.159783 0.653734 2
0.116266 0.111592 0.647795 2
0.131591 0.090355 0.672364 2
0.116369 0.128065 0.648372 2
0.123441 0.116420 0.648658 2
0.179071 0.137701 0.655272 2
0.152490 0.176041 0.652802 2
0.187081 0.130066 0.658503 2
0.151260 0.154791 0.652575 2
0.117481 0.140861 0.648055 2
0.145080 0.129809 0.651256 2
0.135564 0.143780 0.650688 2
0.124674 0.162135 0.648988 2
0.162019 0.129026 0.653238 2
0.099640 0.169563 0.646067 2
0.171767 0.150517 0.654465 2
0.086705 0.127993 0.653982 2
0.118660 0.119829 0.648109 2
0.141446 0.110927 0.650749 2
0.146274 0.116902 0.651341 2
0.160928 0.190402 0.653595 2
0.084143 0.159459 0.652410 2
0.164556 0.100397 0.658680 2
0.137972 0.143843 0.650971 2
0.186656 0.155843 0.657009 2
0.142775 0.123974 0.651458 2
0.164614 0.165794 0.654186 2
0.168412 0.188503 0.655190 2
0.110420 0.108083 0.647777 2
0.105583 0.172082 0.646776 2
0.166318 0.104762 0.656254 2
0.124767 0.156398 0.649469 2
0.117507 0.177138 0.648198 2
0.121148 0.122318 0.648911 2
0.145129 0.186259 0.651474 2
0.100820 0.157933 0.646163 2
0.131941 0.123731 0.650184 2
0.084002 0.135237 0.660555 2
0.116312 0.175929 0.648053 2
0.111576 0.108071 0.647704 2
0.134289 0.094061 0.655925 2
0.177017 0.180569 0.656422 2
0.104393 0.170878 0.646632 2
0.162143 0.125587 0.653739 2
0.165714 0.181047 0.653872 2
0.104381 0.103188 0.661336 2
0.258576 0.212713 0.876760 2
0.114285 0.195163 0.649821 2
0.112816 0.168931 0.648114 2
0.130654 0.145887 0.649617 2
0.134247 0.133075 0.649995 2
0.141600 0.159227 0.651457 2
0.109140 0.152330 0.647118 2
0.107965 0.102000 0.661367 2
0.131823 0.107216 0.649604 2
0.173200 0.098705 0.688310 2
0.145220 0.159331 0.651883 2
0.112091 0.097705 0.664613 2
0.097505 0.117356 0.647367 2
0.122292 0.177295 0.648773 2
0.143851 0.105099 0.651007 2
0.263281 0.193705 0.876628 2
0.163282 0.178608 0.653579 2
0.169341 0.158720 0.654212 2
0.111043 0.102817 0.651430 2
0.186833 0.163108 0.657633 2
0.117099 0.099446 0.652441 2
0.179086 0.151898 0.655329 2
0.141506 0.179084 0.651025 2
0.085466 0.131441 0.653529 2
0.127094 0.192690 0.649387 2
0.188329 0.164565 0.658716 2
0.137954 0.122691 0.650887 2
0.147578 0.194615 0.651912 2
0.166866 0.118516 0.653764 2
0.179088 0.153081 0.655334 2
0.147478 0.113399 0.651467 2
0.141442 0.106228 0.650729 2
0.176629 0.137641 0.654985 2
0.175444 0.169537 0.654970 2
0.143858 0.113325 0.651041 2
0.189560 0.159848 0.658864 2
0.133110 0.094064 0.655946 2
0.153537 0.130006 0.652247 2
0.100824 0.163766 0.646186 2
0.125941 0.124769 0.649484 2
0.164501 0.183369 0.653738 2
0.123454 0.133986 0.648727 2
0.186028 0.125406 0.658983 2
0.105553 0.126548 0.646597 2
0.087002 0.136050 0.647415 2
0.145650 0.097297 0.653814 2
0.163289 0.185690 0.653607 2
0.086780 0.146187 0.645765 2
0.169416 0.183583 0.654503 2
0.178163 0.186561 0.665122 2
0.133044 0.128355 0.649842 2
0.162183 0.165721 0.653901 2
0.146286 0.128661 0.651394 2
0.141570 0.125122 0.651321 2
0.152580 0.196175 0.653188 2
0.159741 0.152668 0.653563 2
0.110458 0.186435 0.648001 2
0.177390 0.189417 0.666726 2
0.093767 0.126382 0.645749 2
0.127048 0.135245 0.649155 2
0.101992 0.132298 0.646202 2
0.104728 0.189931 0.656040 2
0.142660 0.120351 0.650932 2
0.177873 0.158963 0.655214 2
0.082627 0.146826 0.659091 2
0.089245 0.131242 0.646743 2
0.149197 0.098482 0.653850 2
0.123483 0.171471 0.648878 2
0.155946 0.118284 0.652482 2
0.104741 0.191138 0.656122 2
0.163236 0.132592 0.653394 2
0.136690 0.178929 0.650461 2
0.156005 0.179553 0.652728 2
0.137866 0.135520 0.650474 2
0.135424 0.104939 0.650017 2
0.187477 0.172003 0.659899 2
0.153724 0.194952 0.653041 2
0.139536 0.200766 0.652794 2
0.186937 0.132340 0.657998 2
0.131835 0.121288 0.649663 2
0.190848 0.153987 0.659208 2
0.153518 0.111168 0.652167 2
0.097262 0.160162 0.645753 2
0.151908 0.097528 0.655370 2
0.153529 0.121765 0.652214 2
0.110722 0.098752 0.663593 2
0.137834 0.109680 0.650319 2
0.127921 0.202198 0.653615 2
0.117456 0.108107 0.647918 2
0.123460 0.139844 0.648760 2
0.170549 0.150484 0.654321 2
0.092799 0.174509 0.647123 2
0.127044 0.128215 0.649135 2
0.121153 0.129347 0.648939 2
0.165837 0.172919 0.654358 2
0.141597 0.155698 0.651443 2
0.145560 0.093277 0.658743 2
0.139098 0.181356 0.650749 2
0.184177 0.180600 0.660869 2
0.112687 0.111519 0.647374 2
0.175421 0.148251 0.654885 2
0.106796 0.187041 0.654211 2
0.140302 0.180220 0.650887 2
0.118707 0.184200 0.648365 2
0.152440 0.123012 0.652590 2
0.175627 0.117676 0.655654 2
0.128444 0.197651 0.650292 2
0.107966 0.176831 0.647075 2
0.161676 0.197209 0.656633 2
0.124769 0.159916 0.649483 2
0.113998 0.152582 0.648189 2
0.191297 0.173307 0.664901 2
0.137983 0.156772 0.651023 2
0.118699 0.173664 0.648324 2
0.166888 0.139761 0.653851 2
0.147493 0.128689 0.651536 2
0.129542 0.127197 0.649916 2
0.112789 0.130321 0.647960 2
0.177908 0.170816 0.655344 2
0.096211 0.120701 0.646517 2
0.175407 0.135247 0.654833 2
0.177869 0.155414 0.655200 2
0.115613 0.101528 0.650698 2
0.169253 0.103927 0.658462 2
0.115413 0.195090 0.649575 2
0.119853 0.117515 0.648240 2
0.123751 0.092360 0.669318 2
0.174188 0.135217 0.654690 2
0.133090 0.188202 0.650068 2
0.146396 0.124055 0.651884 2
0.095278 0.118659 0.648102 2
0.171563 0.106262 0.658211 2
0.112690 0.116194 0.647394 2
0.122248 0.121078 0.648536 2
0.127367 0.099194 0.650784 2
0.130689 0.189294 0.649790 2
0.116376 0.137429 0.648409 2
0.147511 0.148686 0.651613 2
0.119975 0.153919 0.648897 2
0.145136 0.193319 0.651505 2
0.154800 0.186584 0.652611 2
0.182257 0.184663 0.666931 2
0.180067 0.181256 0.658917 2
0.131353 0.091402 0.671148 2
0.163391 0.158672 0.654015 2
0.151289 0.091264 0.679126 2
0.140367 0.127446 0.651189 2
0.176062 0.191580 0.661734 2
0.133048 0.135392 0.649861 2
0.143619 0.092369 0.660746 2
0.135468 0.094059 0.655905 2
0.085736 0.151059 0.646677 2
0.154879 0.140746 0.652945 2
0.122239 0.105863 0.648492 2
0.090154 0.154134 0.644901 2
0.160288 0.101141 0.655801 2
0.140381 0.196768 0.651254 2
0.109126 0.131302 0.647035 2
0.152489 0.174862 0.652798 2
0.187990 0.154780 0.657529 2
0.098819 0.111837 0.656087 2
0.125977 0.171681 0.649671 2
0.110317 0.130162 0.647171 2
0.128342 0.127170 0.649775 2
0.189465 0.173925 0.662688 2
0.140381 0.143905 0.651254 2
0.180494 0.124866 0.656148 2
0.125863 0.149279 0.649079 2
0.171746 0.130433 0.654385 2
0.113997 0.151411 0.648185 2
0.162024 0.134922 0.653260 2
0.091350 0.134407 0.645134 2
0.124755 0.141155 0.649408 2
0.165715 0.182228 0.653877 2
0.123483 0.172643 0.648883 2
0.175424 0.150616 0.654894 2
0.165166 0.103599 0.656381 2
0.091328 0.139028 0.644977 2
0.129435 0.121236 0.649381 2
0.113904 0.108063 0.647658 2
0.115208 0.192403 0.648417 2
0.111528 0.159409 0.647426 2
0.151264 0.159504 0.652594 2
0.135447 0.129584 0.650127 2
0.129851 0.098123 0.651468 2
0.117564 0.128092 0.648513 2
0.116366 0.123383 0.648354 2
0.105908 0.188741 0.656018 2
0.180549 0.123720 0.656349 2
0.169830 0.108289 0.656105 2
0.110336 0.159375 0.647286 2
0.105587 0.179090 0.646802 2
0.141511 0.186137 0.651049 2
0.144025 0.173418 0.651798 2
0.182395 0.188415 0.667436 2
0.166156 0.105843 0.655616 2
0.158365 0.114800 0.652750 2
0.183369 0.122839 0.657971 2
0.101983 0.119466 0.646146 2
0.163523 0.094411 0.684183 2
0.087978 0.124587 0.654679 2
0.094146 0.119875 0.648358 2
0.135448 0.130757 0.650130 2
0.123567 0.154019 0.649319 2
0.129825 0.204519 0.657285 2
0.140623 0.093156 0.657883 2
0.100823 0.161433 0.646177 2
0.117471 0.106951 0.647998 2
0.177853 0.128219 0.655139 2
0.119872 0.143262 0.648343 2
0.146273 0.115726 0.651335 2
0.128227 0.110662 0.649196 2
0.115190 0.150274 0.648320 2
0.140393 0.158016 0.651311 2
0.165831 0.167011 0.654334 2
0.123549 0.102469 0.649224 2
0.139042 0.115575 0.650486 2
0.160930 0.126739 0.653601 2
0.134357 0.137877 0.650523 2
0.162159 0.142110 0.653806 2
0.112789 0.106945 0.647964 2
0.146333 0.182770 0.651604 2
0.130644 0.131816 0.649570 2
0.094974 0.174216 0.646037 2
0.119850 0.112834 0.648221 2
0.139097 0.177833 0.650741 2
0.146590 0.198397 0.652747 2
0.129466 0.159928 0.649535 2
0.133107 0.176499 0.650152 2
0.152359 0.162948 0.652242 2
0.090591 0.172415 0.648027 2
0.155985 0.157162 0.652645 2
0.112730 0.173476 0.647622 2
0.136633 0.112004 0.650188 2
0.123464 0.144528 0.648778 2
0.159574 0.111290 0.652878 2
0.090203 0.135595 0.645249 2
0.089332 0.121279 0.655952 2
0.119951 0.122292 0.648770 2
0.122296 0.186663 0.648794 2
0.146425 0.155834 0.652011 2
0.140605 0.098247 0.652291 2
0.125873 0.163342 0.649132 2
0.162187 0.170444 0.653919 2
0.236447 0.136807 0.876804 2
0.092704 0.125355 0.646462 2
0.165920 0.189538 0.654684 2
0.179495 0.178310 0.656824 2
0.171769 0.152881 0.654474 2
0.091485 0.169569 0.646088 2
0.097268 0.169491 0.645792 2
0.133029 0.113104 0.649769 2
0.157301 0.138448 0.653221 2
0.118978 0.196343 0.649845 2
0.129551 0.138930 0.649963 2
0.098438 0.142706 0.645824 2
0.135432 0.113153 0.650051 2
0.096697 0.186868 0.657755 2
0.087453 0.167277 0.650774 2
0.157307 0.144345 0.653244 2
0.157198 0.159553 0.652792 2
0.171792 0.174153 0.654559 2
0.147475 0.111047 0.651457 2
0.156363 0.093576 0.669382 2
0.166910 0.161013 0.653938 2
0.122300 0.190179 0.648813 2
0.148814 0.125286 0.652172 2
0.131978 0.169518 0.650367 2
0.180293 0.138915 0.655420 2
0.177860 0.147134 0.655168 2
0.100814 0.147433 0.646122 2
0.082865 0.163942 0.660992 2
0.092665 0.178838 0.654419 2
0.186654 0.141620 0.657001 2
0.141179 0.095104 0.654958 2
0.085931 0.159586 0.648144 2
0.125887 0.183268 0.649205 2
0.142754 0.195626 0.651361 2
0.192181 0.123502 0.667973 2
0.104397 0.177883 0.646657 2
0.095018 0.175463 0.646335 2
0.082613 0.149178 0.658978 2
0.164598 0.150439 0.654125 2
0.143875 0.129781 0.651115 2
0.119901 0.181899 0.648499 2
0.185611 0.166635 0.657507 2
0.090277 0.165994 0.645784 2
0.159623 0.107789 0.653077 2
0.108089 0.100923 0.662130 2
0.159650 0.187927 0.653190 2
0.151245 0.138298 0.652509 2
0.143876 0.132131 0.651121 2
0.156088 0.137239 0.653073 2
0.118781 0.157399 0.648770 2
0.097248 0.136846 0.645662 2
0.086776 0.147345 0.645736 2
0.161244 0.103362 0.654879 2
0.127119 0.195072 0.649516 2
0.140261 0.132045 0.650697 2
0.153651 0.123039 0.652732 2
0.133160 0.144892 0.650410 2
0.133142 0.122584 0.650321 2
0.085332 0.163014 0.652507 2
0.098443 0.150868 0.645857 2
0.172964 0.130461 0.654528 2
0.139176 0.143874 0.651113 2
0.188722 0.120423 0.664281 2
0.090362 0.121074 0.654841 2
0.156010 0.185446 0.652749 2
0.105572 0.155734 0.646712 2
0.142652 0.112126 0.650895 2
0.092583 0.128685 0.645615 2
0.163234 0.130233 0.653385 2
0.175416 0.143522 0.654867 2
0.097259 0.154333 0.645731 2
0.187920 0.174795 0.661457 2
0.140406 0.172129 0.651367 2
0.151098 0.109943 0.651878 2
0.097261 0.157830 0.645744 2
0.156708 0.093293 0.676080 2
0.106759 0.151096 0.646834 2
0.088986 0.148310 0.644865 2
0.139097 0.179007 0.650743 2
0.151121 0.133480 0.651976 2
0.158543 0.167973 0.653482 2
0.115131 0.189936 0.647984 2
0.102018 0.175472 0.646369 2
0.123451 0.130472 0.648711 2
0.152476 0.160718 0.652741 2
0.116383 0.147965 0.648451 2
0.157310 0.147883 0.653259 2
0.105582 0.170915 0.646772 2
0.109609 0.104920 0.649899 2
0.112806 0.154889 0.648058 2
0.152317 0.119384 0.652062 2
0.109123 0.126630 0.647017 2
0.143860 0.103931 0.651047 2
0.143078 0.093209 0.658258 2
0.165820 0.156379 0.654291 2
0.185302 0.150965 0.656412 2
0.264856 0.193701 0.876606 2
0.117116 0.095495 0.665921 2
0.137878 0.161347 0.650530 2
0.137574 0.092311 0.660332 2
0.090151 0.143659 0.644877 2
0.261700 0.187380 0.876628 2
0.142697 0.162662 0.651099 2
0.159593 0.130148 0.652958 2
0.086956 0.137146 0.647074 2
0.082662 0.142131 0.659370 2
0.184014 0.148513 0.656041 2
0.115177 0.131547 0.648246 2
0.135784 0.089508 0.675125 2
0.114008 0.166627 0.648245 2
0.133023 0.106067 0.649740 2
0.163187 0.100286 0.657951 2
0.166882 0.132680 0.653826 2
0.123118 0.097199 0.653154 2
0.123741 0.197633 0.650234 2
0.184090 0.160413 0.656310 2
0.108370 0.106027 0.649499 2
0.164650 0.095584 0.683741 2
0.127177 0.171718 0.649812 2
0.174227 0.171864 0.654836 2
0.165712 0.178686 0.653864 2
0.140380 0.142730 0.651250 2
0.130693 0.192817 0.649813 2
0.180295 0.140098 0.655425 2
0.184074 0.159215 0.656254 2
0.139102 0.186056 0.650766 2
0.134246 0.130729 0.649989 2
0.099612 0.121748 0.645888 2
0.115187 0.145592 0.648302 2
0.180650 0.186652 0.665445 2
0.098459 0.175361 0.645961 2
0.141613 0.174519 0.651519 2
0.122302 0.103576 0.648822 2
0.146332 0.181593 0.651600 2
0.140390 0.154488 0.651297 2
0.176947 0.112166 0.665060 2
0.146303 0.147478 0.651467 2
0.184340 0.184340 0.665763 2
0.106746 0.131245 0.646756 2
0.149886 0.106390 0.651721 2
0.111582 0.100956 0.654596 2
0.163383 0.189336 0.653985 2
0.116557 0.195042 0.649417 2
0.156600 0.092732 0.680911 2
0.103187 0.143996 0.646387 2
0.160788 0.112493 0.653026 2
0.141521 0.101590 0.651095 2
0.187389 0.126711 0.659588 2
0.098445 0.154366 0.645871 2
0.187171 0.128940 0.658820 2
0.115195 0.156127 0.648344 2
0.179139 0.116830 0.664290 2
0.133086 0.183507 0.650051 2
0.129523 0.101392 0.649824 2
0.135489 0.182412 0.650329 2
0.115123 0.184081 0.647944 2
0.166880 0.131499 0.653820 2
0.123459 0.141013 0.648755 2
0.160798 0.110143 0.653065 2
0.105566 0.146393 0.646676 2
0.164514 0.185741 0.653789 2
0.121152 0.128176 0.648935 2
0.128339 0.101382 0.649763 2
0.109532 0.192706 0.649441 2
0.105575 0.159237 0.646726 2
0.179094 0.158998 0.655357 2
0.140374 0.135675 0.651222 2
0.122236 0.107030 0.648476 2
0.097430 0.118433 0.646872 2
0.180294 0.136551 0.655424 2
0.145098 0.150973 0.651336 2
0.153558 0.146498 0.652337 2
0.125708 0.202431 0.654370 2
0.113922 0.099755 0.654469 2
0.103182 0.135827 0.646355 2
0.099617 0.131075 0.645918 2
0.110416 0.187532 0.647755 2
0.096076 0.160127 0.645614 2
0.146443 0.175849 0.652091 2
0.134588 0.098149 0.651643 2
0.125846 0.130529 0.648994 2
0.189405 0.154968 0.658324 2
0.191029 0.121126 0.668160 2
0.104372 0.138191 0.646504 2
0.131118 0.092447 0.669948 2
0.119956 0.128148 0.648794 2
0.184711 0.174020 0.658525 2
0.143983 0.125177 0.651605 2
0.106676 0.103100 0.660774 2
0.145099 0.152149 0.651341 2
0.152331 0.134687 0.652122 2
0.121072 0.149147 0.648507 2
0.119848 0.110494 0.648211 2
0.123443 0.119933 0.648672 2
0.180325 0.162588 0.655536 2
0.092521 0.156529 0.645183 2
0.109131 0.138310 0.647063 2
0.260135 0.196880 0.876683 2
0.086975 0.161692 0.647214 2
0.137897 0.184841 0.650621 2
0.100797 0.120607 0.646016 2
0.097707 0.183128 0.648708 2
0.145112 0.166262 0.651397 2
0.136944 0.089470 0.674840 2
0.133154 0.137847 0.650382 2
0.148736 0.168725 0.651833 2
0.103505 0.111785 0.655785 2
0.086835 0.141617 0.646174 2
0.122239 0.110542 0.648492 2
0.113934 0.188722 0.647826 2
0.195920 0.145592 0.664309 2
0.141528 0.168542 0.651128 2
0.168293 0.110424 0.654727 2
0.139470 0.089529 0.675284 2
0.145235 0.175811 0.651949 2
0.116674 0.097527 0.663404 2
0.141581 0.136881 0.651368 2
0.094880 0.140283 0.645398 2
0.126192 0.099193 0.650781 2
0.135562 0.141431 0.650679 2
0.130225 0.096048 0.653342 2
0.086636 0.129071 0.653466 2
0.192935 0.135592 0.662289 2
0.171772 0.155244 0.654483 2
0.087942 0.158995 0.645744 2
0.125864 0.151623 0.649089 2
0.153701 0.176079 0.652945 2
0.090529 0.126740 0.647582 2
0.124834 0.095252 0.655978 2
0.097242 0.125192 0.645622 2
0.096765 0.183560 0.650240 2
0.168091 0.124446 0.653942 2
0.159584 0.120719 0.652921 2
0.089197 0.132338 0.646394 2
0.261715 0.201623 0.876678 2
0.089328 0.168730 0.647344 2
0.171793 0.175335 0.654564 2
0.112798 0.143189 0.648012 2
0.098764 0.115127 0.647962 2
0.111521 0.148889 0.647384 2
0.153581 0.092393 0.678425 2
0.113978 0.124499 0.648077 2
0.098457 0.174193 0.645950 2
0.107304 0.116685 0.650134 2
0.188265 0.117290 0.666908 2
0.115202 0.166663 0.648386 2
0.137998 0.174405 0.651093 2
0.129465 0.158755 0.649530 2
0.119864 0.132728 0.648299 2
0.169734 0.188659 0.655731 2
0.130755 0.142482 0.650118 2
0.152312 0.114675 0.652039 2
0.130791 0.100292 0.650297 2
0.184682 0.124111 0.658421 2
0.130741 0.124878 0.650048 2
0.100940 0.182626 0.646931 2
0.172999 0.163552 0.654660 2
0.094894 0.163590 0.645490 2
0.139197 0.168564 0.651212 2
0.107378 0.189525 0.650583 2
0.118146 0.096556 0.664953 2
0.096184 0.176628 0.646334 2
0.162929 0.101312 0.656911 2
0.137946 0.090546 0.673788 2
0.136634 0.113177 0.650193 2
0.119876 0.147945 0.648365 2
0.193410 0.132333 0.663921 2
0.143886 0.102776 0.651165 2
0.146466 0.100585 0.652196 2
0.104387 0.161537 0.646595 2
0.160941 0.138539 0.653649 2
0.118655 0.106965 0.648082 2
0.105551 0.123046 0.646581 2
0.157160 0.120666 0.652637 2
0.101997 0.140465 0.646234 2
0.118778 0.152714 0.648751 2
0.263280 0.192123 0.876623 2
0.137879 0.162522 0.650536 2
0.127149 0.136524 0.649672 2
0.136750 0.196615 0.650745 2
0.111900 0.193921 0.649585 2
0.091336 0.153002 0.645031 2
0.167472 0.105927 0.656137 2
0.101998 0.141631 0.646238 2
0.094018 0.176941 0.647477 2
0.164855 0.192035 0.655144 2
0.178672 0.190704 0.667022 2
0.136453 0.091971 0.666497 2
0.174236 0.175417 0.654871 2
0.111518 0.145383 0.647371 2
0.148927 0.100658 0.652667 2
0.084871 0.144573 0.648976 2
0.140278 0.152017 0.650775 2
0.156009 0.184267 0.652745 2
0.162012 0.121951 0.653212 2
0.113221 0.097646 0.664212 2
0.170518 0.120956 0.654203 2
0.110638 0.192591 0.649054 2
0.153410 0.093717 0.661851 2
0.154770 0.153593 0.652484 2
0.263275 0.187376 0.876606 2
0.234980 0.253968 0.877232 2
0.112788 0.129151 0.647956 2
0.115181 0.137399 0.648269 2
0.119957 0.129319 0.648799 2
0.117584 0.156194 0.648625 2
0.107951 0.154633 0.646987 2
0.085873 0.158309 0.647704 2
0.147527 0.166335 0.651684 2
0.142802 0.154555 0.651580 2
0.158408 0.156052 0.652925 2
0.175408 0.136429 0.654838 2
0.153588 0.185365 0.652465 2
0.177859 0.145951 0.655162 2
0.118759 0.126949 0.648649 2
0.114226 0.098677 0.663090 2
0.189361 0.151370 0.658172 2
0.164572 0.124461 0.654020 2
0.101233 0.109521 0.656398 2
0.122760 0.199118 0.651255 2
0.101994 0.134631 0.646211 2
0.182758 0.142540 0.655780 2
0.147690 0.094308 0.657643 2
0.134380 0.166068 0.650636 2
0.133046 0.133046 0.649854 2
0.158436 0.187885 0.653043 2
0.166889 0.140942 0.653856 2
0.123442 0.118762 0.648667 2
0.130709 0.195184 0.649891 2
0.123458 0.137500 0.648747 2
0.179327 0.186524 0.664988 2
0.123466 0.150383 0.648792 2
0.155090 0.095669 0.658845 2
0.128355 0.144766 0.649845 2
0.129431 0.103662 0.649360 2
0.185819 0.127639 0.658240 2
0.160974 0.171588 0.653781 2
0.082631 0.145645 0.659128 2
0.122368 0.152813 0.649173 2
0.140287 0.162592 0.650818 2
0.148719 0.148719 0.651756 2
0.090310 0.131095 0.646016 2
0.099092 0.109772 0.657901 2
0.191150 0.161376 0.660250 2
0.122903 0.098205 0.652011 2
0.128228 0.111834 0.649200 2
0.167792 0.193880 0.657393 2
0.125993 0.093440 0.668403 2
0.155830 0.090542 0.682923 2
0.135895 0.200607 0.652275 2
0.093692 0.134428 0.645236 2
0.118704 0.178349 0.648351 2
0.170973 0.099684 0.669854 2
0.105584 0.173250 0.646781 2
0.140366 0.126271 0.651184 2
0.169550 0.102920 0.659618 2
0.144623 0.096218 0.654500 2
0.124688 0.180885 0.649058 2
0.169306 0.125652 0.654079 2
0.128267 0.159894 0.649397 2
0.158394 0.107755 0.652868 2
0.153539 0.132361 0.652255 2
0.084914 0.155187 0.649306 2
0.148712 0.104040 0.651728 2
0.166020 0.106938 0.655078 2
0.148755 0.189912 0.651914 2
0.183899 0.179138 0.659873 2
0.158409 0.158409 0.652931 2
0.126750 0.093033 0.692296 2
0.114010 0.170138 0.648259 2
0.111636 0.106960 0.648051 2
0.111498 0.116168 0.647253 2
0.139805 0.202334 0.654055 2
0.134285 0.177679 0.650178 2
0.167202 0.108120 0.655081 2
0.085339 0.134777 0.652559 2
0.189349 0.147799 0.658132 2
0.157189 0.151302 0.652756 2
0.117699 0.194994 0.649257 2
0.260145 0.206376 0.876716 2
0.101986 0.122966 0.646162 2
0.143966 0.195677 0.651530 2
0.116383 0.146794 0.648447 2
0.112813 0.165420 0.648100 2
0.105571 0.153398 0.646703 2
0.133176 0.164857 0.650490 2
0.148703 0.132246 0.651687 2
0.130631 0.116572 0.649503 2
0.123569 0.157536 0.649333 2
0.109089 0.101936 0.660951 2
0.100822 0.160266 0.646172 2
0.137832 0.103814 0.650311 2
0.194642 0.137148 0.664037 2
0.143875 0.130956 0.651118 2
0.192647 0.159247 0.661302 2
0.102324 0.111788 0.655800 2
0.103193 0.153332 0.646424 2
0.174162 0.107588 0.659061 2
0.115076 0.117413 0.647678 2
0.180120 0.104083 0.691042 2
0.123566 0.152847 0.649314 2
0.170535 0.136310 0.654267 2
0.157170 0.131269 0.652677 2
0.097243 0.127522 0.645625 2
0.148750 0.184026 0.651892 2
0.154774 0.157128 0.652502 2
0.174197 0.143491 0.654725 2
0.111558 0.185152 0.647602 2
0.159577 0.114825 0.652893 2
0.148741 0.203259 0.657046 2
0.133169 0.155461 0.650452 2
0.116387 0.152648 0.648470 2
0.107928 0.119596 0.646848 2
0.189369 0.152564 0.658201 2
0.111537 0.172269 0.647477 2
0.187006 0.131201 0.658239 2
0.137852 0.128466 0.650406 2
0.110316 0.128994 0.647166 2
0.089054 0.160064 0.645357 2
0.168141 0.175221 0.654136 2
0.085773 0.144123 0.646957 2
0.150034 0.137090 0.652362 2
0.148757 0.192267 0.651923 2
0.131859 0.150612 0.649779 2
0.113989 0.139709 0.648138 2
0.087798 0.127866 0.653336 2
0.095397 0.117637 0.648913 2
0.119867 0.135070 0.648314 2
0.178534 0.113613 0.666506 2
0.099620 0.135739 0.645936 2
0.115193 0.153785 0.648334 2
0.172533 0.108500 0.657383 2
0.129457 0.149373 0.649490 2
0.125831 0.104762 0.648919 2
0.123544 0.124715 0.649202 2
0.129549 0.136584 0.649954 2
0.182779 0.139007 0.655856 2
0.170532 0.117425 0.654257 2
0.158361 0.110087 0.652731 2
0.128232 0.116522 0.649221 2
0.166914 0.112652 0.653951 2
0.142686 0.150907 0.651052 2
0.109449 0.115302 0.648946 2
0.153700 0.174900 0.652940 2
0.116400 0.104701 0.648542 2
0.189537 0.138439 0.658784 2
0.096310 0.179196 0.647185 2
0.142164 0.096152 0.654052 2
0.130646 0.135333 0.649579 2
0.118673 0.137380 0.648182 2
0.084215 0.161953 0.652973 2
0.170794 0.111695 0.655259 2
0.174206 0.121059 0.654759 2
0.118785 0.163257 0.648793 2
0.168145 0.179945 0.654153 2
0.147650 0.174710 0.652228 2
0.144012 0.158119 0.651736 2
0.154779 0.161841 0.652524 2
0.107935 0.130106 0.646891 2
0.106755 0.145257 0.646811 2
0.100832 0.176602 0.646237 2
0.116398 0.167870 0.648531 2
0.143924 0.187394 0.651337 2
0.135586 0.169629 0.650791 2
0.140262 0.102702 0.650700 2
0.087889 0.155407 0.645355 2
0.134230 0.113128 0.649910 2
0.130780 0.174178 0.650245 2
0.180405 0.127171 0.655827 2
0.137840 0.116724 0.650350 2
0.100818 0.153266 0.646145 2
0.149895 0.115802 0.651760 2
0.104683 0.109415 0.655759 2
0.160859 0.184428 0.653315 2
0.107941 0.139448 0.646927 2
0.134077 0.090396 0.672668 2
0.106763 0.156935 0.646857 2
0.100816 0.150933 0.646135 2
0.166745 0.102658 0.657939 2
0.091553 0.119905 0.654910 2
0.170547 0.148122 0.654312 2
0.085370 0.133649 0.652797 2
0.117459 0.111616 0.647935 2
0.185667 0.167872 0.657705 2
0.145096 0.147446 0.651325 2
0.162005 0.116054 0.653183 2
0.175426 0.152981 0.654904 2
0.135461 0.148362 0.650191 2
0.125895 0.192648 0.649244 2
0.155976 0.148913 0.652608 2
0.117583 0.153852 0.648615 2
0.137995 0.170878 0.651079 2
0.123482 0.170299 0.648873 2
0.133068 0.161206 0.649962 2
0.148756 0.191090 0.651919 2
0.146402 0.195791 0.651911 2
0.152307 0.109967 0.652020 2
0.145215 0.153446 0.651860 2
0.113948 0.106936 0.647905 2
0.137969 0.100395 0.650959 2
0.127407 0.092385 0.669498 2
0.163404 0.171663 0.654067 2
0.172041 0.185048 0.655509 2
0.179229 0.123626 0.655849 2
0.105550 0.121878 0.646576 2
0.109228 0.115132 0.654640 2
0.162187 0.190495 0.653916 2
0.151118 0.128773 0.651961 2
0.106751 0.138251 0.646783 2
0.121576 0.099258 0.651206 2
0.094889 0.155431 0.645457 2
0.116314 0.179440 0.648067 2
0.107957 0.163979 0.647024 2
0.134299 0.194117 0.650244 2
0.191982 0.129782 0.663124 2
0.147538 0.179279 0.651733 2
0.133183 0.173079 0.650523 2
0.160639 0.198576 0.657236 2
0.124798 0.101362 0.649631 2
0.145203 0.140500 0.651808 2
0.169342 0.159901 0.654217 2
0.142668 0.128578 0.650970 2
0.186680 0.157048 0.657094 2
0.169318 0.136280 0.654125 2
0.105574 0.111472 0.653947 2
0.121176 0.159812 0.649061 2
0.109147 0.162846 0.647159 2
0.186622 0.152260 0.656888 2
0.082915 0.165233 0.661389 2
0.191173 0.136382 0.660330 2
0.106768 0.165111 0.646889 2
0.128285 0.184520 0.649491 2
0.133022 0.104894 0.649735 2
0.188018 0.155990 0.657627 2
0.131871 0.164693 0.649842 2
0.103176 0.126493 0.646317 2
0.131162 0.092832 0.664054 2
0.130668 0.162310 0.649688 2
0.162140 0.123227 0.653730 2
0.146431 0.162897 0.652039 2
0.131968 0.156601 0.650316 2
0.146267 0.109847 0.651310 2
0.100830 0.174267 0.646226 2
0.124758 0.093417 0.668246 2
0.186453 0.175731 0.660488 2
0.106609 0.190247 0.653062 2
0.123442 0.117591 0.648662 2
0.101987 0.125299 0.646172 2
0.133088 0.185854 0.650059 2
0.129483 0.182214 0.649623 2
0.089093 0.174055 0.654191 2
0.089125 0.134561 0.645874 2
0.162155 0.137389 0.653787 2
0.176647 0.154197 0.655052 2
0.170558 0.116263 0.654355 2
0.171740 0.124527 0.654364 2
0.152472 0.157182 0.652727 2
0.257006 0.217467 0.876798 2
0.124741 0.123570 0.649338 2
0.177850 0.137671 0.655129 2
0.146304 0.149830 0.651475 2
0.155762 0.097721 0.656668 2
0.125885 0.179753 0.649197 2
0.099615 0.127577 0.645904 2
0.166880 0.126781 0.653817 2
0.169304 0.122111 0.654069 2
0.180329 0.163774 0.655549 2
0.140756 0.089572 0.675608 2
0.150039 0.142979 0.652385 2
0.082698 0.157662 0.659661 2
0.087902 0.125659 0.654114 2
0.157188 0.150123 0.652752 2
0.145234 0.174633 0.651944 2
0.083962 0.161375 0.660245 2
0.094889 0.156597 0.645461 2
0.118680 0.145573 0.648216 2
0.260124 0.185803 0.876645 2
0.111538 0.173438 0.647482 2
0.141501 0.204259 0.656450 2
0.138062 0.099287 0.651399 2
0.182754 0.117272 0.660037 2
0.168131 0.165772 0.654099 2
0.127176 0.170545 0.649807 2
0.104381 0.152198 0.646559 2
0.121096 0.178427 0.648634 2
0.139129 0.195484 0.650890 2
0.130165 0.092975 0.665078 2
0.127819 0.092903 0.691325 2
0.124660 0.144559 0.648914 2
0.166923 0.172821 0.653987 2
0.160949 0.146800 0.653682 2
0.121042 0.109348 0.648346 2
0.137896 0.183666 0.650616 2
0.115175 0.129207 0.648236 2
0.202429 0.112126 0.834372 2
0.139035 0.107356 0.650451 2
0.159744 0.155028 0.653572 2
0.176659 0.164842 0.655094 2
0.123583 0.175124 0.649403 2
0.111761 0.192509 0.648776 2
0.106781 0.102009 0.661428 2
0.098449 0.161363 0.645897 2
0.110308 0.117311 0.647118 2
0.147452 0.092531 0.661903 2
0.139178 0.100419 0.651119 2
0.099619 0.134573 0.645932 2
0.110401 0.188675 0.647667 2
0.158105 0.098890 0.656560 2
0.141676 0.198111 0.651807 2
0.084088 0.141714 0.651983 2
0.142670 0.130927 0.650976 2
0.119852 0.115175 0.648231 2
0.148856 0.195926 0.652359 2
0.119901 0.180729 0.648497 2
0.103506 0.114152 0.655793 2
0.186189 0.116742 0.663794 2
0.188465 0.131391 0.659192 2
0.172547 0.103289 0.661987 2
0.136698 0.189499 0.650496 2
0.115178 0.132718 0.648250 2
0.105577 0.162740 0.646740 2
0.157306 0.143166 0.653240 2
0.112816 0.170101 0.648119 2
0.113882 0.115050 0.647529 2
0.105563 0.140556 0.646653 2
0.127037 0.121183 0.649099 2
0.169333 0.151633 0.654183 2
0.089807 0.173157 0.650816 2
0.151174 0.191173 0.652203 2
0.121068 0.143293 0.648484 2
0.147513 0.151039 0.651621 2
0.160895 0.189184 0.653460 2
0.122374 0.161018 0.649206 2
0.084062 0.144022 0.651783 2
0.135729 0.199187 0.651479 2
0.123341 0.094461 0.667103 2
0.141490 0.161452 0.650953 2
0.146305 0.151006 0.651479 2
0.088990 0.151807 0.644897 2
0.157159 0.119488 0.652630 2
0.172993 0.157642 0.654636 2
0.174185 0.132853 0.654681 2
0.165756 0.110307 0.654036 2
0.105578 0.165075 0.646749 2
0.122370 0.155158 0.649183 2
0.171472 0.102166 0.662447 2
0.139047 0.120272 0.650507 2
0.110704 0.101232 0.656388 2
0.157344 0.201282 0.658332 2
0.092515 0.144881 0.645138 2
0.143863 0.118027 0.651063 2
0.146272 0.114550 0.651330 2
0.102375 0.188772 0.656124 2
0.169354 0.171715 0.654266 2
0.133055 0.145951 0.649900 2
0.161413 0.195705 0.655563 2
0.143908 0.169753 0.651268 2
0.097249 0.138012 0.645667 2
0.179149 0.169689 0.655558 2
0.148722 0.152249 0.651768 2
0.152310 0.112321 0.652030 2
0.191260 0.162660 0.660630 2
0.088995 0.144835 0.644931 2
0.146413 0.142885 0.651959 2
0.116270 0.117438 0.647819 2
0.131950 0.196458 0.650228 2
0.136787 0.167315 0.650924 2
0.157156 0.117131 0.652618 2
0.086568 0.129554 0.661958 2
0.129580 0.175314 0.650108 2
0.109132 0.139479 0.647067 2
0.159676 0.106647 0.653295 2
0.158500 0.124325 0.653307 2
0.128270 0.163412 0.649412 2
0.098440 0.121739 0.645840 2
0.095656 0.182509 0.650676 2
0.145216 0.154623 0.651864 2
0.131854 0.145919 0.649758 2
0.124630 0.107076 0.648758 2
0.149897 0.116978 0.651766 2
0.160956 0.153881 0.653710 2
0.116265 0.110422 0.647789 2
0.137893 0.177794 0.650600 2
0.135429 0.109633 0.650037 2
0.137867 0.148427 0.650475 2
0.172979 0.119845 0.654584 2
0.087873 0.144904 0.645237 2
0.145239 0.100550 0.651966 2
0.109155 0.174532 0.647206 2
0.106915 0.186067 0.654936 2
0.090223 0.134461 0.645393 2
0.135450 0.102614 0.650140 2
0.092897 0.116566 0.656060 2
0.115073 0.112736 0.647659 2
0.084828 0.152691 0.648652 2
0.125967 0.158777 0.649619 2
0.157224 0.187844 0.652901 2
0.172004 0.112896 0.655367 2
0.122247 0.119907 0.648531 2
0.098443 0.152034 0.645861 2
0.103200 0.163837 0.646465 2
0.157162 0.121844 0.652642 2
0.157317 0.192670 0.653289 2
0.144318 0.093243 0.658499 2
0.091625 0.118817 0.655421 2
0.104435 0.185859 0.654204 2
0.109130 0.137142 0.647058 2
0.152861 0.094572 0.659483 2
0.087338 0.131886 0.649913 2
0.121067 0.142122 0.648478 2
0.129064 0.096061 0.653430 2
0.119903 0.185411 0.648509 2
0.184106 0.135563 0.656367 2
0.143919 0.181514 0.651316 2
0.109154 0.172194 0.647196 2
0.194027 0.145072 0.661938 2
0.127083 0.177448 0.649334 2
0.163401 0.176379 0.654056 2
0.108326 0.109497 0.649235 2
0.114003 0.159604 0.648217 2
0.161508 0.095464 0.665706 2
0.155945 0.117106 0.652476 2
0.154231 0.098684 0.655196 2
0.150066 0.172429 0.652503 2
0.096066 0.142644 0.645546 2
0.126394 0.094350 0.657940 2
0.151096 0.107590 0.651868 2
0.153668 0.140715 0.652803 2
0.111539 0.175776 0.647491 2
0.142818 0.172204 0.651651 2
0.182761 0.149639 0.655790 2
0.098748 0.182889 0.647862 2
0.151618 0.198815 0.654122 2
0.117570 0.136288 0.648545 2
0.157149 0.110063 0.652589 2
0.095719 0.115684 0.651101 2
0.158385 0.134834 0.652833 2
0.093228 0.178834 0.650114 2
0.094882 0.142613 0.645407 2
0.157304 0.141986 0.653235 2
0.136750 0.122664 0.650745 2
0.173014 0.176557 0.654717 2
0.175431 0.157711 0.654922 2
0.142711 0.176773 0.651163 2
0.130486 0.095060 0.654656 2
0.118654 0.111640 0.648076 2
0.170715 0.112826 0.654960 2
0.134267 0.157720 0.650091 2
0.134688 0.093154 0.657875 2
0.177867 0.153048 0.655190 2
0.105140 0.105140 0.658621 2
0.209910 0.113028 0.852531 2
0.163224 0.120798 0.653349 2
0.162093 0.198905 0.658326 2
0.134383 0.169592 0.650650 2
0.136763 0.137937 0.650806 2
0.184635 0.182245 0.662515 2
0.110253 0.101998 0.653713 2
0.130205 0.093343 0.659209 2
0.165709 0.175144 0.653851 2
0.113396 0.101645 0.651450 2
0.109151 0.168688 0.647183 2
0.180770 0.177214 0.657153 2
0.097250 0.139178 0.645671 2
0.133530 0.093174 0.658014 2
0.180641 0.106934 0.669859 2
0.169311 0.130376 0.654099 2
0.112804 0.152549 0.648049 2
0.171824 0.105235 0.659211 2
0.123570 0.158708 0.649338 2
0.137901 0.189541 0.650638 2
0.086789 0.153192 0.645832 2
0.092592 0.169460 0.645676 2
0.135427 0.107286 0.650027 2
0.146440 0.172316 0.652077 2
0.122262 0.140982 0.648614 2
0.096060 0.132156 0.645505 2
0.145059 0.107473 0.651159 2
0.096057 0.127494 0.645485 2
0.180614 0.122581 0.656586 2
0.116398 0.169041 0.648535 2
0.127062 0.095149 0.655266 2
0.141584 0.140409 0.651382 2
0.169344 0.162264 0.654227 2
0.087128 0.133908 0.648352 2
0.192337 0.150654 0.660238 2
0.150057 0.161826 0.652461 2
0.263286 0.198453 0.876645 2
0.091535 0.170826 0.646437 2
0.090255 0.175201 0.654065 2
0.164591 0.143353 0.654096 2
0.152443 0.125368 0.652599 2
0.104385 0.159202 0.646586 2
0.153592 0.190078 0.652483 2
0.115071 0.110398 0.647649 2
0.148753 0.187558 0.651905 2
0.142806 0.100493 0.651600 2
0.118758 0.125778 0.648644 2
0.125942 0.125942 0.649488 2
0.166892 0.143303 0.653865 2
0.133185 0.175429 0.650532 2
0.118777 0.151543 0.648746 2
0.127249 0.100274 0.650179 2
0.185354 0.139164 0.656595 2
0.162067 0.177389 0.653432 2
0.127180 0.176412 0.649831 2
0.154771 0.154771 0.652488 2
0.107262 0.191665 0.649883 2
0.176645 0.151832 0.655042 2
0.151242 0.135942 0.652499 2
0.125033 0.099205 0.650855 2
0.174215 0.161223 0.654793 2
0.153590 0.187721 0.652474 2
0.106758 0.149928 0.646829 2
0.154880 0.141924 0.652950 2
0.107929 0.118431 0.646857 2
0.121048 0.116370 0.648376 2
0.183186 0.172515 0.657314 2
0.136651 0.131959 0.650274 2
0.086388 0.134576 0.651588 2
0.091683 0.173438 0.647483 2
0.087863 0.147214 0.645161 2
0.129575 0.169445 0.650085 2
0.151169 0.186462 0.652184 2
0.084040 0.146336 0.651616 2
0.141450 0.115625 0.650768 2
0.157286 0.123119 0.653159 2
0.188947 0.126958 0.660876 2
0.114007 0.165456 0.648240 2
0.170572 0.171752 0.654408 2
0.159576 0.113647 0.652888 2
0.091332 0.146015 0.645004 2
0.158369 0.108915 0.652765 2
0.174210 0.156494 0.654775 2
0.140363 0.122744 0.651170 2
0.144715 0.089760 0.677025 2
0.195857 0.133183 0.668182 2
0.102001 0.146298 0.646257 2
0.177670 0.117060 0.658845 2
0.182195 0.111241 0.666703 2
0.127084 0.180963 0.649339 2
0.143859 0.114500 0.651046 2
0.128223 0.105974 0.649175 2
0.130655 0.147060 0.649621 2
0.195865 0.150343 0.664123 2
0.091333 0.148344 0.645013 2
0.172985 0.150550 0.654608 2
0.187967 0.151203 0.657447 2
0.142683 0.146206 0.651036 2
0.137840 0.094063 0.655933 2
0.165819 0.155197 0.654287 2
0.148848 0.162968 0.652323 2
0.131940 0.122558 0.650180 2
0.148624 0.095332 0.656529 2
0.154876 0.137209 0.652931 2
0.122269 0.149179 0.648647 2
0.117567 0.131604 0.648527 2
0.179081 0.147166 0.655310 2
0.084056 0.153417 0.651738 2
0.168317 0.187216 0.654821 2
0.100819 0.155599 0.646154 2
0.163386 0.153949 0.653996 2
0.140292 0.167293 0.650839 2
0.170423 0.097296 0.687123 2
0.190827 0.152781 0.659137 2
0.180350 0.166158 0.655625 2
0.146759 0.199805 0.653500 2
0.143893 0.152116 0.651199 2
0.127028 0.104784 0.649052 2
0.100334 0.108646 0.658268 2
0.158382 0.097877 0.657710 2
0.107379 0.108553 0.650591 2
0.164432 0.114925 0.653463 2
0.112818 0.191148 0.648129 2
0.135550 0.126161 0.650618 2
0.097263 0.161328 0.645757 2
0.157171 0.132448 0.652682 2
0.112732 0.176984 0.647636 2
0.139059 0.134365 0.650563 2
0.111513 0.137202 0.647338 2
0.134215 0.091765 0.692151 2
0.105863 0.108229 0.655738 2
0.133028 0.111931 0.649764 2
0.142714 0.182650 0.651178 2
0.140277 0.150841 0.650769 2
0.165790 0.126850 0.654173 2
0.188662 0.129147 0.659880 2
0.130753 0.140134 0.650109 2
0.179072 0.138884 0.655277 2
0.159764 0.176271 0.653658 2
0.170526 0.128042 0.654233 2
0.151248 0.141832 0.652523 2
0.168128 0.162228 0.654085 2
0.171763 0.146973 0.654451 2
0.176641 0.148284 0.655028 2
0.181559 0.161451 0.655720 2
0.188627 0.168396 0.659758 2
0.142807 0.160438 0.651604 2
0.086816 0.142751 0.646031 2
0.131197 0.097074 0.652315 2
0.164448 0.130262 0.653528 2
0.170523 0.124500 0.654223 2
0.119905 0.187753 0.648518 2
0.175437 0.163623 0.654946 2
0.131853 0.102553 0.649753 2
0.116314 0.178270 0.648063 2
0.085807 0.155853 0.647208 2
0.104379 0.149863 0.646550 2
0.163303 0.109065 0.653665 2
0.136778 0.155563 0.650877 2
0.179084 0.149532 0.655319 2
0.127141 0.125969 0.649629 2
0.142719 0.188530 0.651200 2
0.108467 0.192895 0.650078 2
0.140288 0.163767 0.650823 2
0.096084 0.171787 0.645665 2
0.157150 0.111241 0.652594 2
0.104364 0.125353 0.646452 2
0.175422 0.149434 0.654889 2
0.103179 0.129993 0.646332 2
0.159581 0.118361 0.652909 2
0.100825 0.166099 0.646194 2
0.117519 0.097236 0.661425 2
0.097957 0.109831 0.658252 2
0.093699 0.146078 0.645282 2
0.183509 0.176382 0.658473 2
0.102005 0.153299 0.646284 2
0.189514 0.158621 0.658702 2
0.103203 0.169673 0.646488 2
0.180546 0.114566 0.665059 2
0.123555 0.194994 0.649259 2
0.186643 0.142797 0.656962 2
0.171764 0.148154 0.654455 2
0.142788 0.138087 0.651515 2
0.160791 0.116029 0.653040 2
0.084204 0.167810 0.662143 2
0.137958 0.127391 0.650905 2
0.125874 0.165685 0.649138 2
0.125831 0.110614 0.648914 2
0.112795 0.138509 0.647993 2
0.117860 0.101442 0.650146 2
0.100833 0.177769 0.646242 2
0.136762 0.100370 0.650801 2
0.106761 0.154599 0.646847 2
0.087941 0.139191 0.645733 2
0.091338 0.156496 0.645045 2
0.153527 0.119410 0.652204 2
0.109428 0.185140 0.655838 2
0.092833 0.123194 0.647362 2
0.119864 0.105831 0.648295 2
0.102012 0.164969 0.646330 2
0.090157 0.155303 0.644922 2
0.147483 0.118104 0.651488 2
0.084789 0.149111 0.648351 2
0.104365 0.126520 0.646457 2
0.159712 0.123173 0.653444 2
0.174198 0.144673 0.654727 2
0.116288 0.106938 0.647920 2
0.091329 0.140192 0.644981 2
0.162004 0.114875 0.653178 2
0.115126 0.187591 0.647957 2
0.128282 0.177486 0.649475 2
0.167019 0.110362 0.654363 2
0.147399 0.203044 0.656350 2
0.102009 0.159134 0.646307 2
0.141599 0.158050 0.651453 2
0.103208 0.177844 0.646517 2
0.103878 0.106252 0.658150 2
0.136697 0.188325 0.650492 2
0.097287 0.175349 0.645918 2
0.173028 0.177752 0.654768 2
0.113986 0.136199 0.648124 2
0.170555 0.156391 0.654345 2
0.148718 0.147542 0.651752 2
0.185312 0.153341 0.656446 2
0.147696 0.100622 0.652431 2
0.166939 0.183456 0.654051 2
0.152454 0.137149 0.652646 2
0.168116 0.151600 0.654041 2
0.109130 0.135974 0.647054 2
0.122370 0.156330 0.649187 2
0.160927 0.124380 0.653592 2
0.131884 0.182293 0.649906 2
0.139086 0.166082 0.650693 2
0.195937 0.152795 0.664367 2
0.136663 0.147220 0.650329 2
0.092538 0.130950 0.645302 2
0.104363 0.124186 0.646447 2
0.182859 0.163922 0.656141 2
0.147392 0.092045 0.667033 2
0.133059 0.149471 0.649915 2
0.159683 0.200049 0.658181 2
0.092510 0.136729 0.645106 2
0.145127 0.183906 0.651466 2
0.119874 0.144433 0.648350 2
0.128286 0.185693 0.649494 2
0.140273 0.146142 0.650752 2
0.143992 0.135764 0.651647 2
0.128376 0.170582 0.649948 2
0.146330 0.179240 0.651591 2
0.141518 0.193193 0.651081 2
0.141466 0.133248 0.650841 2
0.099613 0.125245 0.645893 2
0.104382 0.153365 0.646563 2
0.149910 0.131098 0.651825 2
0.149965 0.191131 0.652061 2
0.134261 0.150677 0.650062 2
0.158373 0.121871 0.652784 2
0.128371 0.176436 0.649922 2
0.147621 0.142916 0.652101 2
0.172982 0.147005 0.654594 2
0.168084 0.119723 0.653916 2
0.141138 0.092305 0.660290 2
0.180782 0.120324 0.657195 2
0.143930 0.193277 0.651364 2
0.136639 0.119046 0.650219 2
0.164601 0.152801 0.654134 2
0.117562 0.124580 0.648499 2
0.116380 0.143282 0.648433 2
0.115607 0.097637 0.664152 2
0.130220 0.202105 0.653316 2
0.092518 0.150705 0.645161 2
0.139045 0.117924 0.650497 2
0.152327 0.128801 0.652102 2
0.082948 0.147659 0.652266 2
0.099612 0.124079 0.645888 2
0.097243 0.128687 0.645630 2
0.102007 0.155633 0.646293 2
0.092528 0.164687 0.645228 2
0.114150 0.193762 0.649053 2
0.145124 0.179201 0.651449 2
0.143855 0.109800 0.651027 2
0.133084 0.178813 0.650039 2
0.090164 0.157642 0.644973 2
0.158545 0.170333 0.653491 2
0.103195 0.155666 0.646433 2
0.164610 0.162250 0.654172 2
0.100805 0.119451 0.646062 2
0.147615 0.135853 0.652073 2
0.134290 0.185895 0.650200 2
0.155911 0.200965 0.657294 2
0.082950 0.151193 0.652285 2
0.130754 0.141308 0.650114 2
0.149960 0.186421 0.652042 2
0.099636 0.162564 0.646041 2
0.166877 0.127958 0.653806 2
0.115175 0.128037 0.648232 2
0.096065 0.140313 0.645537 2
0.134248 0.134248 0.649998 2
0.136632 0.110830 0.650183 2
0.143995 0.139293 0.651661 2
0.103184 0.138161 0.646364 2
0.104423 0.113862 0.654127 2
0.121061 0.133927 0.648445 2
0.113014 0.193822 0.649255 2
0.163686 0.193233 0.655198 2
0.154909 0.172580 0.653073 2
0.145201 0.138147 0.651798 2
0.110329 0.148857 0.647244 2
0.182906 0.106747 0.692149 2
0.158364 0.113622 0.652746 2
0.114014 0.105828 0.648279 2
0.167901 0.094793 0.686948 2
0.109154 0.173363 0.647201 2
0.113979 0.125669 0.648082 2
0.110521 0.191220 0.648372 2
0.087904 0.141461 0.645460 2
0.145189 0.124028 0.651742 2
0.134291 0.187069 0.650204 2
0.182430 0.115439 0.663187 2
0.125826 0.105928 0.648893 2
0.186635 0.154640 0.656934 2
0.163306 0.186888 0.653675 2
0.171752 0.136339 0.654409 2
0.148353 0.096341 0.655335 2
0.087862 0.149540 0.645153 2
0.129443 0.128272 0.649420 2
0.139984 0.091505 0.671902 2
0.127047 0.103628 0.649149 2
0.131844 0.130672 0.649707 2
0.092509 0.135564 0.645102 2
0.141456 0.121500 0.650795 2
0.162170 0.152735 0.653848 2
0.125388 0.097132 0.652703 2
0.118682 0.105820 0.648228 2
0.152379 0.186503 0.652327 2
0.093021 0.177266 0.648668 2
0.137955 0.123866 0.650891 2
0.115118 0.175891 0.647912 2
0.113986 0.135029 0.648119 2
0.124742 0.124742 0.649343 2
0.088077 0.163904 0.646732 2
0.112797 0.142019 0.648007 2
0.098440 0.146204 0.645838 2
0.187960 0.150012 0.657424 2
0.156013 0.188982 0.652763 2
0.186632 0.143973 0.656924 2
0.110708 0.104851 0.649469 2
0.117558 0.104691 0.648477 2
0.147637 0.160578 0.652172 2
0.115075 0.115075 0.647669 2
0.098436 0.140374 0.645815 2
0.111540 0.176946 0.647495 2
0.163359 0.126795 0.653887 2
0.176688 0.173143 0.655203 2
0.123456 0.136328 0.648736 2
0.115171 0.123356 0.648213 2
0.100810 0.140434 0.646094 2
0.145130 0.187435 0.651479 2
0.189354 0.146616 0.658147 2
0.162190 0.172806 0.653929 2
0.146290 0.134540 0.651412 2
0.136650 0.129612 0.650268 2
0.172977 0.142278 0.654578 2
0.261708 0.195293 0.876656 2
0.122259 0.104709 0.648594 2
0.164587 0.139811 0.654082 2
0.107938 0.134777 0.646909 2
0.128255 0.146996 0.649339 2
0.133143 0.123758 0.650326 2
0.142698 0.163839 0.651106 2
0.170552 0.152847 0.654331 2
0.086789 0.145036 0.645827 2
0.113995 0.149071 0.648175 2
0.106741 0.124240 0.646726 2
0.085730 0.148715 0.646627 2
0.164618 0.170519 0.654205 2
0.144026 0.174595 0.651802 2
0.154733 0.115903 0.652328 2
0.175953 0.106765 0.661324 2
0.127142 0.127142 0.649634 2
0.118761 0.130462 0.648663 2
0.094289 0.179793 0.649343 2
0.106986 0.116443 0.655371 2
0.185461 0.134504 0.656975 2
0.100808 0.138101 0.646085 2
0.104221 0.104221 0.660325 2
0.152309 0.111144 0.652025 2
0.141972 0.097201 0.653170 2
0.148738 0.171078 0.651840 2
0.154798 0.184227 0.652603 2
0.135438 0.120194 0.650082 2
0.116390 0.157331 0.648489 2
0.181186 0.189613 0.667416 2
0.159726 0.137329 0.653501 2
0.181894 0.123830 0.656931 2
0.191269 0.135259 0.660661 2
0.118762 0.131633 0.648667 2
0.165801 0.137479 0.654215 2
0.100815 0.148600 0.646126 2
0.169323 0.142184 0.654146 2
0.130777 0.170656 0.650231 2
0.097265 0.165992 0.645775 2
0.149927 0.104067 0.651899 2
0.133032 0.116623 0.649786 2
0.154184 0.094654 0.660054 2
0.149954 0.179357 0.652017 2
0.141509 0.182611 0.651037 2
0.143981 0.122824 0.651595 2
0.097267 0.168324 0.645786 2
0.179333 0.175781 0.656230 2
0.174199 0.145855 0.654732 2
0.175420 0.147069 0.654880 2
0.160807 0.131355 0.653105 2
0.165834 0.169375 0.654344 2
0.085779 0.154635 0.646998 2
0.141572 0.127474 0.651330 2
0.179085 0.150715 0.655324 2
0.111522 0.151227 0.647394 2
0.123400 0.096240 0.654650 2
0.095194 0.119723 0.647533 2
0.167165 0.196909 0.659596 2
0.129548 0.157685 0.649945 2
0.106557 0.107735 0.652746 2
0.141445 0.109752 0.650744 2
0.151116 0.105252 0.651954 2
0.148857 0.172392 0.652361 2
0.142651 0.103906 0.650889 2
0.154738 0.096637 0.657349 2
0.118996 0.101410 0.649945 2
0.133220 0.197776 0.650703 2
0.091332 0.147179 0.645008 2
0.141480 0.149699 0.650906 2
0.189353 0.150176 0.658144 2
0.160136 0.094377 0.675108 2
0.122372 0.158674 0.649197 2
0.133330 0.199114 0.651243 2
0.111510 0.133696 0.647324 2
0.146713 0.098398 0.653295 2
0.170536 0.137491 0.654272 2
0.175447 0.171903 0.654982 2
0.092623 0.170683 0.645895 2
0.145115 0.169790 0.651411 2
0.185307 0.152153 0.656429 2
0.125888 0.184440 0.649209 2
0.184410 0.170179 0.657451 2
0.089553 0.171497 0.648976 2
0.103181 0.134661 0.646350 2
0.135496 0.190633 0.650360 2
0.153554 0.148848 0.652321 2
0.143905 0.163876 0.651253 2
0.099759 0.181433 0.646838 2
0.134228 0.110782 0.649901 2
0.128268 0.158724 0.649400 2
0.174551 0.100010 0.688740 2
0.112809 0.159569 0.648077 2
0.266437 0.200026 0.876606 2
0.090164 0.139027 0.644972 2
0.085402 0.129595 0.662170 2
0.147510 0.147510 0.651610 2
0.143891 0.149764 0.651190 2
0.159640 0.177312 0.653147 2
0.164436 0.118464 0.653479 2
0.140482 0.099336 0.651720 2
0.124400 0.094352 0.666333 2
0.094886 0.127485 0.645437 2
0.144013 0.159296 0.651741 2
0.176656 0.162476 0.655085 2
0.136671 0.157788 0.650371 2
0.113991 0.143220 0.648152 2
0.133184 0.174254 0.650527 2
0.164623 0.175244 0.654224 2
0.140247 0.116775 0.650633 2
0.109125 0.128966 0.647026 2
0.131865 0.152963 0.649810 2
0.088988 0.150640 0.644882 2
0.141469 0.102727 0.650855 2
0.152056 0.093619 0.661153 2
0.152305 0.107613 0.652010 2
0.160969 0.166866 0.653762 2
0.123479 0.166785 0.648861 2
0.141586 0.142761 0.651392 2
0.103557 0.189953 0.656116 2
0.134229 0.111955 0.649905 2
0.097251 0.141509 0.645681 2
0.157509 0.195264 0.654085 2
0.113878 0.110374 0.647509 2
0.194501 0.159790 0.663556 2
0.108008 0.117349 0.647328 2
0.086775 0.150837 0.645727 2
0.158384 0.133655 0.652829 2
0.109395 0.183105 0.648628 2
0.170576 0.176479 0.654426 2
0.128236 0.121209 0.649240 2
0.114095 0.104733 0.648742 2
0.182808 0.135479 0.655960 2
0.160317 0.196994 0.655917 2
0.181671 0.168652 0.656126 2
0.112786 0.126812 0.647946 2
0.154867 0.127780 0.652893 2
0.152313 0.115852 0.652044 2
0.185434 0.135669 0.656877 2
0.131868 0.162345 0.649827 2
0.129538 0.122504 0.649897 2
0.119869 0.137411 0.648324 2
0.102021 0.178974 0.646386 2
0.187689 0.124530 0.660644 2
0.103200 0.165004 0.646470 2
0.157202 0.163090 0.652810 2
0.153663 0.136001 0.652784 2
0.185299 0.146227 0.656400 2
0.152456 0.139506 0.652656 2
0.130626 0.110710 0.649477 2
0.164604 0.156344 0.654148 2
0.153670 0.143072 0.652812 2
0.148825 0.137060 0.652220 2
0.182198 0.177450 0.658027 2
0.166884 0.135041 0.653836 2
0.129427 0.111858 0.649341 2
0.143856 0.110975 0.651032 2
0.170548 0.149303 0.654317 2
0.148751 0.185204 0.651896 2
0.159621 0.157265 0.653072 2
0.095049 0.121872 0.646543 2
0.192451 0.142402 0.660628 2
0.141510 0.184962 0.651045 2
0.158514 0.138479 0.653363 2
0.187025 0.166838 0.658308 2
0.122134 0.094459 0.667085 2
0.173270 0.183914 0.655684 2
0.165950 0.100522 0.659496 2
0.155271 0.197779 0.654599 2
0.154748 0.131212 0.652393 2
0.122284 0.169091 0.648728 2
0.112818 0.172442 0.648128 2
0.125863 0.150451 0.649084 2
0.109385 0.111750 0.655582 2
0.131952 0.137817 0.650241 2
0.107247 0.190466 0.649790 2
0.125943 0.127114 0.649493 2
0.156086 0.136060 0.653069 2
0.134232 0.115475 0.649921 2
0.151166 0.181752 0.652168 2
0.180692 0.121449 0.656871 2
0.162182 0.164541 0.653896 2
0.149929 0.151105 0.651908 2
0.109218 0.181641 0.647580 2
0.148749 0.182849 0.651888 2
0.253802 0.163667 0.876656 2
0.083001 0.143044 0.652682 2
0.096072 0.153134 0.645587 2
0.159727 0.138509 0.653506 2
0.124932 0.092341 0.669181 2
0.142717 0.186178 0.651191 2
0.115183 0.139740 0.648278 2
0.127026 0.107123 0.649040 2
0.110319 0.133667 0.647184 2
0.093693 0.135593 0.645240 2
0.105705 0.110430 0.654762 2
0.158409 0.157231 0.652929 2
0.128180 0.093277 0.667240 2
0.149901 0.105225 0.651784 2
0.155959 0.131241 0.652535 2
0.160855 0.179710 0.653298 2
0.097854 0.110901 0.657555 2
0.193530 0.109841 0.828491 2
0.132215 0.098133 0.651534 2
0.168093 0.127986 0.653948 2
0.185306 0.145047 0.656423 2
0.146279 0.121605 0.651362 2
0.173052 0.178958 0.654860 2
0.135547 0.122637 0.650604 2
0.121066 0.140952 0.648474 2
0.164608 0.159888 0.654163 2
0.124728 0.102476 0.649268 2
0.111508 0.115011 0.647312 2
0.157291 0.127836 0.653178 2
0.105549 0.120711 0.646571 2
0.176624 0.127004 0.654964 2
0.129432 0.117719 0.649367 2
0.144011 0.156942 0.651732 2
0.091331 0.144850 0.644999 2
0.154515 0.200692 0.656403 2
0.164497 0.178647 0.653722 2
0.160537 0.094108 0.681984 2
0.110330 0.150025 0.647249 2
0.147213 0.091016 0.677281 2
0.164989 0.104671 0.655679 2
0.165662 0.129110 0.653666 2
0.156234 0.195146 0.653688 2
0.110434 0.111602 0.647858 2
0.154793 0.178335 0.652582 2
0.096075 0.157796 0.645605 2
0.151287 0.101839 0.652690 2
0.116373 0.133917 0.648395 2
0.156121 0.172617 0.653215 2
0.093714 0.128639 0.645387 2
0.147474 0.109871 0.651452 2
0.154046 0.099746 0.654410 2
0.111526 0.155902 0.647412 2
0.123435 0.109395 0.648628 2
0.139161 0.126243 0.651042 2
0.116393 0.162015 0.648507 2
0.148745 0.176965 0.651870 2
0.177835 0.116760 0.663895 2
0.160972 0.169227 0.653772 2
0.135487 0.177717 0.650319 2
0.119541 0.098342 0.652923 2
0.094877 0.135622 0.645379 2
0.135474 0.163625 0.650256 2
0.097249 0.124036 0.645667 2
0.117520 0.191189 0.648268 2
0.092743 0.118735 0.654970 2
0.130670 0.163484 0.649696 2
0.154729 0.112370 0.652314 2
0.174692 0.098847 0.689298 2
0.101602 0.190727 0.658790 2
0.113618 0.100667 0.652723 2
0.178144 0.178144 0.656211 2
0.174263 0.118735 0.654973 2
0.134224 0.106090 0.649881 2
0.186308 0.123213 0.659974 2
0.147473 0.108695 0.651447 2
0.160970 0.168046 0.653767 2
0.116446 0.193687 0.648801 2
0.093702 0.129786 0.645300 2
0.082991 0.154798 0.652605 2
0.115174 0.126867 0.648227 2
0.164613 0.164613 0.654182 2
0.084226 0.136057 0.653056 2
0.117505 0.174797 0.648189 2
0.092827 0.180332 0.655561 2
0.095163 0.178066 0.647322 2
0.162173 0.156276 0.653863 2
0.168092 0.126806 0.653944 2
0.084069 0.154617 0.651839 2
0.124695 0.190262 0.649095 2
0.134286 0.181199 0.650184 2
0.113930 0.184041 0.647803 2
0.169351 0.168170 0.654251 2
0.131883 0.178774 0.649898 2
0.136764 0.139112 0.650811 2
0.181562 0.133066 0.655731 2
0.142650 0.109776 0.650885 2
0.135574 0.155529 0.650735 2
0.138576 0.202263 0.653825 2
0.132134 0.199083 0.651138 2
0.141582 0.138057 0.651373 2
0.159641 0.178491 0.653151 2
0.094918 0.171784 0.645655 2
0.122241 0.112883 0.648502 2
0.105864 0.109412 0.655743 2
0.099626 0.146235 0.645978 2
0.141839 0.093175 0.658017 2
0.122759 0.092523 0.670499 2
0.148749 0.089984 0.678716 2
0.191040 0.138668 0.659871 2
0.099644 0.175397 0.646094 2
0.157547 0.102081 0.654243 2
0.087031 0.162964 0.647631 2
0.107764 0.103001 0.660141 2
0.086781 0.152012 0.645768 2
0.130646 0.134161 0.649575 2
0.154885 0.146640 0.652969 2
0.186080 0.173001 0.659165 2
0.131967 0.155427 0.650311 2
0.112787 0.127981 0.647951 2
0.145204 0.141677 0.651812 2
0.098430 0.129881 0.645774 2
0.134358 0.140226 0.650533 2
0.087861 0.148375 0.645148 2
0.130740 0.123704 0.650043 2
0.087922 0.140325 0.645593 2
0.158430 0.180810 0.653017 2
0.147648 0.172354 0.652219 2
0.166899 0.150386 0.653894 2
0.105586 0.176754 0.646794 2
0.111514 0.138370 0.647343 2
0.134258 0.147156 0.650046 2
0.238130 0.250788 0.877177 2
0.119981 0.162120 0.648929 2
0.113988 0.138539 0.648133 2
0.082821 0.135255 0.660644 2
0.170558 0.158754 0.654354 2
0.180993 0.110039 0.666707 2
0.190245 0.112389 0.696162 2
0.140301 0.177871 0.650883 2
0.141988 0.200905 0.653244 2
0.135469 0.157754 0.650231 2
0.084100 0.157025 0.652075 2
0.121099 0.185451 0.648650 2
0.133089 0.187028 0.650063 2
0.099637 0.163731 0.646045 2
0.113881 0.113881 0.647524 2
0.107965 0.175662 0.647070 2
0.149925 0.146398 0.651890 2
0.199462 0.111310 0.828302 2
0.154783 0.167731 0.652541 2
0.156568 0.197926 0.655086 2
0.148830 0.142947 0.652243 2
0.128244 0.128244 0.649280 2
0.115200 0.164321 0.648376 2
0.181524 0.144865 0.655595 2
0.143444 0.091828 0.665462 2
0.085377 0.167769 0.661980 2
0.102323 0.110604 0.655795 2
0.104412 0.112671 0.654061 2
0.168712 0.191207 0.656357 2
0.137550 0.095045 0.654551 2
0.182066 0.176135 0.657551 2
0.119144 0.100363 0.650753 2
0.142685 0.149732 0.651048 2
0.100813 0.146267 0.646117 2
0.108283 0.189055 0.648973 2
0.157219 0.181950 0.652879 2
0.119877 0.149115 0.648367 2
0.190810 0.146823 0.659077 2
0.103239 0.181397 0.646711 2
0.158516 0.140838 0.653373 2
0.101996 0.138131 0.646224 2
0.149892 0.112272 0.651746 2
0.189185 0.119517 0.665909 2
0.087965 0.160202 0.645915 2
0.085151 0.157969 0.651118 2
0.100811 0.142767 0.646103 2
0.136690 0.177756 0.650460 2
0.180318 0.131839 0.655511 2
0.172966 0.131643 0.654533 2
0.143927 0.190923 0.651351 2
0.093695 0.139088 0.645254 2
0.146317 0.163945 0.651530 2
0.116317 0.184121 0.648084 2
0.182845 0.133140 0.656092 2
0.100829 0.171933 0.646216 2
0.140306 0.184922 0.650904 2
0.147593 0.091714 0.673439 2
0.113983 0.131519 0.648105 2
0.098448 0.160197 0.645892 2
0.084095 0.165207 0.661285 2
0.125832 0.112956 0.648924 2
0.183629 0.120637 0.658906 2
0.174251 0.176614 0.654928 2
0.137982 0.155596 0.651018 2
0.160869 0.187975 0.653356 2
0.127030 0.112981 0.649064 2
0.091600 0.172114 0.646896 2
0.173011 0.175373 0.654707 2
0.131284 0.093265 0.658654 2
0.157252 0.105423 0.653016 2
0.101195 0.184257 0.648565 2
0.174190 0.137581 0.654699 2
0.148694 0.121658 0.651646 2
0.126442 0.200543 0.652067 2
0.151145 0.104096 0.652081 2
0.128246 0.131759 0.649288 2
0.174228 0.173047 0.654841 2
0.171783 0.165880 0.654526 2
0.134270 0.160068 0.650103 2
0.139175 0.142699 0.651108 2
0.124687 0.178542 0.649055 2
0.175410 0.137611 0.654842 2
0.136650 0.094058 0.655899 2
0.112810 0.160740 0.648081 2
0.090151 0.149476 0.644878 2
0.097352 0.177798 0.646349 2
0.128284 0.182175 0.649482 2
0.148735 0.166371 0.651825 2
0.093692 0.130937 0.645235 2
0.165802 0.138660 0.654220 2
0.110337 0.160543 0.647290 2
0.263290 0.201618 0.876656 2
0.106200 0.116762 0.650559 2
0.113883 0.117388 0.647539 2
0.163281 0.177428 0.653575 2
0.119892 0.169018 0.648448 2
0.155521 0.098753 0.655649 2
0.151118 0.129950 0.651964 2
0.174187 0.134035 0.654685 2
0.170532 0.133947 0.654256 2
0.145132 0.189788 0.651488 2
0.142702 0.168541 0.651124 2
0.179426 0.120209 0.656572 2
0.109150 0.167520 0.647178 2
0.131824 0.108389 0.649609 2
0.129429 0.114202 0.649351 2
0.091331 0.143686 0.644995 2
0.125837 0.118814 0.648949 2
0.169894 0.190020 0.656349 2
0.130715 0.101406 0.649918 2
0.124689 0.183228 0.649064 2
0.129554 0.090627 0.674392 2
0.154792 0.177158 0.652579 2
0.133178 0.167206 0.650499 2
0.132560 0.202081 0.653237 2
0.122299 0.189007 0.648806 2
