# .PCD v0.7 - Point Cloud Data file format
VERSION 0.7
FIELDS x y z label
SIZE 4 4 4 4
TYPE F F F U
COUNT 1 1 1 1
WIDTH 6000
HEIGHT 1
VIEWPOINT 0 0 0 1 0 0 0
POINTS 6000
DATA ascii
-0.383494 0.219495 0.918370 1
-0.399199 0.187515 0.924046 1
-0.387916 0.279466 0.924962 1
-0.384782 0.089753 0.985296 1
-0.367702 0.285618 0.928690 1
-0.369658 0.093895 0.937904 1
-0.347002 0.207178 0.945317 1
-0.372857 0.171896 0.920737 1
-0.372310 0.131947 0.931838 1
-0.346983 0.215692 0.945265 1
-0.355900 0.231963 0.928493 1
-0.357727 0.160767 0.933259 1
-0.347321 0.205274 0.960342 1
-0.370686 0.198197 0.919473 1
-0.369571 0.117552 0.937682 1
-0.407887 0.179134 0.932476 1
-0.346957 0.227611 0.945194 1
-0.388863 0.178264 0.919314 1
-0.388354 0.089088 0.959004 1
-0.346325 0.207108 0.952837 1
-0.364159 0.103193 0.945589 1
-0.401405 0.157364 0.933048 1
-0.397055 0.232240 0.922937 1
-0.369230 0.196646 0.919975 1
-0.349362 0.219092 0.937920 1
-0.363592 0.242117 0.922512 1
-0.426012 0.159199 0.986111 1
-0.347063 0.227625 0.959630 1
-0.371962 0.120614 0.935190 1
-0.382661 0.170164 0.920350 1
-0.362275 0.244015 0.923398 1
-0.366389 0.205211 0.921179 1
-0.387034 0.188130 0.918908 1
-0.383541 0.239402 0.918481 1
-0.378926 0.126869 0.931574 1
-0.394975 0.258605 0.921967 1
-0.376737 0.163835 0.922104 1
-0.394745 0.185323 0.921431 1
-0.354689 0.228913 0.929709 1
-0.370750 0.247996 0.919631 1
-0.358312 0.207971 0.926069 1
-0.370680 0.193218 0.919457 1
-0.367817 0.208402 0.920593 1
-0.357909 0.137126 0.956233 1
-0.365011 0.261910 0.921895 1
-0.391777 0.267007 0.922268 1
-0.375317 0.222871 0.918629 1
-0.347590 0.209914 0.942289 1
-0.389054 0.176692 0.919766 1
-0.348506 0.190788 0.940175 1
-0.543284 0.436408 1.410713 1
-0.389026 0.118986 0.935658 1
-0.397020 0.121571 0.942616 1
-0.429618 0.177006 0.986223 1
-0.397148 0.253941 0.923152 1
-0.387447 0.130270 0.931861 1
-0.362516 0.264178 0.924011 1
-0.350114 0.167816 0.944510 1
-0.371870 0.151255 0.926555 1
-0.369261 0.233174 0.920054 1
-0.360719 0.134951 0.941064 1
-0.367207 0.106007 0.940292 1
-0.399300 0.210904 0.924279 1
-0.359614 0.201083 0.925122 1
-0.377553 0.108958 0.936505 1
-0.352445 0.206084 0.932647 1
-0.348251 0.173694 0.958136 1
-0.397027 0.225564 0.922871 1
-0.363115 0.097002 0.951794 1
-0.378584 0.259293 0.918514 1
-0.369338 0.162575 0.924400 1
-0.362927 0.279110 0.929331 1
-0.361440 0.266280 0.925524 1
-0.377635 0.089744 0.985196 1
-0.390817 0.218227 0.920010 1
-0.360927 0.180880 0.924211 1
-0.392754 0.193471 0.920660 1
-0.358740 0.132708 0.949305 1
-0.347023 0.231060 0.959520 1
-0.385235 0.191375 0.918569 1
-0.381793 0.201249 0.918262 1
-0.401594 0.199545 0.925725 1
-0.348467 0.224680 0.940068 1
-0.381986 0.113837 0.934952 1
-0.390959 0.285475 0.928226 1
-0.375294 0.204630 0.918571 1
-0.384406 0.170202 0.920554 1
-0.358296 0.166981 0.930367 1
-0.366899 0.119475 0.939503 1
-0.385386 0.256095 0.918930 1
-0.408987 0.262258 0.934991 1
-0.367961 0.133881 0.933598 1
-0.367797 0.185144 0.920542 1
-0.431405 0.175231 0.986242 1
-0.354616 0.278446 0.938392 1
-0.362940 0.267825 0.925092 1
-0.384996 0.271908 0.921965 1
-0.378482 0.201250 0.918267 1
-0.363417 0.121707 0.943664 1
-0.347577 0.221803 0.942252 1
-0.373826 0.254467 0.919036 1
-0.385281 0.211283 0.918680 1
-0.364941 0.164516 0.925935 1
-0.348439 0.248401 0.939993 1
-0.381860 0.239388 0.918425 1
-0.377758 0.138204 0.928703 1
-0.369732 0.115912 0.938093 1
-0.411595 0.088008 0.985663 1
-0.352449 0.199356 0.932656 1
-0.396991 0.217221 0.922788 1
-0.357467 0.174966 0.928214 1
-0.366109 0.099385 0.941830 1
-0.351447 0.177830 0.934466 1
-0.369691 0.173630 0.921126 1
-0.408021 0.089782 0.985620 1
-0.379544 0.152652 0.924891 1
-0.366048 0.153288 0.928744 1
-0.372102 0.163991 0.922985 1
-0.559286 0.410782 1.327873 1
-0.348516 0.182314 0.940201 1
-0.354622 0.253301 0.985444 1
-0.396955 0.208880 0.922705 1
-0.380397 0.144634 0.926969 1
-0.401877 0.246474 0.926378 1
-0.368424 0.099093 0.939070 1
-0.373250 0.270170 0.921708 1
-0.360698 0.155546 0.932235 1
-0.365041 0.099557 0.943462 1
-0.354857 0.272253 0.934567 1
-0.365039 0.101258 0.943457 1
-0.396891 0.193869 0.922556 1
-0.352740 0.175949 0.933427 1
-0.366437 0.260079 0.921298 1
-0.382465 0.125247 0.932009 1
-0.363572 0.198841 0.922462 1
-0.350283 0.227051 0.935859 1
-0.364976 0.220316 0.921805 1
-0.366385 0.200224 0.921168 1
-0.350305 0.183171 0.935917 1
-0.560056 0.411982 1.324032 1
-0.348431 0.255177 0.939971 1
-0.378188 0.165405 0.921585 1
-0.347531 0.260861 0.942128 1
-0.368304 0.117688 0.938764 1
-0.394329 0.129191 0.936229 1
-0.363490 0.129636 0.939452 1
-0.375650 0.277365 0.923520 1
-0.394079 0.169129 0.923765 1
-0.346315 0.248834 0.948105 1
-0.372498 0.144814 0.928118 1
-0.391709 0.100677 0.938041 1
-0.370388 0.136901 0.931232 1
-0.355900 0.260435 0.928494 1
-0.359211 0.147910 0.937130 1
-0.352015 0.157503 0.954284 1
-0.386971 0.163943 0.922711 1
-0.375268 0.184735 0.918508 1
-0.563011 0.407210 1.308695 1
-0.367821 0.213386 0.920604 1
-0.409812 0.091563 0.985651 1
-0.354852 0.146924 0.952659 1
-0.364848 0.139030 0.934251 1
-0.357511 0.145212 0.941558 1
-0.397183 0.262291 0.923235 1
-0.363791 0.275143 0.927262 1
-0.362269 0.230686 0.923383 1
-0.418823 0.137829 0.985937 1
-0.351697 0.279818 0.948783 1
-0.396221 0.169332 0.924877 1
-0.389925 0.089199 0.941908 1
-0.347608 0.266929 0.951645 1
-0.387824 0.171905 0.920783 1
-0.362246 0.179041 0.923324 1
-0.379972 0.096889 0.934145 1
-0.408313 0.211312 0.933450 1
-0.346786 0.251657 0.958863 1
-0.346953 0.229313 0.945183 1
-0.352435 0.226265 0.932621 1
-0.385271 0.098636 0.934738 1
-0.379066 0.141417 0.927803 1
-0.362891 0.158398 0.929239 1
-0.355900 0.247037 0.928494 1
-0.372278 0.117339 0.935985 1
-0.372159 0.273915 0.923125 1
-0.358314 0.256416 0.926074 1
-0.375933 0.125311 0.932487 1
-0.354689 0.252391 0.929710 1
-0.392035 0.280025 0.926811 1
-0.347519 0.188059 0.960892 1
-0.382195 0.159040 0.923234 1
-0.392878 0.233401 0.920951 1
-0.364167 0.096372 0.945611 1
-0.368424 0.102481 0.939070 1
-0.387093 0.213025 0.919047 1
-0.387046 0.193108 0.918936 1
-0.353881 0.158695 0.940937 1
-0.384584 0.138249 0.929004 1
-0.404800 0.242209 0.929250 1
-0.391715 0.102371 0.938057 1
-0.349432 0.168308 0.947281 1
-0.350406 0.268956 0.940723 1
-0.369894 0.114269 0.938503 1
-0.381512 0.165405 0.921584 1
-0.367792 0.180160 0.920532 1
-0.355182 0.266177 0.931002 1
-0.363589 0.237123 0.922506 1
-0.368766 0.137732 0.985240 1
-0.389393 0.264854 0.920566 1
-0.389003 0.256294 0.919645 1
-0.350279 0.233801 0.935850 1
-0.349456 0.168257 0.956704 1
-0.361821 0.134730 0.939518 1
-0.396795 0.166236 0.926215 1
-0.378514 0.219489 0.918345 1
-0.359963 0.141444 0.939093 1
-0.381834 0.224462 0.918361 1
-0.388909 0.216429 0.919423 1
-0.378535 0.231097 0.918394 1
-0.359610 0.192738 0.925112 1
-0.364707 0.153428 0.929596 1
-0.389348 0.095437 0.936433 1
-0.348479 0.214514 0.940100 1
-0.379097 0.125245 0.931995 1
-0.346900 0.253144 0.945040 1
-0.396905 0.197205 0.922589 1
-0.401834 0.239764 0.926278 1
-0.348481 0.212819 0.940105 1
-0.346938 0.236122 0.945142 1
-0.386080 0.279345 0.924563 1
-0.401638 0.209587 0.925827 1
-0.366418 0.238463 0.921251 1
-0.404438 0.186728 0.928420 1
-0.381755 0.179698 0.918170 1
-0.379419 0.087968 0.985215 1
-0.394792 0.200305 0.921541 1
-0.405476 0.166068 0.934673 1
-0.357107 0.193189 0.927279 1
-0.365001 0.250263 0.921870 1
-0.376530 0.284693 0.925683 1
-0.354690 0.259099 0.929710 1
-0.355900 0.255411 0.928494 1
-0.366775 0.132376 0.934867 1
-0.394511 0.271070 0.924779 1
-0.391369 0.276211 0.925237 1
-0.399076 0.144275 0.935479 1
-0.390936 0.256474 0.920289 1
-0.355900 0.203491 0.928492 1
-0.354814 0.158354 0.938915 1
-0.387108 0.219665 0.919084 1
-0.375881 0.114631 0.985258 1
-0.375423 0.262713 0.918887 1
-0.352092 0.267658 0.936181 1
-0.353517 0.204049 0.931039 1
-0.370226 0.110983 0.939345 1
-0.401856 0.243118 0.926328 1
-0.374345 0.303210 0.985892 1
-0.562279 0.408392 1.312496 1
-0.558532 0.411992 1.331786 1
-0.359097 0.131755 0.954807 1
-0.380778 0.125245 0.931995 1
-0.404442 0.088000 0.985564 1
-0.369949 0.127249 0.934365 1
-0.351368 0.211495 0.934257 1
-0.373783 0.221286 0.918931 1
-0.365158 0.124544 0.939385 1
-0.397084 0.238916 0.923003 1
-0.385246 0.196351 0.918597 1
-0.362087 0.283116 0.931483 1
-0.394771 0.094236 0.941309 1
-0.383736 0.160653 0.922936 1
-0.392925 0.248382 0.921061 1
-0.399249 0.199208 0.924163 1
-0.353660 0.167968 0.935862 1
-0.353320 0.153134 0.948545 1
-0.353789 0.279129 0.940694 1
-0.376830 0.202908 0.918276 1
-0.353498 0.240983 0.930990 1
-0.375431 0.275538 0.922981 1
-0.378494 0.207882 0.918295 1
-0.346440 0.192466 0.948445 1
-0.349604 0.176918 0.938569 1
-0.352443 0.211129 0.932641 1
-0.385447 0.146319 0.927050 1
-0.353501 0.235947 0.930996 1
-0.357108 0.231660 0.927280 1
-0.359624 0.222783 0.925147 1
-0.426015 0.160978 0.986117 1
-0.357107 0.214933 0.927279 1
-0.365685 0.170764 0.923597 1
-0.388771 0.149656 0.927003 1
-0.388945 0.231376 0.919506 1
-0.364646 0.282496 0.929441 1
-0.385343 0.237835 0.918828 1
-0.385355 0.242815 0.918856 1
-0.366381 0.195237 0.921157 1
-0.394813 0.206965 0.921590 1
-0.372783 0.127066 0.933023 1
-0.372216 0.194812 0.919154 1
-0.359608 0.187730 0.925106 1
-0.347123 0.175704 0.950316 1
-0.366111 0.094289 0.941837 1
-0.356359 0.147136 0.943004 1
-0.359939 0.264734 0.925957 1
-0.427996 0.287407 0.986584 1
-0.363599 0.258763 0.922531 1
-0.358312 0.186255 0.926069 1
-0.400869 0.089773 0.985520 1
-0.356361 0.142715 0.947533 1
-0.383917 0.264513 0.919381 1
-0.376856 0.217831 0.918340 1
-0.366382 0.196899 0.921161 1
-0.385290 0.107072 0.934785 1
-0.363446 0.100055 0.948179 1
-0.408695 0.240161 0.934323 1
-0.390910 0.248157 0.920229 1
-0.373893 0.115628 0.935800 1
-0.361156 0.285389 0.933421 1
-0.385544 0.160713 0.923279 1
-0.354689 0.247360 0.929710 1
-0.404778 0.238844 0.929200 1
-0.551540 0.423217 1.368071 1
-0.357107 0.189844 0.927279 1
-0.375309 0.216238 0.918608 1
-0.358312 0.212983 0.926069 1
-0.364062 0.124748 0.940930 1
-0.372335 0.097094 0.936127 1
-0.353349 0.269018 0.935039 1
-0.382320 0.173330 0.919530 1
-0.408380 0.216399 0.933604 1
-0.353496 0.246020 0.930983 1
-0.385267 0.096949 0.934729 1
-0.381863 0.241046 0.918432 1
-0.348437 0.250095 0.939987 1
-0.408358 0.214704 0.933553 1
-0.376203 0.138248 0.929000 1
-0.348595 0.173019 0.945013 1
-0.367207 0.107703 0.940292 1
-0.366366 0.285883 0.929551 1
-0.375292 0.202972 0.918566 1
-0.370427 0.151348 0.927127 1
-0.364960 0.202017 0.921766 1
-0.383706 0.275503 0.922864 1
-0.358697 0.174750 0.927064 1
-0.368201 0.265138 0.921555 1
-0.389205 0.160849 0.924061 1
-0.391695 0.097289 0.938007 1
-0.396735 0.131117 0.937923 1
-0.369234 0.201627 0.919986 1
-0.373924 0.176598 0.919277 1
-0.429792 0.290977 0.986621 1
-0.380190 0.231096 0.918392 1
-0.353527 0.183901 0.931065 1
-0.347361 0.201833 0.960452 1
-0.380123 0.192960 0.918229 1
-0.380134 0.199591 0.918257 1
-0.374488 0.139909 0.928901 1
-0.353492 0.252735 0.930974 1
-0.363299 0.131262 0.938960 1
-0.429594 0.160986 0.986167 1
-0.371292 0.266632 0.920974 1
-0.347609 0.199727 0.942341 1
-0.395081 0.150147 0.930047 1
-0.375879 0.112853 0.985252 1
-0.351018 0.272825 0.942365 1
-0.357107 0.179808 0.927278 1
-0.363447 0.140825 0.934982 1
-0.376873 0.227781 0.918382 1
-0.404559 0.205211 0.928697 1
-0.347122 0.222470 0.959794 1
-0.380108 0.184671 0.918193 1
-0.391735 0.105760 0.938104 1
-0.361369 0.149097 0.933972 1
-0.379817 0.271773 0.921504 1
-0.361201 0.150711 0.933537 1
-0.359629 0.234468 0.925160 1
-0.548308 0.428405 1.384841 1
-0.367843 0.238309 0.920657 1
-0.346893 0.256547 0.945019 1
-0.367823 0.215048 0.920607 1
-0.393175 0.175391 0.921646 1
-0.373468 0.271991 0.922245 1
-0.354834 0.176998 0.930090 1
-0.350278 0.237176 0.935845 1
-0.359086 0.278355 0.932417 1
-0.351353 0.241819 0.934217 1
-0.356431 0.271101 0.985531 1
-0.381813 0.212855 0.918311 1
-0.347013 0.202069 0.945347 1
-0.367597 0.112911 0.941290 1
-0.383587 0.259315 0.918591 1
-0.350280 0.232113 0.935852 1
-0.392780 0.201788 0.920720 1
-0.385304 0.221239 0.918736 1
-0.362262 0.164817 0.927630 1
-0.369677 0.277883 0.925248 1
-0.387353 0.160772 0.923621 1
-0.394282 0.280434 0.928165 1
-0.548330 0.430920 1.384896 1
-0.380950 0.123620 0.932416 1
-0.393835 0.278444 0.927114 1
-0.346904 0.251442 0.945050 1
-0.349337 0.241068 0.937851 1
-0.408785 0.246956 0.934528 1
-0.349388 0.197113 0.937989 1
-0.367787 0.122596 0.937448 1
-0.381239 0.269941 0.920925 1
-0.346991 0.212287 0.945286 1
-0.381819 0.216171 0.918325 1
-0.380137 0.201249 0.918264 1
-0.401823 0.238086 0.926253 1
-0.358670 0.143299 0.940145 1
-0.375226 0.093596 0.934915 1
-0.355138 0.164494 0.935308 1
-0.349368 0.214020 0.937936 1
-0.354689 0.249037 0.929710 1
-0.374052 0.113989 0.936199 1
-0.370740 0.148129 0.927909 1
-0.387267 0.100402 0.935485 1
-0.545854 0.434918 1.397746 1
-0.366424 0.245113 0.921265 1
-0.359621 0.217775 0.925141 1
-0.369284 0.259744 0.920112 1
-0.349019 0.265798 0.941557 1
-0.370676 0.189899 0.919446 1
-0.383514 0.227789 0.918416 1
-0.385741 0.264626 0.919776 1
-0.373575 0.118903 0.935005 1
-0.395653 0.159767 0.927454 1
-0.401536 0.186159 0.925592 1
-0.396508 0.167785 0.925545 1
-0.386282 0.268321 0.921067 1
-0.367795 0.183483 0.920539 1
-0.394938 0.246940 0.921882 1
-0.366399 0.216849 0.921204 1
-0.408515 0.226578 0.933912 1
-0.370545 0.135278 0.931626 1
-0.390926 0.253147 0.920265 1
-0.404459 0.178364 0.928469 1
-0.358461 0.154349 0.935176 1
-0.348715 0.263869 0.940737 1
-0.371508 0.268450 0.921510 1
-0.346421 0.201010 0.948394 1
-0.394891 0.231947 0.921772 1
-0.370682 0.194878 0.919462 1
-0.386210 0.170265 0.920895 1
-0.347043 0.188444 0.945429 1
-0.389429 0.159274 0.924593 1
-0.349396 0.190349 0.938011 1
-0.355900 0.238662 0.928493 1
-0.426009 0.157419 0.986105 1
-0.397112 0.245593 0.923070 1
-0.404855 0.250624 0.929376 1
-0.395368 0.148578 0.930723 1
-0.359313 0.280213 0.933006 1
-0.387038 0.189789 0.918917 1
-0.361593 0.158564 0.930212 1
-0.385242 0.194692 0.918588 1
-0.365004 0.253591 0.921877 1
-0.393066 0.135511 0.933229 1
-0.556264 0.418107 1.343717 1
-0.352867 0.273324 0.938241 1
-0.347162 0.219032 0.959904 1
-0.348037 0.267655 0.948136 1
-0.368622 0.268769 0.922607 1
-0.363191 0.123332 0.943077 1
-0.364218 0.278815 0.928350 1
-0.347559 0.237088 0.942203 1
-0.354689 0.207112 0.929709 1
-0.370313 0.283377 0.926840 1
-0.357680 0.136382 0.951039 1
-0.353870 0.150675 0.954645 1
-0.388348 0.123833 0.934027 1
-0.366367 0.178614 0.921121 1
-0.375237 0.107090 0.934944 1
-0.379680 0.166993 0.921173 1
-0.392847 0.223416 0.920878 1
-0.356428 0.162626 0.934267 1
-0.359636 0.251161 0.925179 1
-0.394766 0.191981 0.921480 1
-0.375848 0.089742 0.985172 1
-0.370742 0.241355 0.919610 1
-0.375324 0.227846 0.918645 1
-0.348494 0.200957 0.940142 1
-0.371295 0.279514 0.925122 1
-0.378305 0.117115 0.934191 1
-0.366402 0.220174 0.921211 1
-0.363585 0.115492 0.948543 1
-0.408268 0.207922 0.933347 1
-0.358890 0.266867 0.927563 1
-0.362498 0.121970 0.945707 1
-0.399508 0.259388 0.924761 1
-0.348418 0.266638 0.944532 1
-0.367207 0.090742 0.940292 1
-0.346347 0.201964 0.952898 1
-0.404180 0.151673 0.939499 1
-0.386306 0.154356 0.925104 1
-0.380871 0.155849 0.924062 1
-0.385397 0.261076 0.918958 1
-0.356066 0.156466 0.937753 1
-0.383421 0.091852 0.934338 1
-0.380020 0.163816 0.921997 1
-0.408560 0.229973 0.934014 1
-0.358312 0.229687 0.926070 1
-0.354689 0.244006 0.929710 1
-0.369281 0.256422 0.920104 1
-0.367101 0.129118 0.935699 1
-0.354098 0.266625 0.932569 1
-0.365817 0.142122 0.932426 1
-0.362200 0.131478 0.940504 1
-0.398127 0.128182 0.941215 1
-0.354689 0.188664 0.929708 1
-0.359396 0.132319 0.946522 1
-0.374076 0.128615 0.932049 1
-0.349825 0.274187 0.953007 1
-0.392811 0.211769 0.920793 1
-0.353525 0.187259 0.931061 1
-0.383452 0.105344 0.934413 1
-0.378444 0.179699 0.918175 1
-0.390714 0.184988 0.919768 1
-0.375305 0.212921 0.918597 1
-0.394944 0.248607 0.921894 1
-0.363918 0.161462 0.927584 1
-0.355630 0.269875 0.932176 1
-0.362247 0.182373 0.923328 1
-0.380173 0.221146 0.918349 1
-0.355880 0.158075 0.937263 1
-0.383422 0.186328 0.918196 1
-0.380211 0.242705 0.918441 1
-0.371804 0.122248 0.934792 1
-0.431593 0.298111 0.986671 1
-0.384186 0.266358 0.920026 1
-0.394532 0.165987 0.924828 1
-0.397091 0.240585 0.923020 1
-0.351180 0.268250 0.938255 1
-0.350301 0.189922 0.935908 1
-0.357107 0.204898 0.927279 1
-0.354351 0.268498 0.933234 1
-0.379986 0.105318 0.934181 1
-0.353004 0.165074 0.938606 1
-0.365000 0.248599 0.921866 1
-0.404822 0.245575 0.929301 1
-0.370447 0.272216 0.923009 1
-0.391003 0.148196 0.928331 1
-0.431416 0.182351 0.986267 1
-0.372754 0.112418 0.937181 1
-0.356235 0.175184 0.929366 1
-0.363576 0.207163 0.922472 1
-0.349394 0.192040 0.938005 1
-0.372382 0.262906 0.919563 1
-0.367491 0.283780 0.928157 1
-0.350302 0.188235 0.935910 1
-0.383556 0.246039 0.918518 1
-0.358312 0.236369 0.926070 1
-0.390121 0.140108 0.930222 1
-0.372325 0.127070 0.985252 1
-0.363431 0.106891 0.948139 1
-0.364956 0.197026 0.921755 1
-0.429605 0.168106 0.986192 1
-0.349659 0.272717 0.947897 1
-0.401630 0.207913 0.925809 1
-0.363568 0.190520 0.922453 1
-0.352454 0.189265 0.932669 1
-0.354982 0.150676 0.943866 1
-0.353508 0.222517 0.931014 1
-0.396898 0.195537 0.922572 1
-0.384455 0.268205 0.920671 1
-0.349327 0.249519 0.937824 1
-0.383448 0.103657 0.934404 1
-0.380530 0.159040 0.923235 1
-0.367250 0.089004 0.958103 1
-0.370999 0.103947 0.937019 1
-0.359625 0.226122 0.925151 1
-0.404493 0.195128 0.928546 1
-0.376847 0.212856 0.918319 1
-0.348441 0.246706 0.939998 1
-0.398071 0.266215 0.925299 1
-0.377850 0.168579 0.920763 1
-0.366664 0.175433 0.921869 1
-0.362382 0.139378 0.936589 1
-0.349310 0.172530 0.942344 1
-0.353512 0.214122 0.931025 1
-0.358311 0.182914 0.926068 1
-0.368823 0.138624 0.931523 1
-0.390725 0.188311 0.919792 1
-0.378045 0.151051 0.925306 1
-0.549145 0.429603 1.380665 1
-0.369237 0.204947 0.919993 1
-0.387236 0.090271 0.935412 1
-0.373417 0.120539 0.934608 1
-0.553126 0.420670 1.359838 1
-0.353516 0.205728 0.931036 1
-0.367814 0.205079 0.920586 1
-0.372330 0.092027 0.936116 1
-0.380606 0.126869 0.931574 1
-0.398221 0.171143 0.925648 1
-0.387159 0.241249 0.919204 1
-0.393562 0.121031 0.938425 1
-0.352098 0.274042 0.940708 1
-0.371725 0.270270 0.922048 1
-0.348496 0.199262 0.940148 1
-0.377919 0.136587 0.929100 1
-0.373805 0.237876 0.918984 1
-0.386689 0.151168 0.926019 1
-0.387633 0.173480 0.920330 1
-0.359630 0.236137 0.925162 1
-0.378865 0.277279 0.923236 1
-0.390951 0.261464 0.920326 1
-0.381212 0.152652 0.924890 1
-0.390745 0.194958 0.919841 1
-0.400242 0.150828 0.934262 1
-0.408201 0.202838 0.933194 1
-0.369219 0.185025 0.919950 1
-0.373815 0.246171 0.919010 1
-0.350673 0.164671 0.946020 1
-0.390895 0.243168 0.920192 1
-0.369804 0.157772 0.925567 1
-0.361425 0.160168 0.929781 1
-0.375311 0.217896 0.918613 1
-0.363680 0.128009 0.939944 1
-0.381766 0.186328 0.918198 1
-0.381875 0.247681 0.918460 1
-0.362256 0.200698 0.923348 1
-0.385884 0.112303 0.936224 1
-0.366648 0.276448 0.926030 1
-0.389445 0.144890 0.928610 1
-0.360953 0.239246 0.924278 1
-0.380492 0.174910 0.919121 1
-0.374064 0.091517 0.985153 1
-0.365256 0.161315 0.926736 1
-0.354735 0.262487 0.929830 1
-0.350953 0.163095 0.946776 1
-0.372341 0.146426 0.927727 1
-0.371053 0.144903 0.928692 1
-0.399400 0.234304 0.924512 1
-0.370737 0.238035 0.919599 1
-0.355900 0.258760 0.928494 1
-0.349364 0.217401 0.937926 1
-0.403854 0.267837 0.930935 1
-0.384596 0.168624 0.921007 1
-0.346384 0.193391 0.952999 1
-0.370678 0.191558 0.919452 1
-0.367841 0.236647 0.920654 1
-0.358312 0.234699 0.926070 1
-0.392079 0.168985 0.922980 1
-0.398798 0.168047 0.926988 1
-0.349345 0.234306 0.937872 1
-0.392791 0.112832 0.940632 1
-0.374211 0.112348 0.936597 1
-0.391875 0.089102 0.959155 1
-0.362270 0.232352 0.923385 1
-0.352067 0.165429 0.940626 1
-0.377378 0.157449 0.923671 1
-0.357107 0.183153 0.927279 1
-0.367827 0.220032 0.920618 1
-0.360955 0.242582 0.924282 1
-0.387241 0.091959 0.935424 1
-0.383440 0.196275 0.918240 1
-0.360933 0.194220 0.924227 1
-0.429800 0.296322 0.986640 1
-0.364311 0.170901 0.924338 1
-0.404969 0.270260 0.933505 1
-0.369253 0.223211 0.920033 1
-0.363457 0.094927 0.948209 1
-0.354631 0.260418 0.985469 1
-0.368672 0.154658 0.926917 1
-0.357137 0.178150 0.927356 1
-0.378546 0.237730 0.918422 1
-0.408018 0.088004 0.985613 1
-0.399415 0.237648 0.924545 1
-0.417021 0.128930 0.985881 1
-0.383335 0.133371 0.930042 1
-0.376850 0.214515 0.918326 1
-0.387081 0.208046 0.919019 1
-0.375283 0.196340 0.918545 1
-0.380217 0.246023 0.918455 1
-0.354689 0.255745 0.929710 1
-0.353500 0.237626 0.930994 1
-0.358312 0.211312 0.926069 1
-0.346915 0.264683 0.949747 1
-0.376799 0.184673 0.918201 1
-0.350273 0.247301 0.935832 1
-0.380054 0.273605 0.922079 1
-0.391054 0.133715 0.932445 1
-0.394730 0.180329 0.921395 1
-0.404405 0.181689 0.928344 1
-0.372916 0.110775 0.937588 1
-0.380263 0.130112 0.930733 1
-0.387171 0.246230 0.919232 1
-0.347632 0.189540 0.942402 1
-0.362213 0.141001 0.936152 1
-0.347076 0.178228 0.945517 1
-0.364950 0.190373 0.921740 1
-0.392764 0.196797 0.920684 1
-0.353495 0.247698 0.930981 1
-0.369240 0.208268 0.920000 1
-0.350299 0.194986 0.935901 1
-0.384099 0.126912 0.931894 1
-0.357108 0.228315 0.927280 1
-0.360945 0.220902 0.924257 1
-0.380176 0.222804 0.918356 1
-0.392816 0.213433 0.920805 1
-0.362268 0.227354 0.923379 1
-0.399386 0.230960 0.924479 1
-0.392837 0.220088 0.920854 1
-0.364636 0.119845 0.942414 1
-0.364967 0.210334 0.921784 1
-0.392107 0.154669 0.926982 1
-0.394731 0.090831 0.941214 1
-0.353514 0.209086 0.931032 1
-0.360363 0.158761 0.931370 1
-0.364157 0.104898 0.945584 1
-0.367069 0.280110 0.927092 1
-0.353497 0.242662 0.930988 1
-0.367847 0.274426 0.924844 1
-0.380143 0.204565 0.918278 1
-0.352428 0.241400 0.932600 1
-0.390941 0.258137 0.920301 1
-0.386781 0.165526 0.922256 1
-0.379977 0.100260 0.934159 1
-0.399350 0.222602 0.924395 1
-0.362771 0.126588 0.941986 1
-0.357108 0.245041 0.927280 1
-0.352450 0.197675 0.932658 1
-0.346172 0.243093 0.952415 1
-0.366615 0.134004 0.934459 1
-0.349398 0.188658 0.938016 1
-0.379555 0.089053 0.958628 1
-0.378628 0.275442 0.922660 1
-0.351589 0.263903 0.934844 1
-0.349402 0.185276 0.938027 1
-0.381869 0.244363 0.918446 1
-0.373835 0.261104 0.919058 1
-0.355481 0.284215 0.940680 1
-0.388905 0.214769 0.919413 1
-0.353521 0.195654 0.931050 1
-0.391702 0.098983 0.938024 1
-0.385157 0.133420 0.930390 1
-0.350266 0.260800 0.935814 1
-0.361229 0.264456 0.924983 1
-0.388874 0.201485 0.919339 1
-0.354030 0.164763 0.936840 1
-0.364990 0.236953 0.921841 1
-0.346987 0.213990 0.945276 1
-0.347051 0.185037 0.945450 1
-0.376741 0.117152 0.934492 1
-0.383436 0.098598 0.934376 1
-0.346164 0.244806 0.952394 1
-0.390044 0.268623 0.922106 1
-0.361253 0.139594 0.938044 1
-0.399436 0.242664 0.924595 1
-0.367227 0.154754 0.927492 1
-0.357546 0.152992 0.937197 1
-0.381802 0.206223 0.918283 1
-0.365573 0.158108 0.927538 1
-0.399235 0.195867 0.924129 1
-0.356803 0.143913 0.944178 1
-0.358408 0.272793 0.930656 1
-0.396884 0.192202 0.922539 1
-0.404591 0.210253 0.928772 1
-0.367834 0.228339 0.920636 1
-0.376418 0.120420 0.933689 1
-0.349317 0.257970 0.937798 1
-0.405293 0.175375 0.930382 1
-0.366229 0.272794 0.924970 1
-0.347624 0.265629 0.947011 1
-0.362097 0.153744 0.931508 1
-0.378500 0.211198 0.918309 1
-0.363578 0.212157 0.922478 1
-0.431392 0.166330 0.986211 1
-0.378957 0.110564 0.935801 1
-0.357902 0.159161 0.933715 1
-0.392941 0.253376 0.921097 1
-0.366427 0.248439 0.921272 1
-0.395400 0.173976 0.922959 1
-0.382954 0.282835 0.925068 1
-0.346338 0.238588 0.948167 1
-0.364339 0.143884 0.932947 1
-0.390843 0.226540 0.920071 1
-0.402150 0.165394 0.930876 1
-0.385809 0.277482 0.923912 1
-0.354624 0.255080 0.985450 1
-0.394980 0.260271 0.921979 1
-0.556242 0.415667 1.343665 1
-0.357107 0.208243 0.927279 1
-0.404635 0.216978 0.928873 1
-0.370860 0.263003 0.919902 1
-0.374328 0.141524 0.928504 1
-0.404085 0.275858 0.935356 1
-0.363109 0.132886 0.938468 1
-0.377921 0.303226 0.985942 1
-0.359619 0.212768 0.925135 1
-0.355900 0.257086 0.928494 1
-0.349386 0.198803 0.937984 1
-0.404910 0.259042 0.929503 1
-0.384775 0.136641 0.929466 1
-0.346923 0.176474 0.954482 1
-0.356647 0.141119 0.948292 1
-0.392806 0.210105 0.920781 1
-0.401820 0.155842 0.934013 1
-0.394892 0.104455 0.941596 1
-0.383568 0.251017 0.918545 1
-0.392718 0.181829 0.920574 1
-0.349315 0.259660 0.937793 1
-0.390626 0.283559 0.927436 1
-0.362919 0.134509 0.937977 1
-0.360922 0.133329 0.941594 1
-0.403722 0.170386 0.930629 1
-0.359296 0.157350 0.932964 1
-0.357593 0.139112 0.946270 1
-0.363594 0.247111 0.922518 1
-0.353991 0.152685 0.945767 1
-0.361064 0.141212 0.937554 1
-0.365023 0.150205 0.930403 1
-0.364637 0.129442 0.938044 1
-0.357020 0.271335 0.931415 1
-0.376928 0.259294 0.918517 1
-0.365394 0.108677 0.948796 1
-0.376525 0.135012 0.929795 1
-0.369305 0.133757 0.932739 1
-0.362724 0.120339 0.946297 1
-0.382880 0.152652 0.924890 1
-0.364626 0.167711 0.925136 1
-0.380158 0.212855 0.918314 1
-0.373686 0.273814 0.922783 1
-0.381896 0.259292 0.918510 1
-0.376925 0.257635 0.918510 1
-0.351911 0.161044 0.944761 1
-0.387143 0.234607 0.919167 1
-0.346435 0.181384 0.953140 1
-0.353503 0.232590 0.931001 1
-0.378725 0.144634 0.926969 1
-0.375081 0.149531 0.926230 1
-0.372231 0.206427 0.919191 1
-0.382069 0.144634 0.926968 1
-0.346436 0.194175 0.948435 1
-0.358312 0.253074 0.926070 1
-0.346216 0.232815 0.952535 1
-0.363997 0.174086 0.923542 1
-0.358312 0.191267 0.926069 1
-0.359109 0.133919 0.945766 1
-0.370754 0.251317 0.919641 1
-0.354689 0.181956 0.929708 1
-0.347613 0.198029 0.942351 1
-0.381760 0.183013 0.918184 1
-0.376917 0.252659 0.918489 1
-0.348304 0.269183 0.953550 1
-0.383436 0.194617 0.918231 1
-0.372339 0.102161 0.936138 1
-0.380645 0.110564 0.935800 1
-0.350527 0.276460 0.954918 1
-0.383822 0.144665 0.927164 1
-0.369263 0.234834 0.920058 1
-0.387019 0.181493 0.918871 1
-0.364959 0.200353 0.921762 1
-0.387073 0.204726 0.919001 1
-0.390709 0.183326 0.919756 1
-0.381123 0.121993 0.932838 1
-0.391430 0.159410 0.925381 1
-0.540648 0.440480 1.423875 1
-0.363586 0.228801 0.922497 1
-0.348425 0.260259 0.939955 1
-0.384482 0.123674 0.932823 1
-0.361480 0.172809 0.925628 1
-0.378523 0.224463 0.918366 1
-0.354689 0.250714 0.929710 1
-0.360934 0.195888 0.924229 1
-0.379344 0.268114 0.920357 1
-0.363122 0.095287 0.951813 1
-0.346318 0.208822 0.952817 1
-0.346410 0.206135 0.948363 1
-0.378526 0.226122 0.918373 1
-0.367804 0.193450 0.920560 1
-0.388996 0.252972 0.919627 1
-0.372812 0.279400 0.924744 1
-0.408605 0.233368 0.934117 1
-0.385394 0.259415 0.918949 1
-0.352441 0.214493 0.932636 1
-0.422417 0.148513 0.986024 1
-0.346845 0.246511 0.959027 1
-0.376914 0.251000 0.918481 1
-0.364964 0.207007 0.921776 1
-0.408650 0.236764 0.934220 1
-0.376833 0.204566 0.918283 1
-0.359615 0.202753 0.925124 1
-0.400150 0.274317 0.930131 1
-0.380105 0.183014 0.918186 1
-0.404613 0.213616 0.928822 1
-0.364997 0.245271 0.921859 1
-0.394951 0.273042 0.925810 1
-0.380739 0.141417 0.927803 1
-0.390750 0.196620 0.919853 1
-0.373490 0.165533 0.922300 1
-0.346179 0.241380 0.952435 1
-0.388894 0.209787 0.919386 1
-0.366859 0.278278 0.926561 1
-0.358312 0.231358 0.926070 1
-0.404866 0.252308 0.929402 1
-0.369660 0.098971 0.937910 1
-0.352426 0.244764 0.932596 1
-0.378465 0.191303 0.918224 1
-0.352436 0.224583 0.932623 1
-0.363566 0.185527 0.922447 1
-0.385470 0.262783 0.919132 1
-0.372226 0.178238 0.919180 1
-0.358312 0.248062 0.926070 1
-0.349331 0.246139 0.937835 1
-0.363597 0.253769 0.922525 1
-0.366371 0.183601 0.921132 1
-0.370710 0.216455 0.919531 1
-0.388397 0.167169 0.922144 1
-0.353709 0.154268 0.945012 1
-0.354689 0.245683 0.929710 1
-0.365658 0.143742 0.932021 1
-0.358312 0.197948 0.926069 1
-0.387077 0.206386 0.919010 1
-0.387287 0.107158 0.935534 1
-0.395243 0.263773 0.922593 1
-0.370871 0.275861 0.924064 1
-0.357733 0.151381 0.937687 1
-0.413388 0.091568 0.985700 1
-0.354689 0.180279 0.929708 1
-0.404921 0.260725 0.929528 1
-0.387162 0.162358 0.923166 1
-0.346353 0.231757 0.948208 1
-0.399206 0.189185 0.924063 1
-0.354030 0.174072 0.932390 1
-0.352427 0.243082 0.932598 1
-0.374284 0.157549 0.924260 1
-0.551561 0.425702 1.368125 1
-0.347543 0.250673 0.942160 1
-0.396920 0.200540 0.922622 1
-0.392795 0.206778 0.920757 1
-0.375358 0.254382 0.918729 1
-0.357733 0.143603 0.942143 1
-0.351380 0.187908 0.934288 1
-0.369266 0.238156 0.920065 1
-0.377673 0.280962 0.924396 1
-0.381855 0.236071 0.918410 1
-0.370993 0.090424 0.937003 1
-0.388937 0.228055 0.919487 1
-0.380766 0.279117 0.923808 1
-0.376311 0.152694 0.925145 1
-0.361168 0.175997 0.924829 1
-0.363582 0.220479 0.922487 1
-0.391974 0.115984 0.938676 1
-0.381805 0.207881 0.918290 1
-0.405158 0.158172 0.937839 1
-0.381670 0.105317 0.934178 1
-0.426216 0.294525 0.986584 1
-0.376766 0.093559 0.934552 1
-0.347563 0.233691 0.942214 1
-0.375279 0.193024 0.918534 1
-0.347021 0.198663 0.945368 1
-0.351379 0.191278 0.934284 1
-0.381787 0.197933 0.918248 1
-0.390756 0.198282 0.919865 1
-0.346402 0.209552 0.948342 1
-0.383537 0.237743 0.918471 1
-0.397012 0.222227 0.922838 1
-0.390327 0.152955 0.926725 1
-0.355899 0.180043 0.928492 1
-0.373760 0.203040 0.918873 1
-0.369846 0.172041 0.921511 1
-0.384202 0.141460 0.928083 1
-0.354768 0.167693 0.934334 1
-0.354558 0.149512 0.947280 1
-0.355905 0.178371 0.928506 1
-0.385277 0.209624 0.918671 1
-0.356108 0.273606 0.933429 1
-0.358312 0.251403 0.926070 1
-0.388851 0.191523 0.919284 1
-0.372222 0.199790 0.919170 1
-0.381769 0.131731 0.930313 1
-0.375781 0.173373 0.919763 1
-0.346289 0.260786 0.948033 1
-0.360935 0.199223 0.924232 1
-0.378357 0.163816 0.921997 1
-0.399257 0.200879 0.924179 1
-0.380300 0.113837 0.934952 1
-0.381082 0.138194 0.928638 1
-0.371721 0.283176 0.926183 1
-0.383410 0.179697 0.918167 1
-0.373798 0.232899 0.918968 1
-0.372260 0.162395 0.923377 1
-0.383074 0.089067 0.958779 1
-0.373738 0.186455 0.918821 1
-0.379612 0.120365 0.933260 1
-0.371331 0.127145 0.933603 1
-0.399170 0.180835 0.923980 1
-0.394912 0.238610 0.921821 1
-0.373770 0.211334 0.918899 1
-0.376797 0.183015 0.918196 1
-0.362255 0.199032 0.923347 1
-0.366384 0.124384 0.938184 1
-0.367481 0.138751 0.932380 1
-0.553148 0.423140 1.359891 1
-0.353607 0.151546 0.949314 1
-0.363596 0.252104 0.922523 1
-0.380910 0.139807 0.928220 1
-0.381314 0.089060 0.958704 1
-0.388921 0.221411 0.919450 1
-0.396841 0.182198 0.922440 1
-0.377797 0.089046 0.958553 1
-0.374069 0.095072 0.985165 1
-0.354689 0.227236 0.929709 1
-0.394872 0.102752 0.941548 1
-0.373778 0.091968 0.935513 1
-0.375322 0.226187 0.918640 1
-0.349410 0.178512 0.938048 1
-0.393971 0.119462 0.939401 1
-0.362281 0.257345 0.923413 1
-0.360951 0.234243 0.924273 1
-0.397907 0.137704 0.936699 1
-0.370622 0.164073 0.923445 1
-0.393400 0.173828 0.922175 1
-0.384780 0.087975 0.985290 1
-0.397083 0.140792 0.934760 1
-0.365033 0.106362 0.943441 1
-0.367002 0.143609 0.931165 1
-0.353320 0.284880 0.948544 1
-0.353476 0.169567 0.935374 1
-0.367427 0.270779 0.923787 1
-0.370686 0.178294 0.919471 1
-0.359639 0.256169 0.925185 1
-0.388799 0.120604 0.935113 1
-0.358312 0.219664 0.926069 1
-0.359623 0.221114 0.925145 1
-0.366818 0.173843 0.922256 1
-0.371401 0.156072 0.925386 1
-0.400910 0.169905 0.928006 1
-0.377345 0.173330 0.919531 1
-0.346300 0.255664 0.948064 1
-0.390864 0.233191 0.920120 1
-0.383463 0.206225 0.918296 1
-0.394917 0.240276 0.921833 1
-0.397155 0.255611 0.923169 1
-0.353846 0.264754 0.931905 1
-0.380178 0.224463 0.918363 1
-0.363469 0.089798 0.948239 1
-0.360223 0.131997 0.944215 1
-0.366392 0.208536 0.921186 1
-0.408178 0.201144 0.933142 1
-0.378794 0.112204 0.935397 1
-0.369276 0.249780 0.920090 1
-0.378520 0.222805 0.918359 1
-0.390704 0.181665 0.919743 1
-0.372265 0.232977 0.919276 1
-0.408740 0.243558 0.934425 1
-0.393932 0.143630 0.931296 1
-0.358401 0.138764 0.943903 1
-0.388140 0.110776 0.937595 1
-0.396515 0.155085 0.929475 1
-0.354689 0.210466 0.929709 1
-0.393384 0.089212 0.942052 1
-0.346905 0.241363 0.959191 1
-0.360139 0.172967 0.926474 1
-0.390946 0.259801 0.920314 1
-0.357879 0.137515 0.947027 1
-0.384247 0.279225 0.924164 1
-0.375233 0.102030 0.934933 1
-0.365184 0.263698 0.922330 1
-0.386625 0.283080 0.925867 1
-0.352594 0.263393 0.933039 1
-0.376905 0.246024 0.918460 1
-0.359933 0.130335 0.957029 1
-0.391854 0.170552 0.922450 1
-0.397098 0.242255 0.923036 1
-0.388956 0.236359 0.919534 1
-0.376879 0.231097 0.918397 1
-0.363278 0.142445 0.934547 1
-0.355521 0.147918 0.959099 1
-0.372252 0.223020 0.919244 1
-0.367641 0.137129 0.932786 1
-0.373830 0.257785 0.919047 1
-0.397934 0.172688 0.924979 1
-0.370663 0.179942 0.919415 1
-0.386334 0.109053 0.937316 1
-0.367844 0.239971 0.920661 1
-0.362274 0.240683 0.923394 1
-0.349372 0.210639 0.937947 1
-0.389382 0.103892 0.936516 1
-0.355695 0.151956 0.941247 1
-0.351378 0.192963 0.934282 1
-0.394177 0.269173 0.923995 1
-0.369271 0.244798 0.920079 1
-0.386020 0.171841 0.920442 1
-0.349404 0.183585 0.938032 1
-0.385347 0.239495 0.918838 1
-0.392749 0.191808 0.920647 1
-0.365350 0.122913 0.939877 1
-0.354689 0.215497 0.929709 1
-0.358629 0.163777 0.931231 1
-0.364175 0.089551 0.945632 1
-0.367801 0.190127 0.920553 1
-0.399028 0.279740 0.931429 1
-0.420620 0.143171 0.985980 1
-0.362501 0.275433 0.928240 1
-0.347202 0.215594 0.960013 1
-0.394954 0.251939 0.921918 1
-0.401616 0.204565 0.925775 1
-0.374081 0.103961 0.985196 1
-0.554715 0.420608 1.351756 1
-0.376577 0.165428 0.921713 1
-0.394949 0.250273 0.921906 1
-0.349400 0.186967 0.938021 1
-0.354613 0.246185 0.985419 1
-0.360931 0.189218 0.924221 1
-0.387167 0.244570 0.919223 1
-0.386898 0.284951 0.926521 1
-0.431411 0.178791 0.986254 1
-0.366152 0.108395 0.946334 1
-0.360942 0.214231 0.924250 1
-0.404875 0.176871 0.929424 1
-0.426017 0.162758 0.986124 1
-0.391910 0.128951 0.934487 1
-0.385335 0.234516 0.918810 1
-0.360134 0.149283 0.935139 1
-0.357507 0.265409 0.928318 1
-0.347619 0.179444 0.961166 1
-0.352418 0.259898 0.932576 1
-0.359620 0.214437 0.925137 1
-0.394756 0.188652 0.921456 1
-0.358182 0.270943 0.930070 1
-0.399828 0.152356 0.933296 1
-0.358312 0.209642 0.926069 1
-0.374374 0.089137 0.941254 1
-0.369889 0.279713 0.925778 1
-0.378327 0.095214 0.934244 1
-0.373100 0.123805 0.933815 1
-0.395149 0.126075 0.938174 1
-0.363206 0.155180 0.930046 1
-0.389334 0.092055 0.936400 1
-0.362264 0.219024 0.923370 1
-0.360938 0.205893 0.924240 1
-0.422649 0.303417 0.986565 1
-0.357107 0.216606 0.927279 1
-0.349374 0.208948 0.937952 1
-0.376903 0.115516 0.934894 1
-0.348006 0.264621 0.943415 1
-0.420859 0.303410 0.986540 1
-0.543294 0.438961 1.410738 1
-0.376876 0.229439 0.918389 1
-0.352442 0.212811 0.932638 1
-0.369248 0.120829 0.936863 1
-0.553912 0.419408 1.355759 1
-0.431566 0.280295 0.986609 1
-0.349366 0.215711 0.937931 1
-0.370156 0.168858 0.922284 1
-0.352419 0.258217 0.932578 1
-0.378666 0.176490 0.918712 1
-0.379989 0.107004 0.934188 1
-0.347212 0.263608 0.945889 1
-0.346128 0.253369 0.952294 1
-0.368603 0.127366 0.935227 1
-0.388913 0.218090 0.919432 1
-0.355474 0.153558 0.940663 1
-0.353518 0.202370 0.931041 1
-0.355619 0.277906 0.936574 1
-0.363574 0.203835 0.922468 1
-0.380055 0.147846 0.926136 1
-0.378584 0.130112 0.930734 1
-0.408762 0.245257 0.934477 1
-0.368423 0.092318 0.939069 1
-0.399501 0.257716 0.924745 1
-0.355900 0.248711 0.928494 1
-0.366111 0.095987 0.941835 1
-0.360529 0.136577 0.940571 1
-0.360956 0.245917 0.924286 1
-0.362272 0.123599 0.945117 1
-0.360941 0.212564 0.924248 1
-0.387897 0.127055 0.932942 1
-0.401899 0.249829 0.926428 1
-0.362262 0.214026 0.923364 1
-0.400538 0.266747 0.927146 1
-0.389875 0.114172 0.937701 1
-0.361652 0.268107 0.926066 1
-0.415224 0.123589 0.985837 1
-0.431389 0.164550 0.986205 1
-0.369007 0.089011 0.958178 1
-0.387190 0.254534 0.919278 1
-0.363571 0.195513 0.922459 1
-0.347559 0.184614 0.961001 1
-0.346931 0.239527 0.945122 1
-0.346946 0.232718 0.945163 1
-0.397839 0.148874 0.932581 1
-0.363871 0.126379 0.940437 1
-0.348660 0.177299 0.940590 1
-0.371173 0.128774 0.933207 1
-0.369466 0.132132 0.933145 1
-0.383444 0.197933 0.918250 1
-0.350075 0.274753 0.949023 1
-0.383521 0.231107 0.918434 1
-0.373015 0.170307 0.921127 1
-0.352295 0.160134 0.959737 1
-0.362274 0.242349 0.923396 1
-0.546663 0.431047 1.393381 1
-0.387042 0.191449 0.918926 1
-0.404504 0.196808 0.928571 1
-0.393074 0.148346 0.929268 1
-0.346194 0.237954 0.952475 1
-0.431577 0.287421 0.986634 1
-0.350298 0.196673 0.935899 1
-0.351347 0.255295 0.934199 1
-0.388119 0.154413 0.925448 1
-0.372815 0.266534 0.920634 1
-0.355900 0.223589 0.928493 1
-0.355508 0.147489 0.945263 1
-0.346312 0.250542 0.948095 1
-0.378320 0.090157 0.934228 1
-0.381778 0.192959 0.918226 1
-0.404482 0.193448 0.928520 1
-0.370684 0.196537 0.919467 1
-0.362279 0.252346 0.923408 1
-0.369279 0.253101 0.920097 1
-0.351369 0.209810 0.934259 1
-0.351368 0.213180 0.934255 1
-0.381554 0.149449 0.925721 1
-0.378459 0.187987 0.918210 1
-0.360995 0.273887 0.928676 1
-0.375401 0.146314 0.927020 1
-0.368764 0.125734 0.935636 1
-0.367847 0.243294 0.920668 1
-0.348461 0.229764 0.940051 1
-0.385215 0.183081 0.918523 1
-0.385351 0.241155 0.918847 1
-0.366762 0.159571 0.926318 1
-0.347533 0.259163 0.942134 1
-0.350448 0.273707 0.945412 1
-0.380153 0.178067 0.918303 1
-0.357107 0.223297 0.927280 1
-0.377217 0.159047 0.923279 1
-0.377057 0.160645 0.922887 1
-0.429784 0.285633 0.986603 1
-0.373809 0.241194 0.918994 1
-0.383591 0.260974 0.918601 1
-0.376768 0.095246 0.934557 1
-0.375869 0.279193 0.924060 1
-0.359023 0.149523 0.936641 1
-0.360944 0.217566 0.924253 1
-0.366108 0.101083 0.941828 1
-0.350269 0.255738 0.935821 1
-0.396827 0.178863 0.922407 1
-0.404394 0.180010 0.928319 1
-0.364970 0.213661 0.921791 1
-0.356128 0.281688 0.937916 1
-0.368995 0.111123 0.940525 1
-0.375330 0.232821 0.918661 1
-0.376891 0.237731 0.918425 1
-0.378755 0.128491 0.931154 1
-0.397176 0.260621 0.923219 1
-0.359635 0.247823 0.925175 1
-0.387262 0.098714 0.935473 1
-0.379920 0.133349 0.929894 1
-0.371245 0.157675 0.924997 1
-0.374125 0.159149 0.923868 1
-0.428001 0.290970 0.986596 1
-0.431403 0.173451 0.986236 1
-0.375772 0.126939 0.932088 1
-0.362256 0.202364 0.923350 1
-0.349335 0.242758 0.937846 1
-0.347028 0.195257 0.945388 1
-0.382709 0.154251 0.924475 1
-0.367705 0.149930 0.928697 1
-0.367805 0.195111 0.920564 1
-0.399163 0.179165 0.923963 1
-0.355329 0.172204 0.931386 1
-0.346443 0.190758 0.948456 1
-0.353507 0.224196 0.931012 1
-0.376792 0.147876 0.926328 1
-0.348483 0.211124 0.940110 1
-0.387198 0.257856 0.919297 1
-0.364165 0.098077 0.945605 1
-0.360950 0.232575 0.924271 1
-0.370996 0.095495 0.937009 1
-0.350255 0.172159 0.940316 1
-0.394855 0.220287 0.921687 1
-0.381887 0.254315 0.918488 1
-0.385359 0.244475 0.918865 1
-0.365700 0.130909 0.936432 1
-0.390797 0.211578 0.919962 1
-0.373811 0.242853 0.919000 1
-0.354689 0.185310 0.929708 1
-0.390900 0.244831 0.920204 1
-0.372201 0.183199 0.919118 1
-0.381758 0.181356 0.918177 1
-0.399759 0.281935 0.933135 1
-0.401845 0.241441 0.926303 1
-0.353292 0.171165 0.934887 1
-0.392733 0.186818 0.920611 1
-0.347860 0.266722 0.957060 1
-0.397076 0.237247 0.922987 1
-0.388383 0.270288 0.922110 1
-0.346379 0.219801 0.948280 1
-0.353508 0.220838 0.931016 1
-0.404471 0.191768 0.928495 1
-0.367811 0.201756 0.920578 1
-0.353097 0.267140 0.934372 1
-0.376043 0.139864 0.928604 1
-0.390802 0.213240 0.919974 1
-0.401682 0.216290 0.925927 1
-0.375289 0.201314 0.918561 1
-0.362965 0.124955 0.942491 1
-0.367861 0.259911 0.920704 1
-0.373248 0.283068 0.925827 1
-0.346355 0.200250 0.952918 1
-0.358453 0.134313 0.948544 1
-0.352444 0.209447 0.932643 1
-0.395398 0.275023 0.926858 1
-0.396803 0.153520 0.930150 1
-0.353435 0.152209 0.953471 1
-0.357383 0.283034 0.936770 1
-0.373818 0.247830 0.919015 1
-0.362262 0.215692 0.923366 1
-0.347855 0.177831 0.961818 1
-0.351366 0.216549 0.934250 1
-0.559307 0.413192 1.327923 1
-0.387887 0.141583 0.928888 1
-0.364979 0.223643 0.921812 1
-0.353496 0.154709 0.958300 1
-0.394751 0.092533 0.941261 1
-0.374338 0.266436 0.920295 1
-0.360687 0.144444 0.936574 1
-0.392981 0.162699 0.925104 1
-0.360865 0.153936 0.932669 1
-0.399494 0.256043 0.924728 1
-0.351630 0.176237 0.934953 1
-0.368424 0.100787 0.939070 1
-0.383413 0.181355 0.918174 1
-0.351364 0.219919 0.934246 1
-0.367386 0.153147 0.927893 1
-0.359115 0.268709 0.928146 1
-0.392775 0.200124 0.920708 1
-0.354689 0.238975 0.929710 1
-0.346281 0.217393 0.952717 1
-0.346912 0.248038 0.945071 1
-0.404745 0.233797 0.929125 1
-0.382545 0.108937 0.936320 1
-0.373966 0.160747 0.923475 1
-0.362273 0.239017 0.923392 1
-0.355900 0.215215 0.928493 1
-0.356400 0.173588 0.929797 1
-0.431563 0.278514 0.986603 1
-0.348469 0.222986 0.940073 1
-0.359567 0.272399 0.929313 1
-0.379966 0.093517 0.934130 1
-0.381816 0.214513 0.918318 1
-0.376899 0.242707 0.918446 1
-0.385227 0.188057 0.918551 1
-0.353037 0.154721 0.947786 1
-0.357359 0.154602 0.936707 1
-0.359528 0.166774 0.929212 1
-0.369183 0.164174 0.924012 1
-0.396855 0.185532 0.922473 1
-0.358312 0.201289 0.926069 1
-0.349712 0.166733 0.948040 1
-0.353174 0.275255 0.939057 1
-0.392197 0.127358 0.935170 1
-0.359637 0.252831 0.925181 1
-0.398235 0.158456 0.929578 1
-0.351234 0.161516 0.947534 1
-0.362304 0.262358 0.923472 1
-0.352423 0.251490 0.932587 1
-0.390828 0.221552 0.920035 1
-0.381208 0.089748 0.985246 1
-0.368719 0.168961 0.922850 1
-0.378340 0.105328 0.934277 1
-0.401812 0.236409 0.926228 1
-0.367848 0.244955 0.920672 1
-0.431397 0.169890 0.986223 1
-0.353662 0.177251 0.931422 1
-0.366555 0.122750 0.938623 1
-0.370697 0.206496 0.919499 1
-0.384875 0.151111 0.925675 1
-0.392770 0.198461 0.920696 1
-0.363565 0.182198 0.922444 1
-0.370075 0.140142 0.930445 1
-0.354689 0.233944 0.929710 1
-0.403294 0.153032 0.937439 1
-0.352597 0.271423 0.937522 1
-0.369268 0.241477 0.920072 1
-0.359551 0.136851 0.942454 1
-0.390823 0.219890 0.920022 1
-0.390102 0.154537 0.926191 1
-0.371568 0.110878 0.938456 1
-0.394751 0.186987 0.921444 1
-0.404602 0.211935 0.928797 1
-0.385354 0.162298 0.922823 1
-0.357108 0.258422 0.927281 1
-0.357107 0.219951 0.927280 1
-0.346369 0.196820 0.952959 1
-0.373467 0.284904 0.926370 1
-0.359511 0.129561 0.951345 1
-0.371714 0.152862 0.926165 1
-0.359636 0.249492 0.925177 1
-0.352674 0.156073 0.956071 1
-0.375352 0.249406 0.918713 1
-0.384865 0.120428 0.933753 1
-0.360260 0.127503 0.948797 1
-0.391725 0.104065 0.938079 1
-0.383228 0.118759 0.933869 1
-0.394811 0.097642 0.941405 1
-0.395506 0.089766 0.985445 1
-0.358633 0.274644 0.931242 1
-0.370669 0.184920 0.919431 1
-0.370116 0.154563 0.926346 1
-0.394923 0.241942 0.921845 1
-0.399087 0.166495 0.927660 1
-0.392790 0.205115 0.920745 1
-0.349244 0.270686 0.946772 1
-0.364984 0.230298 0.921827 1
-0.369787 0.128878 0.933958 1
-0.402198 0.146485 0.938828 1
-0.393153 0.122596 0.937451 1
-0.370843 0.176710 0.919860 1
-0.408134 0.197755 0.933040 1
-0.385211 0.181422 0.918514 1
-0.392899 0.240059 0.921000 1
-0.366695 0.111455 0.943338 1
-0.391681 0.093902 0.937974 1
-0.347567 0.230295 0.942225 1
-0.370729 0.231395 0.919578 1
-0.353503 0.230911 0.931003 1
-0.375335 0.236138 0.918671 1
-0.348347 0.171163 0.953668 1
-0.348950 0.168902 0.950622 1
-0.346297 0.257371 0.948053 1
-0.375341 0.241113 0.918687 1
-0.374808 0.136675 0.929696 1
-0.385258 0.201328 0.918625 1
-0.395366 0.161323 0.926783 1
-0.381004 0.280959 0.924385 1
-0.358149 0.280620 0.934359 1
-0.378156 0.271774 0.921509 1
-0.411600 0.091565 0.985676 1
-0.349406 0.181894 0.938037 1
-0.359728 0.262910 0.925415 1
-0.378413 0.131731 0.930314 1
-0.355433 0.144743 0.949619 1
-0.359641 0.261178 0.925191 1
-0.392950 0.176952 0.921118 1
-0.395649 0.172420 0.923542 1
-0.360928 0.182548 0.924213 1
-0.387182 0.251212 0.919260 1
-0.347592 0.208216 0.942295 1
-0.351361 0.226657 0.934237 1
-0.391654 0.089205 0.941980 1
-0.374074 0.098627 0.985178 1
-0.380292 0.262641 0.918636 1
-0.395150 0.116420 0.942211 1
-0.360530 0.157154 0.931802 1
-0.352445 0.207766 0.932645 1
-0.381242 0.282803 0.924964 1
-0.395940 0.158208 0.928127 1
-0.354689 0.242329 0.929710 1
-0.402891 0.173386 0.928715 1
-0.358882 0.141686 0.940699 1
-0.358315 0.258087 0.926076 1
-0.360701 0.281666 0.932244 1
-0.370272 0.123986 0.935180 1
-0.367959 0.120961 0.937886 1
-0.396927 0.202208 0.922639 1
-0.362602 0.148911 0.932808 1
-0.347055 0.183334 0.945460 1
-0.358962 0.160566 0.932096 1
-0.346311 0.210536 0.952797 1
-0.409809 0.089785 0.985644 1
-0.431378 0.157431 0.986180 1
-0.347480 0.191504 0.960782 1
-0.560802 0.410778 1.320164 1
-0.357633 0.173372 0.928644 1
-0.359799 0.152514 0.934267 1
-0.348520 0.178924 0.940212 1
-0.350268 0.257426 0.935819 1
-0.390735 0.191634 0.919816 1
-0.362106 0.166418 0.927229 1
-0.401522 0.182814 0.925559 1
-0.350033 0.271680 0.944294 1
-0.388224 0.281358 0.925697 1
-0.348492 0.202651 0.940137 1
-0.365182 0.148591 0.930807 1
-0.355850 0.143197 0.950733 1
-0.397291 0.087991 0.985464 1
-0.373127 0.138351 0.929687 1
-0.347301 0.206995 0.960288 1
-0.346327 0.243711 0.948136 1
-0.394777 0.195311 0.921504 1
-0.374083 0.105738 0.985203 1
-0.363442 0.101764 0.948169 1
-0.346919 0.244633 0.945091 1
-0.388780 0.164004 0.923053 1
-0.377828 0.089150 0.941399 1
-0.372291 0.252892 0.919339 1
-0.362551 0.137753 0.937027 1
-0.404767 0.237162 0.929175 1
-0.373762 0.204699 0.918878 1
-0.390766 0.201605 0.919889 1
-0.362283 0.260677 0.923417 1
-0.363586 0.230465 0.922499 1
-0.366431 0.253427 0.921283 1
-0.346717 0.177211 0.949204 1
-0.357108 0.233333 0.927280 1
-0.383502 0.222812 0.918388 1
-0.363588 0.233794 0.922503 1
-0.375328 0.231162 0.918655 1
-0.377538 0.155849 0.924064 1
-0.368827 0.153051 0.927308 1
-0.373803 0.236217 0.918979 1
-0.350544 0.176539 0.936558 1
-0.401921 0.253185 0.926478 1
-0.368131 0.119325 0.938325 1
-0.379236 0.139807 0.928221 1
-0.378447 0.181356 0.918182 1
-0.407999 0.187595 0.932732 1
-0.351195 0.171790 0.938297 1
-0.346998 0.208881 0.945306 1
-0.368101 0.175326 0.921304 1
-0.392382 0.114409 0.939653 1
-0.385293 0.216261 0.918708 1
-0.356933 0.139520 0.949052 1
-0.350287 0.218613 0.935870 1
-0.346455 0.185631 0.948486 1
-0.359029 0.171564 0.927922 1
-0.385256 0.147918 0.926591 1
-0.379814 0.284652 0.925548 1
-0.381941 0.130112 0.930733 1
-0.351365 0.218234 0.934248 1
-0.351373 0.203072 0.934268 1
-0.375234 0.103716 0.934937 1
-0.394831 0.099345 0.941453 1
-0.368832 0.270588 0.923134 1
-0.351372 0.204756 0.934266 1
-0.383433 0.192959 0.918224 1
-0.383174 0.165405 0.921584 1
-0.402657 0.089776 0.985545 1
-0.355164 0.173804 0.930954 1
-0.353661 0.160292 0.940353 1
-0.392873 0.231737 0.920939 1
-0.349126 0.271924 0.951104 1
-0.350294 0.205112 0.935888 1
-0.358107 0.148153 0.938668 1
-0.351359 0.230027 0.934232 1
-0.381837 0.226120 0.918368 1
-0.350908 0.167382 0.942070 1
-0.385057 0.118803 0.934219 1
-0.429613 0.173446 0.986211 1
-0.393177 0.263503 0.921650 1
-0.353887 0.284667 0.959358 1
-0.366019 0.270971 0.924441 1
-0.555492 0.419354 1.347724 1
-0.408111 0.169835 0.936852 1
-0.369392 0.263140 0.920381 1
-0.353497 0.244341 0.930985 1
-0.368410 0.172146 0.922077 1
-0.375262 0.179761 0.918492 1
-0.380700 0.157445 0.923648 1
-0.371243 0.114164 0.937635 1
-0.347763 0.177708 0.942756 1
-0.357696 0.276899 0.933179 1
-0.378473 0.196276 0.918245 1
-0.388560 0.136793 0.930502 1
-0.429615 0.175226 0.986217 1
-0.366414 0.233474 0.921240 1
-0.360947 0.225905 0.924263 1
-0.394852 0.101048 0.941501 1
-0.380226 0.146241 0.926552 1
-0.365870 0.129280 0.936870 1
-0.376763 0.091873 0.934546 1
-0.372289 0.251233 0.919334 1
-0.375223 0.090222 0.934908 1
-0.377114 0.144658 0.927118 1
-0.399081 0.089771 0.985495 1
-0.382765 0.138197 0.928657 1
-0.354400 0.161552 0.937820 1
-0.381769 0.187986 0.918205 1
-0.379204 0.155849 0.924062 1
-0.364962 0.203680 0.921769 1
-0.363465 0.091508 0.948229 1
-0.350274 0.243926 0.935836 1
-0.373824 0.252808 0.919031 1
-0.368691 0.281744 0.926966 1
-0.392884 0.235066 0.920963 1
-0.408807 0.248656 0.934580 1
-0.363563 0.178870 0.922440 1
-0.391928 0.087984 0.985389 1
-0.394787 0.198640 0.921529 1
-0.359624 0.224452 0.925149 1
-0.387642 0.277602 0.924310 1
-0.360959 0.252588 0.924294 1
-0.393936 0.156403 0.927352 1
-0.415221 0.121810 0.985831 1
-0.354689 0.200403 0.929709 1
-0.373747 0.193089 0.918842 1
-0.366411 0.230149 0.921233 1
-0.346897 0.254846 0.945030 1
-0.388858 0.194844 0.919302 1
-0.373807 0.162344 0.923083 1
-0.387085 0.209705 0.919028 1
-0.364584 0.110662 0.951149 1
-0.393353 0.133925 0.933910 1
-0.404756 0.235479 0.929150 1
-0.394823 0.210295 0.921614 1
-0.402737 0.273256 0.932235 1
-0.370701 0.209815 0.919510 1
-0.381661 0.100260 0.934157 1
-0.369221 0.186685 0.919954 1
-0.369231 0.198306 0.919979 1
-0.381497 0.303241 0.985992 1
-0.381673 0.107003 0.934186 1
-0.375034 0.165481 0.922006 1
-0.366727 0.121113 0.939063 1
-0.375722 0.143092 0.927811 1
-0.428009 0.296314 0.986615 1
-0.365507 0.278521 0.927371 1
-0.360947 0.224237 0.924261 1
-0.372237 0.211404 0.919207 1
-0.390980 0.162561 0.924317 1
-0.366407 0.225161 0.921222 1
-0.351797 0.158352 0.949053 1
-0.373794 0.229581 0.918957 1
-0.372437 0.115700 0.936383 1
-0.385275 0.100323 0.934747 1
-0.347036 0.191850 0.945409 1
-0.351363 0.223288 0.934241 1
-0.363575 0.205499 0.922470 1
-0.380187 0.229438 0.918385 1
-0.429588 0.157427 0.986155 1
-0.348317 0.174584 0.944260 1
-0.385254 0.199669 0.918616 1
-0.404580 0.208573 0.928747 1
-0.382430 0.279116 0.923803 1
-0.359971 0.129111 0.948038 1
-0.357108 0.236678 0.927280 1
-0.401932 0.254863 0.926503 1
-0.371731 0.109233 0.938867 1
-0.365541 0.121282 0.940370 1
-0.369273 0.246458 0.920083 1
-0.356057 0.165823 0.933295 1
-0.413425 0.116470 0.985788 1
-0.394305 0.167559 0.924296 1
-0.356253 0.154856 0.938244 1
-0.358178 0.140379 0.943315 1
-0.401544 0.187832 0.925608 1
-0.386115 0.155947 0.924647 1
-0.375339 0.239455 0.918682 1
-0.357302 0.176559 0.927785 1
-0.351343 0.262033 0.934190 1
-0.361371 0.130093 0.942765 1
-0.364169 0.112250 0.950065 1
-0.388981 0.162423 0.923531 1
-0.393843 0.267280 0.923212 1
-0.379576 0.282805 0.924969 1
-0.401725 0.222995 0.926027 1
-0.372287 0.249573 0.919328 1
-0.361538 0.147480 0.934407 1
-0.362581 0.128219 0.941491 1
-0.352424 0.248127 0.932592 1
-0.401507 0.179468 0.925525 1
-0.398522 0.268187 0.926346 1
-0.373743 0.189772 0.918831 1
-0.346984 0.234495 0.959410 1
-0.355899 0.183393 0.928492 1
-0.359618 0.211099 0.925133 1
-0.354689 0.193695 0.929709 1
-0.359617 0.207760 0.925130 1
-0.346113 0.256794 0.952253 1
-0.373766 0.208016 0.918889 1
-0.370703 0.211475 0.919515 1
-0.392852 0.225080 0.920891 1
-0.385320 0.227877 0.918773 1
-0.354717 0.284964 0.943160 1
-0.399358 0.177585 0.924413 1
-0.355900 0.198466 0.928492 1
-0.368649 0.114408 0.939644 1
-0.375241 0.147924 0.926624 1
-0.374399 0.171842 0.920445 1
-0.383648 0.262670 0.918738 1
-0.370761 0.256298 0.919657 1
-0.379969 0.095203 0.934138 1
-0.364325 0.115185 0.946020 1
-0.378468 0.115479 0.934592 1
-0.367588 0.165873 0.924192 1
-0.368822 0.112766 0.940084 1
-0.426219 0.296307 0.986590 1
-0.388354 0.087979 0.985340 1
-0.355900 0.250386 0.928494 1
-0.349065 0.172367 0.960375 1
-0.399429 0.240992 0.924578 1
-0.386404 0.138301 0.929351 1
-0.387194 0.256195 0.919287 1
-0.346376 0.221509 0.948270 1
-0.400515 0.171410 0.927091 1
-0.379339 0.280961 0.924390 1
-0.346451 0.187340 0.948476 1
-0.366415 0.235137 0.921244 1
-0.359604 0.179385 0.925097 1
-0.360962 0.259259 0.924301 1
-0.392774 0.272690 0.924615 1
-0.367840 0.234986 0.920650 1
-0.394933 0.245274 0.921870 1
-0.351602 0.159037 0.953163 1
-0.401269 0.268909 0.928836 1
-0.375363 0.257699 0.918740 1
-0.376781 0.105364 0.934589 1
-0.376772 0.098618 0.934568 1
-0.358316 0.261429 0.926080 1
-0.365052 0.091050 0.943489 1
-0.375611 0.128565 0.931688 1
-0.361258 0.161770 0.929350 1
-0.370400 0.109340 0.939785 1
-0.389301 0.275928 0.924290 1
-0.367444 0.125860 0.936572 1
-0.384685 0.152706 0.925217 1
-0.357062 0.167189 0.931525 1
-0.352344 0.269539 0.936851 1
-0.404969 0.262433 0.929639 1
-0.394394 0.117894 0.940409 1
-0.356070 0.176778 0.928936 1
-0.392868 0.230073 0.920927 1
-0.381784 0.196275 0.918241 1
-0.375270 0.186392 0.918513 1
-0.355900 0.196792 0.928492 1
-0.394881 0.228615 0.921748 1
-0.381206 0.087971 0.985240 1
-0.370674 0.188239 0.919441 1
-0.402384 0.263516 0.927546 1
-0.347062 0.179927 0.945480 1
-0.360920 0.124307 0.950537 1
-0.357289 0.146819 0.940973 1
-0.356640 0.285481 0.939263 1
-0.387251 0.095336 0.935449 1
-0.363450 0.098345 0.948189 1
-0.357107 0.224969 0.927280 1
-0.392368 0.281936 0.927600 1
-0.363140 0.280951 0.929878 1
-0.404690 0.225386 0.928999 1
-0.372282 0.246254 0.919318 1
-0.369493 0.160976 0.924789 1
-0.363583 0.222143 0.922489 1
-0.388878 0.203145 0.919349 1
-0.377216 0.264466 0.919218 1
-0.363071 0.107290 0.951679 1
-0.355900 0.225264 0.928493 1
-0.374779 0.282963 0.925484 1
-0.363604 0.114325 0.953077 1
-0.349378 0.205566 0.937963 1
-0.363564 0.180534 0.922442 1
-0.369217 0.181704 0.919943 1
-0.366378 0.191912 0.921150 1
-0.370765 0.259618 0.919668 1
-0.346406 0.188245 0.953059 1
-0.382150 0.174910 0.919120 1
-0.390466 0.123971 0.935066 1
-0.349093 0.174122 0.941759 1
-0.381647 0.091831 0.934121 1
-0.394970 0.256938 0.921955 1
-0.375882 0.141479 0.928207 1
-0.382660 0.268111 0.920347 1
-0.396511 0.269628 0.925554 1
-0.363434 0.105182 0.948149 1
-0.346428 0.183100 0.953120 1
-0.354689 0.237298 0.929710 1
-0.383490 0.217836 0.918360 1
-0.347571 0.226898 0.942236 1
-0.380472 0.112201 0.935376 1
-0.372257 0.226339 0.919255 1
-0.364981 0.226970 0.921820 1
-0.400990 0.158883 0.932085 1
-0.359616 0.206091 0.925128 1
-0.380220 0.247681 0.918462 1
-0.353529 0.178864 0.931072 1
-0.372276 0.241275 0.919302 1
-0.376089 0.281025 0.924600 1
-0.362282 0.259011 0.923415 1
-0.370236 0.270397 0.922482 1
-0.347655 0.179352 0.942463 1
-0.381597 0.133349 0.929894 1
-0.390833 0.223215 0.920047 1
-0.352181 0.171445 0.936417 1
-0.383926 0.159067 0.923391 1
-0.429591 0.159207 0.986161 1
-0.365054 0.089349 0.943494 1
-0.355900 0.236988 0.928493 1
-0.390733 0.178360 0.919811 1
-0.373780 0.093656 0.935517 1
-0.355126 0.146329 0.948798 1
-0.364651 0.271194 0.925201 1
-0.368207 0.159473 0.925747 1
-0.351354 0.240134 0.934219 1
-0.360607 0.168172 0.927677 1
-0.346346 0.235173 0.948187 1
-0.369244 0.213249 0.920011 1
-0.367808 0.198434 0.920571 1
-0.399178 0.182505 0.923997 1
-0.382584 0.139807 0.928220 1
-0.363837 0.148728 0.931663 1
-0.401565 0.192852 0.925659 1
-0.364827 0.118207 0.942909 1
-0.413386 0.089789 0.985694 1
-0.397073 0.177309 0.922978 1
-0.358312 0.224676 0.926070 1
-0.352567 0.168252 0.937445 1
-0.401601 0.201218 0.925742 1
-0.373777 0.216310 0.918915 1
-0.347539 0.254069 0.942150 1
-0.381872 0.246022 0.918453 1
-0.431585 0.292766 0.986653 1
-0.397141 0.252272 0.923136 1
-0.366398 0.215186 0.921200 1
-0.357732 0.267252 0.928901 1
-0.389670 0.143298 0.929146 1
-0.376038 0.089039 0.958478 1
-0.361859 0.281259 0.930896 1
-0.381781 0.194617 0.918233 1
-0.383224 0.284705 0.925720 1
-0.364783 0.166114 0.925536 1
-0.382184 0.264461 0.919203 1
-0.352440 0.216175 0.932634 1
-0.357308 0.140706 0.945515 1
-0.351355 0.238450 0.934221 1
-0.349376 0.207257 0.937957 1
-0.372735 0.157600 0.924555 1
-0.347631 0.175097 0.947029 1
-0.377435 0.141434 0.927910 1
-0.361812 0.287138 0.985662 1
-0.370056 0.112626 0.938915 1
-0.427801 0.159203 0.986136 1
-0.385273 0.207965 0.918662 1
-0.393718 0.089764 0.985420 1
-0.346865 0.244795 0.959082 1
-0.394870 0.225284 0.921724 1
-0.387263 0.146374 0.927396 1
-0.347621 0.194634 0.942371 1
-0.346186 0.239667 0.952455 1
-0.354583 0.169290 0.933847 1
-0.375348 0.246089 0.918703 1
-0.373033 0.268351 0.921171 1
-0.350875 0.266326 0.937440 1
-0.395617 0.265688 0.923466 1
-0.384725 0.270056 0.921318 1
-0.390161 0.112563 0.938388 1
-0.424214 0.153856 0.986068 1
-0.355899 0.185068 0.928492 1
-0.358311 0.179573 0.926068 1
-0.545019 0.436268 1.402083 1
-0.355695 0.159682 0.936774 1
-0.368984 0.137003 0.931928 1
-0.357108 0.229987 0.927280 1
-0.374097 0.116406 0.985240 1
-0.376471 0.151089 0.925539 1
-0.358275 0.155955 0.934688 1
-0.397069 0.235578 0.922970 1
-0.400882 0.276499 0.931832 1
-0.385256 0.091888 0.934700 1
-0.389362 0.098819 0.936466 1
-0.397359 0.175771 0.923644 1
-0.381342 0.166993 0.921173 1
-0.364978 0.126176 0.938922 1
-0.356686 0.140096 0.952966 1
-0.365601 0.267330 0.923384 1
-0.373212 0.152791 0.925736 1
-0.374762 0.152743 0.925441 1
-0.370744 0.243015 0.919615 1
-0.364391 0.156646 0.928790 1
-0.362818 0.172652 0.924783 1
-0.401888 0.248151 0.926403 1
-0.346391 0.191676 0.953019 1
-0.357172 0.156210 0.936218 1
-0.358312 0.189596 0.926069 1
-0.351345 0.258664 0.934195 1
-0.372229 0.204767 0.919186 1
-0.381253 0.136581 0.929056 1
-0.369250 0.219890 0.920025 1
-0.359999 0.133617 0.943627 1
-0.388425 0.109165 0.938283 1
-0.378581 0.257634 0.918507 1
-0.404449 0.188408 0.928445 1
-0.392208 0.140254 0.931193 1
-0.374078 0.102183 0.985190 1
-0.383533 0.236084 0.918462 1
-0.366435 0.258416 0.921294 1
-0.375129 0.133435 0.930492 1
-0.355900 0.240337 0.928493 1
-0.378470 0.194618 0.918238 1
-0.404734 0.232115 0.929099 1
-0.397903 0.285178 0.932730 1
-0.378538 0.232755 0.918401 1
-0.349351 0.229235 0.937888 1
-0.385283 0.103698 0.934766 1
-0.368282 0.130626 0.934412 1
-0.391667 0.090515 0.937941 1
-0.353021 0.279865 0.943174 1
-0.372598 0.264719 0.920098 1
-0.355900 0.262110 0.928494 1
-0.360152 0.139824 0.939585 1
-0.371406 0.112522 0.938045 1
-0.349347 0.232616 0.937878 1
-0.384833 0.089074 0.958854 1
-0.408223 0.204532 0.933245 1
-0.361420 0.277564 0.929767 1
-0.363144 0.090142 0.951871 1
-0.386108 0.110679 0.936769 1
-0.378329 0.096899 0.934250 1
-0.367828 0.221693 0.920622 1
-0.352434 0.229629 0.932616 1
-0.349392 0.193731 0.938000 1
-0.426214 0.292744 0.986578 1
-0.404387 0.159560 0.936054 1
-0.346968 0.222503 0.945224 1
-0.348447 0.241624 0.940014 1
-0.397429 0.150401 0.931619 1
-0.350284 0.225363 0.935861 1
-0.424437 0.301644 0.986584 1
-0.400334 0.141344 0.938427 1
-0.364075 0.159858 0.927986 1
-0.354619 0.251522 0.985438 1
-0.358312 0.241380 0.926070 1
-0.363760 0.163065 0.927183 1
-0.363108 0.144064 0.934111 1
-0.396323 0.132671 0.936950 1
-0.369218 0.183364 0.919947 1
-0.380126 0.194618 0.918236 1
-0.389015 0.261279 0.919673 1
-0.388831 0.183223 0.919237 1
-0.392780 0.137094 0.932549 1
-0.374062 0.089739 0.985147 1
-0.387015 0.179833 0.918862 1
-0.427818 0.169882 0.986173 1
-0.547488 0.429722 1.389098 1
-0.349341 0.237687 0.937862 1
-0.369028 0.165771 0.923625 1
-0.378331 0.098585 0.934255 1
-0.387222 0.131874 0.931321 1
-0.363289 0.167864 0.925982 1
-0.346252 0.224248 0.952636 1
-0.387097 0.273882 0.923010 1
-0.391745 0.107455 0.938128 1
-0.359341 0.270553 0.928729 1
-0.381825 0.219487 0.918340 1
-0.413430 0.120028 0.985800 1
-0.389653 0.157697 0.925125 1
-0.369286 0.261405 0.920115 1
-0.347555 0.240484 0.942193 1
-0.401432 0.147896 0.937039 1
-0.363567 0.284641 0.930972 1
-0.375224 0.091909 0.934911 1
-0.550761 0.426994 1.372280 1
-0.386596 0.136692 0.929813 1
-0.399292 0.209233 0.924262 1
-0.386555 0.122114 0.933766 1
-0.349333 0.244448 0.937840 1
-0.392789 0.149913 0.928594 1
-0.370101 0.281544 0.926309 1
-0.382240 0.143027 0.927385 1
-0.381772 0.189644 0.918212 1
-0.357107 0.213261 0.927279 1
-0.376133 0.303218 0.985917 1
-0.369626 0.130506 0.933551 1
-0.347500 0.189782 0.960837 1
-0.346961 0.225908 0.945204 1
-0.369195 0.089116 0.941037 1
-0.378019 0.166993 0.921174 1
-0.384305 0.155889 0.924303 1
-0.373601 0.133489 0.930867 1
-0.355900 0.210190 0.928492 1
-0.363603 0.164666 0.926782 1
-0.385451 0.176562 0.919086 1
-0.424439 0.303425 0.986590 1
-0.360932 0.192553 0.924225 1
-0.378540 0.234413 0.918408 1
-0.362249 0.185705 0.923331 1
-0.347938 0.172680 0.952548 1
-0.372197 0.179881 0.919107 1
-0.391405 0.173681 0.921392 1
-0.390800 0.135309 0.931840 1
-0.353494 0.249377 0.930979 1
-0.378552 0.241047 0.918437 1
-0.361199 0.125523 0.946774 1
-0.366438 0.274620 0.925499 1
-0.424217 0.155635 0.986074 1
-0.368424 0.104175 0.939070 1
-0.382832 0.168579 0.920761 1
-0.357107 0.196534 0.927279 1
-0.369280 0.254762 0.920101 1
-0.364163 0.099782 0.945600 1
-0.374059 0.087962 0.985141 1
-0.370933 0.160877 0.924221 1
-0.358312 0.216323 0.926069 1
-0.427812 0.166322 0.986161 1
-0.408046 0.267807 0.936703 1
-0.346383 0.218093 0.948291 1
-0.393441 0.276495 0.926187 1
-0.399242 0.197537 0.924146 1
-0.393661 0.157966 0.926705 1
-0.356795 0.269485 0.930829 1
-0.370735 0.236375 0.919594 1
-0.386998 0.133477 0.930781 1
-0.376864 0.222806 0.918361 1
-0.387545 0.159185 0.924077 1
-0.367207 0.094134 0.940292 1
-0.359586 0.144681 0.938111 1
-0.347553 0.242182 0.942187 1
-0.369224 0.190005 0.919961 1
-0.381866 0.242705 0.918439 1
-0.352943 0.159037 0.942967 1
-0.380184 0.227779 0.918377 1
-0.363568 0.188855 0.922451 1
-0.392967 0.261701 0.921158 1
-0.371209 0.143289 0.929084 1
-0.353223 0.163482 0.939187 1
-0.353680 0.283796 0.944936 1
-0.392441 0.270792 0.923832 1
-0.350472 0.170569 0.940900 1
-0.560035 0.409578 1.323982 1
-0.379974 0.098574 0.934152 1
-0.352422 0.253172 0.932585 1
-0.355900 0.226939 0.928493 1
-0.399451 0.246008 0.924628 1
-0.542411 0.437757 1.415073 1
-0.366114 0.089193 0.941843 1
-0.346142 0.249944 0.952334 1
-0.364253 0.123116 0.941424 1
-0.360941 0.210896 0.924246 1
-0.363595 0.250440 0.922522 1
-0.408089 0.194368 0.932937 1
-0.381283 0.089164 0.941544 1
-0.396064 0.267656 0.924509 1
-0.388988 0.249649 0.919608 1
-0.394740 0.183658 0.921419 1
-0.383440 0.100284 0.934385 1
-0.357106 0.138540 0.954087 1
-0.376882 0.232756 0.918404 1
-0.381001 0.170164 0.920351 1
-0.346924 0.239646 0.959246 1
-0.383417 0.090166 0.934329 1
-0.402477 0.174881 0.927761 1
-0.401573 0.194525 0.925675 1
-0.385829 0.143117 0.927969 1
-0.360784 0.272053 0.928131 1
-0.383424 0.187986 0.918203 1
-0.359628 0.232799 0.925158 1
-0.359639 0.257839 0.925187 1
-0.346782 0.264174 0.954094 1
-0.364169 0.145500 0.932513 1
-0.373785 0.222945 0.918936 1
-0.362276 0.245681 0.923400 1
-0.398510 0.169596 0.926318 1
-0.395944 0.145432 0.932078 1
-0.373832 0.259445 0.919052 1
-0.346349 0.233465 0.948198 1
-0.366387 0.201886 0.921172 1
-0.372338 0.100472 0.936134 1
-0.355900 0.195117 0.928492 1
-0.367470 0.089109 0.940964 1
-0.350286 0.220300 0.935868 1
-0.377228 0.112240 0.935699 1
-0.360911 0.127129 0.946018 1
-0.370708 0.214795 0.919525 1
-0.349382 0.202185 0.937973 1
-0.346399 0.189961 0.953039 1
-0.367830 0.223355 0.920625 1
-0.355900 0.201816 0.928492 1
-0.380234 0.255975 0.918498 1
-0.399328 0.217588 0.924345 1
-0.388976 0.244665 0.919580 1
-0.380831 0.171748 0.919941 1
-0.383432 0.096912 0.934366 1
-0.364986 0.231961 0.921830 1
-0.408419 0.177683 0.933693 1
-0.374008 0.144750 0.927712 1
-0.374710 0.122097 0.933631 1
-0.429781 0.283851 0.986596 1
-0.380155 0.211197 0.918307 1
-0.378529 0.227780 0.918380 1
-0.353845 0.166366 0.936351 1
-0.369235 0.203287 0.919990 1
-0.347636 0.187842 0.942412 1
-0.386212 0.139908 0.928890 1
-0.362257 0.204030 0.923352 1
-0.380114 0.187987 0.918208 1
-0.378555 0.146241 0.926553 1
-0.383037 0.120383 0.933403 1
-0.399185 0.184175 0.924013 1
-0.389915 0.127164 0.933745 1
-0.373790 0.105471 0.935542 1
-0.404723 0.230432 0.929074 1
-0.385297 0.217920 0.918717 1
-0.372120 0.118977 0.935587 1
-0.347380 0.200112 0.960507 1
-0.415227 0.125368 0.985843 1
-0.348500 0.195872 0.940158 1
-0.385638 0.144719 0.927509 1
-0.366404 0.221836 0.921215 1
-0.375302 0.211263 0.918592 1
-0.389631 0.277831 0.925074 1
-0.376844 0.211198 0.918311 1
-0.426020 0.164538 0.986130 1
-0.404712 0.228750 0.929049 1
-0.380149 0.207881 0.918293 1
-0.398471 0.136208 0.938026 1
-0.394902 0.235278 0.921797 1
-0.378549 0.239389 0.918429 1
-0.388356 0.089757 0.985346 1
-0.402565 0.163883 0.931837 1
-0.346303 0.212250 0.952777 1
-0.383429 0.095225 0.934357 1
-0.370024 0.268580 0.921956 1
-0.376364 0.136631 0.929398 1
-0.399271 0.204220 0.924212 1
-0.346934 0.237825 0.945132 1
-0.362271 0.234019 0.923387 1
-0.378392 0.273607 0.922084 1
-0.386880 0.149571 0.926477 1
-0.362390 0.129849 0.940997 1
-0.390181 0.125566 0.934383 1
-0.390740 0.193296 0.919828 1
-0.351351 0.246872 0.934210 1
-0.364946 0.185383 0.921730 1
-0.392530 0.165846 0.924041 1
-0.391445 0.265119 0.921488 1
-0.347010 0.203772 0.945337 1
-0.377332 0.126898 0.931788 1
-0.382899 0.269939 0.920922 1
-0.396934 0.203876 0.922655 1
-0.381831 0.222804 0.918354 1
-0.393281 0.111274 0.941807 1
-0.359613 0.199414 0.925120 1
-0.383416 0.183013 0.918181 1
-0.362358 0.119073 0.949812 1
-0.351126 0.165786 0.942655 1
-0.374102 0.119961 0.985252 1
-0.352418 0.261580 0.932574 1
-0.382684 0.280969 0.924416 1
-0.348423 0.261953 0.939950 1
-0.352425 0.246445 0.932594 1
-0.360939 0.207561 0.924242 1
-0.546685 0.433577 1.393437 1
-0.370759 0.254637 0.919652 1
-0.374530 0.109062 0.937395 1
-0.346443 0.179669 0.953160 1
-0.387174 0.247891 0.919241 1
-0.364954 0.195363 0.921751 1
-0.358378 0.282486 0.934959 1
-0.363579 0.213821 0.922480 1
-0.379578 0.136581 0.929057 1
-0.394508 0.153280 0.928697 1
-0.359090 0.131124 0.950231 1
-0.397293 0.089769 0.985470 1
-0.429597 0.162766 0.986173 1
-0.399393 0.232632 0.924495 1
-0.361821 0.126850 0.943940 1
-0.390755 0.164134 0.923786 1
-0.394985 0.261938 0.921992 1
-0.358366 0.177930 0.926208 1
-0.371995 0.135194 0.931049 1
-0.379407 0.138195 0.928639 1
-0.390141 0.087982 0.985364 1
-0.373730 0.179821 0.918800 1
-0.365889 0.154896 0.928342 1
-0.350282 0.228738 0.935857 1
-0.382163 0.112202 0.935384 1
-0.376095 0.123682 0.932888 1
-0.370757 0.252977 0.919647 1
-0.347569 0.228597 0.942230 1
-0.352446 0.204402 0.932650 1
-0.408023 0.091561 0.985626 1
-0.399221 0.192526 0.924096 1
-0.366377 0.190250 0.921147 1
-0.431571 0.283858 0.986621 1
-0.389011 0.133591 0.931580 1
-0.429803 0.298103 0.986646 1
-0.394036 0.109785 0.943615 1
-0.358312 0.214653 0.926069 1
-0.363294 0.117109 0.947784 1
-0.373053 0.154395 0.925342 1
-0.360357 0.126426 0.953582 1
-0.401758 0.228025 0.926102 1
-0.383442 0.147863 0.926246 1
-0.395656 0.147006 0.931400 1
-0.348459 0.231458 0.940046 1
-0.399364 0.225945 0.924429 1
-0.396877 0.190534 0.922523 1
-0.400225 0.172957 0.926420 1
-0.347058 0.181630 0.945470 1
-0.374921 0.151138 0.925835 1
-0.407335 0.171199 0.935071 1
-0.413383 0.088011 0.985688 1
-0.369257 0.228192 0.920043 1
-0.385370 0.249455 0.918893 1
-0.373791 0.107159 0.935546 1
-0.380662 0.173330 0.919530 1
-0.359627 0.231129 0.925156 1
-0.371089 0.159277 0.924609 1
-0.353514 0.210765 0.931030 1
-0.373736 0.184796 0.918815 1
-0.375622 0.174958 0.919374 1
-0.388855 0.193184 0.919293 1
-0.347441 0.175014 0.955908 1
-0.367800 0.188466 0.920550 1
-0.360949 0.229240 0.924267 1
-0.372242 0.214723 0.919218 1
-0.363578 0.273310 0.926718 1
-0.367850 0.246617 0.920675 1
-0.393162 0.285860 0.929476 1
-0.387907 0.112400 0.937032 1
-0.360943 0.215899 0.924252 1
-0.367794 0.181821 0.920535 1
-0.386567 0.087977 0.985315 1
-0.408021 0.189288 0.932784 1
-0.383840 0.174925 0.919198 1
-0.347004 0.232778 0.959465 1
-0.392915 0.245052 0.921036 1
-0.370659 0.274038 0.923536 1
-0.389355 0.097128 0.936450 1
-0.376801 0.186330 0.918206 1
-0.351381 0.186224 0.934290 1
-0.359540 0.282074 0.933595 1
-0.380208 0.241047 0.918434 1
-0.401953 0.258220 0.926553 1
-0.372220 0.198131 0.919165 1
-0.366395 0.211861 0.921193 1
-0.364808 0.127810 0.938483 1
-0.392956 0.258371 0.921134 1
-0.355900 0.221914 0.928493 1
-0.354689 0.202080 0.929709 1
-0.383285 0.303249 0.986017 1
-0.349390 0.195422 0.937995 1
-0.388847 0.189863 0.919274 1
-0.378342 0.107014 0.934282 1
-0.350300 0.193298 0.935904 1
-0.375507 0.113918 0.935616 1
-0.385223 0.186398 0.918542 1
-0.401558 0.191178 0.925642 1
-0.404679 0.223705 0.928973 1
-0.376848 0.131771 0.930591 1
-0.385060 0.284828 0.926121 1
-0.354689 0.225559 0.929709 1
-0.366146 0.165975 0.924761 1
-0.354626 0.256860 0.985457 1
-0.351348 0.251926 0.934203 1
-0.350296 0.200049 0.935895 1
-0.395912 0.134222 0.935979 1
-0.408448 0.221488 0.933758 1
-0.383358 0.163821 0.922027 1
-0.350367 0.163619 0.949815 1
-0.348471 0.221292 0.940078 1
-0.375365 0.259358 0.918745 1
-0.372255 0.224679 0.919249 1
-0.358312 0.223005 0.926070 1
-0.368442 0.128997 0.934820 1
-0.408044 0.190981 0.932835 1
-0.384673 0.122052 0.933288 1
-0.357245 0.273187 0.932003 1
-0.371558 0.154468 0.925776 1
-0.386020 0.141513 0.928429 1
-0.374774 0.270070 0.921368 1
-0.384785 0.167045 0.921460 1
-0.428004 0.292751 0.986603 1
-0.353523 0.192296 0.931054 1
-0.373753 0.198064 0.918857 1
-0.364013 0.265721 0.923580 1
-0.381828 0.221146 0.918347 1
-0.347032 0.193554 0.945399 1
-0.376908 0.247682 0.918467 1
-0.395935 0.170877 0.924209 1
-0.392863 0.228409 0.920915 1
-0.378511 0.217830 0.918337 1
-0.397091 0.151952 0.930826 1
-0.365493 0.088997 0.958027 1
-0.359684 0.130716 0.947279 1
-0.380231 0.254316 0.918491 1
-0.370994 0.092115 0.937005 1
-0.371942 0.272091 0.922586 1
-0.351347 0.253610 0.934201 1
-0.386553 0.270172 0.921714 1
-0.391180 0.175242 0.920865 1
-0.401769 0.229701 0.926127 1
-0.369657 0.092203 0.937902 1
-0.376923 0.255976 0.918503 1
-0.362288 0.273598 0.927696 1
-0.359607 0.186061 0.925105 1
-0.373751 0.196406 0.918852 1
-0.362506 0.175836 0.923986 1
-0.367207 0.100918 0.940292 1
-0.347573 0.225200 0.942241 1
-0.373759 0.131866 0.931261 1
-0.408522 0.163918 0.941694 1
-0.392725 0.178511 0.920591 1
-0.350279 0.235489 0.935848 1
-0.392961 0.260036 0.921146 1
-0.369254 0.224872 0.920036 1
-0.380193 0.232754 0.918399 1
-0.390807 0.214902 0.919986 1
-0.382656 0.123627 0.932473 1
-0.389962 0.279737 0.925860 1
-0.390574 0.136911 0.931300 1
-0.356363 0.275486 0.934096 1
-0.392738 0.188481 0.920623 1
-0.360311 0.147668 0.935597 1
-0.352452 0.192629 0.932665 1
-0.376841 0.209540 0.918304 1
-0.357108 0.241696 0.927280 1
-0.357107 0.188171 0.927279 1
-0.388996 0.148069 0.927538 1
-0.381775 0.191302 0.918219 1
-0.366368 0.180276 0.921125 1
-0.381810 0.211197 0.918304 1
-0.376982 0.262644 0.918646 1
-0.427810 0.164542 0.986155 1
-0.357228 0.165586 0.931958 1
-0.372272 0.237955 0.919291 1
-0.347561 0.235390 0.942209 1
-0.394964 0.255272 0.921943 1
-0.376309 0.282858 0.925141 1
-0.380228 0.252657 0.918484 1
-0.366374 0.186925 0.921139 1
-0.380164 0.216172 0.918328 1
-0.353509 0.219159 0.931019 1
-0.353519 0.199012 0.931045 1
-0.365292 0.276686 0.926828 1
-0.350300 0.191610 0.935906 1
-0.390890 0.241505 0.920180 1
-0.387026 0.184811 0.918889 1
-0.346738 0.261999 0.958730 1
-0.401580 0.196198 0.925692 1
-0.389120 0.263009 0.919921 1
-0.350393 0.166245 0.945264 1
-0.431386 0.162771 0.986198 1
-0.357560 0.162374 0.932824 1
-0.394794 0.151715 0.929371 1
-0.348874 0.171451 0.945768 1
-0.368024 0.146706 0.929503 1
-0.396263 0.143866 0.932829 1
-0.364983 0.228634 0.921823 1
-0.351363 0.221603 0.934244 1
-0.388968 0.241343 0.919562 1
-0.357799 0.171777 0.929074 1
-0.381667 0.103632 0.934171 1
-0.346687 0.260231 0.958589 1
-0.354603 0.270375 0.933900 1
-0.355224 0.149075 0.944509 1
-0.369664 0.105739 0.937918 1
-0.361207 0.275724 0.929221 1
-0.363577 0.210492 0.922476 1
-0.394959 0.253605 0.921931 1
-0.386825 0.272025 0.922362 1
-0.366417 0.236800 0.921247 1
-0.367007 0.267141 0.922732 1
-0.402654 0.087997 0.985539 1
-0.397495 0.139250 0.935729 1
-0.392755 0.164273 0.924572 1
-0.353524 0.190617 0.931056 1
-0.355900 0.218564 0.928493 1
-0.392930 0.250047 0.921073 1
-0.394793 0.138893 0.933333 1
-0.371488 0.125514 0.933999 1
-0.377009 0.130148 0.930990 1
-0.366432 0.255090 0.921287 1
-0.391629 0.172117 0.921921 1
-0.346995 0.210584 0.945296 1
-0.350275 0.242239 0.935839 1
-0.351384 0.179484 0.934299 1
-0.360549 0.125892 0.949558 1
-0.375337 0.237796 0.918676 1
-0.389896 0.141704 0.929684 1
-0.388980 0.246326 0.919589 1
-0.353506 0.225874 0.931010 1
-0.355900 0.245362 0.928493 1
-0.429607 0.169886 0.986198 1
-0.351349 0.250241 0.934206 1
-0.388929 0.224733 0.919469 1
-0.370746 0.244676 0.919620 1
-0.381822 0.217829 0.918332 1
-0.552335 0.421940 1.363943 1
-0.380196 0.234413 0.918406 1
-0.373792 0.227922 0.918952 1
-0.388984 0.247988 0.919599 1
-0.367801 0.135506 0.933192 1
-0.390859 0.231528 0.920107 1
-0.353528 0.182222 0.931067 1
-0.365924 0.110033 0.945743 1
-0.390114 0.089095 0.959079 1
-0.385250 0.117177 0.934686 1
-0.379749 0.134966 0.929475 1
-0.349797 0.265100 0.939085 1
-0.354689 0.220528 0.929709 1
-0.370757 0.119081 0.936406 1
-0.351382 0.184539 0.934293 1
-0.385285 0.212942 0.918689 1
-0.363136 0.091857 0.951851 1
-0.362258 0.205696 0.923354 1
-0.365048 0.094453 0.943478 1
-0.369960 0.156168 0.925956 1
-0.346428 0.197592 0.948414 1
-0.362280 0.255678 0.923411 1
-0.413422 0.114691 0.985781 1
-0.366421 0.241788 0.921258 1
-0.364996 0.243608 0.921856 1
-0.347047 0.186740 0.945440 1
-0.367854 0.251602 0.920686 1
-0.390874 0.236516 0.920144 1
-0.370693 0.203176 0.919488 1
-0.347594 0.206517 0.942300 1
-0.394850 0.218622 0.921675 1
-0.352786 0.166664 0.938025 1
-0.389396 0.107274 0.936549 1
-0.390853 0.229865 0.920095 1
-0.367860 0.258249 0.920701 1
-0.358312 0.233028 0.926070 1
-0.366369 0.181939 0.921129 1
-0.352420 0.256535 0.932580 1
-0.362266 0.224022 0.923375 1
-0.366206 0.151678 0.929146 1
-0.367742 0.164275 0.924581 1
-0.350267 0.259113 0.935816 1
-0.350270 0.252363 0.935825 1
-0.347624 0.192936 0.942381 1
-0.350581 0.264414 0.936655 1
-0.359607 0.184392 0.925103 1
-0.353515 0.207407 0.931034 1
-0.386788 0.135082 0.930275 1
-0.349629 0.269665 0.943203 1
-0.357108 0.255077 0.927281 1
-0.363565 0.183863 0.922445 1
-0.397162 0.257281 0.923186 1
-0.384029 0.173352 0.919650 1
-0.376418 0.167020 0.921322 1
-0.348518 0.180619 0.940207 1
-0.401747 0.226348 0.926077 1
-0.350277 0.238864 0.935843 1
-0.376517 0.271790 0.921564 1
-0.359828 0.176157 0.925674 1
-0.379341 0.170164 0.920352 1
-0.390752 0.122374 0.935749 1
-0.363446 0.166266 0.926382 1
-0.352451 0.194311 0.932663 1
-0.378323 0.091842 0.934234 1
-0.351350 0.248557 0.934208 1
-0.387252 0.176627 0.919426 1
-0.346120 0.255081 0.952274 1
-0.387065 0.201407 0.918982 1
-0.383456 0.107030 0.934423 1
-0.368873 0.167367 0.923237 1
-0.355900 0.253736 0.928494 1
-0.373783 0.097032 0.935524 1
-0.408066 0.192675 0.932886 1
-0.385287 0.105385 0.934776 1
-0.393360 0.146776 0.929943 1
-0.555470 0.416907 1.347672 1
-0.399314 0.214246 0.924312 1
-0.349492 0.263177 0.938269 1
-0.351377 0.194648 0.934279 1
-0.353108 0.172761 0.934400 1
-0.351358 0.231711 0.934230 1
-0.392712 0.180166 0.920562 1
-0.385374 0.251115 0.918902 1
-0.347017 0.200366 0.945358 1
-0.394729 0.282428 0.929218 1
-0.557031 0.416867 1.339733 1
-0.365414 0.159712 0.927137 1
-0.361652 0.162610 0.985227 1
-0.540657 0.443056 1.423900 1
-0.359875 0.169719 0.985227 1
-0.381481 0.284650 0.925543 1
-0.417023 0.130709 0.985887 1
-0.371081 0.115804 0.937225 1
-0.393107 0.274591 0.925401 1
-0.372203 0.184858 0.919123 1
-0.354689 0.190341 0.929708 1
-0.397048 0.230571 0.922920 1
-0.359464 0.155740 0.933398 1
-0.431590 0.296329 0.986665 1
-0.366384 0.198562 0.921165 1
-0.380225 0.250998 0.918477 1
-0.360932 0.190885 0.924223 1
-0.375313 0.219554 0.918619 1
-0.349380 0.203876 0.937968 1
-0.349313 0.261350 0.937787 1
-0.374556 0.268252 0.920831 1
-0.407977 0.185903 0.932681 1
-0.376896 0.241048 0.918439 1
-0.383003 0.166993 0.921172 1
-0.370767 0.261279 0.919673 1
-0.385328 0.231197 0.918791 1
-0.369762 0.143377 0.929658 1
-0.347537 0.255767 0.942144 1
-0.375343 0.242772 0.918692 1
-0.372295 0.256212 0.919349 1
-0.376867 0.224464 0.918368 1
-0.369267 0.239816 0.920069 1
-0.408964 0.260557 0.934940 1
-0.391682 0.143421 0.929942 1
-0.389246 0.175119 0.920218 1
-0.365101 0.110300 0.948037 1
-0.363877 0.113872 0.949304 1
-0.351344 0.279185 0.952465 1
-0.393636 0.089109 0.959230 1
-0.367815 0.206741 0.920589 1
-0.375281 0.194682 0.918540 1
-0.373768 0.209675 0.918894 1
-0.372267 0.234636 0.919281 1
-0.387282 0.105469 0.935522 1
-0.388196 0.089192 0.941835 1
-0.358312 0.206301 0.926069 1
-0.363617 0.139204 0.935419 1
-0.361636 0.171214 0.926027 1
-0.396870 0.188867 0.922506 1
-0.349319 0.256280 0.937803 1
-0.355110 0.274135 0.935235 1
-0.378456 0.186329 0.918203 1
-0.388015 0.170328 0.921236 1
-0.553934 0.421870 1.355811 1
-0.376853 0.216173 0.918333 1
-0.358312 0.194607 0.926069 1
-0.363085 0.103861 0.951717 1
-0.367833 0.226678 0.920632 1
-0.352455 0.187583 0.932672 1
-0.359631 0.154128 0.933833 1
-0.370714 0.219775 0.919541 1
-0.354689 0.232267 0.929710 1
-0.376824 0.199592 0.918262 1
-0.397410 0.273585 0.927651 1
-0.357107 0.206570 0.927279 1
-0.371016 0.130402 0.932811 1
-0.380120 0.191302 0.918222 1
-0.346458 0.183922 0.948497 1
-0.392842 0.221752 0.920866 1
-0.396863 0.187199 0.922490 1
-0.381650 0.093517 0.934128 1
-0.389327 0.090364 0.936383 1
-0.355900 0.188417 0.928492 1
-0.347575 0.223502 0.942246 1
-0.360295 0.171370 0.926874 1
-0.370998 0.100567 0.937015 1
-0.352365 0.169845 0.936907 1
-0.399571 0.142764 0.936639 1
-0.375512 0.160696 0.923181 1
-0.377009 0.176490 0.918712 1
-0.369247 0.216570 0.920018 1
-0.352453 0.190947 0.932667 1
-0.386467 0.089185 0.941762 1
-0.391881 0.156251 0.926448 1
-0.387062 0.178198 0.918974 1
-0.383575 0.254336 0.918564 1
-0.355791 0.286161 0.941501 1
-0.387135 0.231286 0.919148 1
-0.350306 0.179796 0.935922 1
-0.354689 0.222205 0.929709 1
-0.377876 0.152652 0.924891 1
-0.390699 0.180004 0.919731 1
-0.366110 0.097686 0.941832 1
-0.369227 0.193325 0.919968 1
-0.365499 0.145359 0.931616 1
-0.357107 0.209916 0.927279 1
-0.383456 0.202909 0.918277 1
-0.363574 0.202170 0.922466 1
-0.365018 0.137409 0.934686 1
-0.363438 0.103473 0.948159 1
-0.384217 0.171778 0.920102 1
-0.370595 0.120718 0.935997 1
-0.360473 0.279808 0.931656 1
-0.364943 0.182056 0.921722 1
-0.364966 0.208671 0.921780 1
-0.392920 0.246717 0.921048 1
-0.394834 0.213626 0.921638 1
-0.408537 0.228276 0.933963 1
-0.358796 0.162172 0.931664 1
-0.367813 0.203418 0.920582 1
-0.384290 0.125294 0.932358 1
-0.396834 0.180530 0.922423 1
-0.547510 0.432245 1.389153 1
-0.370667 0.183261 0.919425 1
-0.363567 0.187191 0.922449 1
-0.348512 0.185704 0.940191 1
-0.382422 0.266285 0.919774 1
-0.366106 0.104480 0.941823 1
-0.346377 0.195105 0.952979 1
-0.385073 0.303256 0.986042 1
-0.428007 0.294533 0.986609 1
-0.354959 0.264331 0.930416 1
-0.360361 0.268389 0.927043 1
-0.359638 0.254500 0.925183 1
-0.379784 0.118735 0.933683 1
-0.360957 0.247585 0.924288 1
-0.375940 0.171787 0.920152 1
-0.408852 0.252055 0.934682 1
-0.360944 0.219234 0.924255 1
-0.377910 0.282807 0.924974 1
-0.357108 0.240023 0.927280 1
-0.391205 0.160986 0.924849 1
-0.383498 0.221153 0.918379 1
-0.365721 0.280358 0.927915 1
-0.364994 0.241944 0.921852 1
-0.399646 0.176045 0.925081 1
-0.383430 0.191301 0.918217 1
-0.385164 0.163882 0.922369 1
-0.404844 0.248941 0.929351 1
-0.370110 0.125618 0.934773 1
-0.385289 0.214602 0.918699 1
-0.399443 0.244336 0.924612 1
-0.390720 0.186649 0.919780 1
-0.349359 0.222473 0.937910 1
-0.364000 0.147113 0.932080 1
-0.359622 0.219445 0.925143 1
-0.354689 0.198726 0.929709 1
-0.390706 0.272411 0.923669 1
-0.364972 0.215325 0.921794 1
-0.366401 0.218511 0.921208 1
-0.404138 0.168881 0.931589 1
-0.383611 0.115505 0.934801 1
-0.371000 0.105638 0.937021 1
-0.364989 0.235289 0.921838 1
-0.382995 0.089751 0.985271 1
-0.387369 0.275740 0.923660 1
-0.408111 0.196062 0.932989 1
-0.429789 0.289195 0.986615 1
-0.397105 0.243924 0.923053 1
-0.366428 0.250102 0.921276 1
-0.363595 0.248775 0.922520 1
-0.365046 0.096154 0.943473 1
-0.363587 0.232130 0.922501 1
-0.427998 0.289188 0.986590 1
-0.352193 0.156816 0.950121 1
-0.360572 0.270220 0.927586 1
-0.374999 0.284799 0.926026 1
-0.349324 0.267730 0.942379 1
-0.360923 0.164970 0.928490 1
-0.422420 0.150292 0.986030 1
-0.362939 0.145681 0.933677 1
-0.355900 0.252061 0.928494 1
-0.346417 0.202718 0.948383 1
-0.385366 0.247795 0.918884 1
-0.352505 0.162237 0.941795 1
-0.399307 0.212575 0.924296 1
-0.363584 0.225472 0.922493 1
-0.358312 0.239710 0.926070 1
-0.360340 0.138201 0.940078 1
-0.390920 0.251484 0.920253 1
-0.431381 0.159211 0.986186 1
-0.369248 0.218230 0.920022 1
-0.385250 0.198010 0.918606 1
-0.357107 0.194862 0.927279 1
-0.365696 0.111669 0.945154 1
-0.377177 0.174910 0.919122 1
-0.365019 0.116568 0.943405 1
-0.429610 0.171666 0.986205 1
-0.399285 0.207562 0.924246 1
-0.346915 0.246336 0.945081 1
-0.353522 0.193975 0.931052 1
-0.377656 0.123642 0.932588 1
-0.372297 0.257872 0.919355 1
-0.357108 0.238351 0.927280 1
-0.346357 0.230049 0.948218 1
-0.365340 0.146976 0.931211 1
-0.359994 0.285803 0.934776 1
-0.377202 0.277281 0.923241 1
-0.351814 0.174641 0.935441 1
-0.372152 0.133572 0.931443 1
-0.364173 0.091256 0.945626 1
-0.372336 0.098783 0.936130 1
-0.349153 0.169881 0.946524 1
-0.366379 0.193575 0.921154 1
-0.366422 0.243451 0.921262 1
-0.349370 0.212329 0.937941 1
-0.385324 0.229537 0.918782 1
-0.360961 0.257591 0.924299 1
-0.351370 0.208126 0.934262 1
-0.347588 0.211613 0.942284 1
-0.376736 0.273612 0.922102 1
-0.391229 0.146606 0.928868 1
-0.373820 0.249489 0.919021 1
-0.364957 0.198690 0.921758 1
-0.380818 0.108926 0.936225 1
-0.376838 0.207882 0.918297 1
-0.376931 0.260952 0.918524 1
-0.350281 0.230426 0.935854 1
-0.374120 0.264622 0.919760 1
-0.378578 0.255975 0.918500 1
-0.360926 0.179213 0.924209 1
-0.399465 0.249353 0.924662 1
-0.373903 0.262810 0.919225 1
-0.373796 0.231240 0.918963 1
-0.360937 0.202558 0.924236 1
-0.372594 0.277570 0.924204 1
-0.394761 0.190316 0.921468 1
-0.350290 0.211862 0.935879 1
-0.385262 0.202987 0.918634 1
-0.400492 0.284139 0.934847 1
-0.367803 0.191789 0.920557 1
-0.383011 0.089171 0.941617 1
-0.385925 0.157537 0.924190 1
-0.349769 0.165861 0.952856 1
-0.363577 0.208828 0.922474 1
-0.351362 0.224973 0.934239 1
-0.351849 0.167022 0.940043 1
-0.368423 0.090624 0.939069 1
-0.346135 0.251656 0.952314 1
-0.366412 0.231812 0.921236 1
-0.368361 0.157869 0.926137 1
-0.359873 0.167941 0.985221 1
-0.346259 0.222534 0.952656 1
-0.388960 0.238020 0.919543 1
-0.352459 0.179174 0.932683 1
-0.381897 0.146241 0.926552 1
-0.368183 0.145093 0.929906 1
-0.374557 0.170253 0.920834 1
-0.390776 0.204929 0.919913 1
-0.352421 0.254853 0.932583 1
-0.362250 0.187371 0.923333 1
-0.369138 0.149832 0.928090 1
-0.399192 0.185845 0.924030 1
-0.385830 0.173416 0.919990 1
-0.387272 0.102091 0.935498 1
-0.364999 0.246935 0.921863 1
-0.431588 0.294547 0.986659 1
-0.378637 0.262643 0.918641 1
-0.348453 0.236541 0.940030 1
-0.408672 0.238462 0.934271 1
-0.545832 0.432380 1.397690 1
-0.378517 0.221147 0.918352 1
-0.358860 0.276498 0.931829 1
-0.408246 0.206227 0.933296 1
-0.367837 0.231663 0.920643 1
-0.404646 0.218660 0.928898 1
-0.364552 0.113549 0.946611 1
-0.355900 0.200141 0.928492 1
-0.394797 0.201970 0.921553 1
-0.362277 0.247348 0.923402 1
-0.381041 0.154251 0.924476 1
-0.365731 0.156503 0.927940 1
-0.390792 0.109354 0.939905 1
-0.378385 0.147846 0.926137 1
-0.363598 0.257098 0.922529 1
-0.404427 0.185048 0.928395 1
-0.374071 0.096850 0.985172 1
-0.376632 0.149484 0.925934 1
-0.367853 0.249941 0.920683 1
-0.404416 0.183369 0.928370 1
-0.375356 0.252723 0.918724 1
-0.403306 0.171887 0.929671 1
-0.372333 0.095405 0.936123 1
-0.366394 0.210199 0.921190 1
-0.372467 0.130322 0.932233 1
-0.383717 0.130145 0.930967 1
-0.362076 0.271766 0.927152 1
-0.368052 0.161075 0.925358 1
-0.379963 0.091831 0.934123 1
-0.385260 0.093575 0.934710 1
-0.356076 0.144309 0.946775 1
-0.380243 0.260951 0.918519 1
-0.369228 0.194986 0.919972 1
-0.396673 0.142330 0.933794 1
-0.355899 0.181718 0.928492 1
-0.353502 0.234268 0.930999 1
-0.347628 0.191238 0.942392 1
-0.363585 0.227137 0.922495 1
-0.367790 0.111271 0.941784 1
-0.356571 0.267638 0.930243 1
-0.354617 0.249743 0.985432 1
-0.369243 0.211588 0.920007 1
-0.379983 0.103632 0.934174 1
-0.367818 0.210063 0.920596 1
-0.401322 0.168405 0.928961 1
-0.356267 0.141649 0.951848 1
-0.398592 0.156920 0.930411 1
-0.365358 0.134162 0.935558 1
-0.422646 0.301636 0.986559 1
-0.378526 0.162225 0.922409 1
-0.392744 0.190144 0.920635 1
-0.369115 0.285415 0.928030 1
-0.362046 0.125225 0.944528 1
-0.346413 0.186530 0.953079 1
-0.367280 0.281944 0.927624 1
-0.380102 0.181356 0.918179 1
-0.354320 0.155493 0.942106 1
-0.368768 0.139510 0.985246 1
-0.390869 0.234853 0.920132 1
-0.352473 0.157888 0.946271 1
-0.346398 0.211260 0.948332 1
-0.355900 0.190092 0.928492 1
-0.379850 0.165405 0.921585 1
-0.369274 0.248119 0.920087 1
-0.367851 0.248279 0.920679 1
-0.372419 0.160798 0.923769 1
-0.351189 0.160568 0.952044 1
-0.396745 0.280993 0.930016 1
-0.394222 0.154843 0.928024 1
-0.369086 0.122466 0.936453 1
-0.383466 0.178067 0.918302 1
-0.378895 0.143027 0.927386 1
-0.346293 0.259078 0.948043 1
-0.372214 0.193153 0.919149 1
-0.361706 0.145863 0.934843 1
-0.388122 0.125445 0.933484 1
-0.364169 0.094667 0.945616 1
-0.368476 0.116049 0.939204 1
-0.346372 0.223217 0.948260 1
-0.362662 0.174245 0.924384 1
-0.401910 0.251507 0.926453 1
-0.365079 0.274853 0.926285 1
-0.359631 0.239476 0.925166 1
-0.348502 0.194178 0.940164 1
-0.354274 0.151100 0.946523 1
-0.378143 0.118749 0.933789 1
-0.391674 0.092208 0.937958 1
-0.352423 0.249809 0.932589 1
-0.408582 0.231670 0.934066 1
-0.383517 0.229448 0.918425 1
-0.373740 0.188113 0.918826 1
-0.349357 0.224163 0.937904 1
-0.361768 0.121162 0.952770 1
-0.396848 0.183865 0.922457 1
-0.382286 0.126869 0.931574 1
-0.362975 0.171057 0.925182 1
-0.388952 0.234698 0.919525 1
-0.387295 0.262896 0.919526 1
-0.366041 0.127650 0.937307 1
-0.351280 0.277776 0.947657 1
-0.394912 0.106159 0.941644 1
-0.363354 0.282795 0.930425 1
-0.396941 0.205544 0.922672 1
-0.365209 0.150171 0.985233 1
-0.357107 0.201552 0.927279 1
-0.385442 0.115548 0.935153 1
-0.383995 0.112245 0.935736 1
-0.346245 0.225961 0.952616 1
-0.561521 0.407192 1.316269 1
-0.353493 0.251056 0.930977 1
-0.350289 0.215238 0.935875 1
-0.378338 0.103643 0.934271 1
-0.383467 0.207884 0.918305 1
-0.371471 0.170362 0.921420 1
-0.408335 0.213008 0.933501 1
-0.365529 0.132536 0.935995 1
-0.363786 0.137580 0.935855 1
-0.368424 0.105869 0.939070 1
-0.349384 0.200494 0.937979 1
-0.401649 0.211263 0.925852 1
-0.401551 0.189505 0.925625 1
-0.364326 0.112829 0.954969 1
-0.378570 0.250999 0.918479 1
-0.346406 0.207843 0.948352 1
-0.352448 0.201038 0.932654 1
-0.389877 0.156118 0.925658 1
-0.346387 0.216385 0.948301 1
-0.355900 0.193442 0.928492 1
-0.346391 0.214677 0.948311 1
-0.367810 0.200095 0.920575 1
-0.362315 0.284976 0.932070 1
-0.358312 0.196278 0.926069 1
-0.380129 0.196276 0.918243 1
-0.393928 0.130747 0.935275 1
-0.393626 0.172264 0.922704 1
-0.376818 0.196277 0.918248 1
-0.394844 0.216957 0.921663 1
-0.351631 0.168613 0.939460 1
-0.373758 0.201382 0.918868 1
-0.354689 0.240652 0.929710 1
-0.366988 0.144840 0.985240 1
-0.380140 0.202907 0.918271 1
-0.399458 0.247680 0.924645 1
-0.351379 0.189593 0.934286 1
-0.358312 0.192937 0.926069 1
-0.363569 0.192184 0.922455 1
-0.359129 0.158959 0.932530 1
-0.375304 0.178125 0.918597 1
-0.358891 0.286268 0.936296 1
-0.352456 0.184219 0.932676 1
-0.360930 0.187550 0.924219 1
-0.358166 0.135915 0.947785 1
-0.350271 0.250676 0.935827 1
-0.396984 0.215553 0.922771 1
-0.399630 0.262805 0.925044 1
-0.346908 0.249740 0.945060 1
-0.387004 0.118884 0.934852 1
-0.352861 0.284178 0.951923 1
-0.397126 0.248932 0.923103 1
-0.369258 0.229853 0.920047 1
-0.378325 0.093528 0.934239 1
-0.352432 0.232992 0.932612 1
-0.370702 0.133654 0.932021 1
-0.366589 0.263511 0.921679 1
-0.365043 0.097855 0.943468 1
-0.388992 0.251310 0.919617 1
-0.364980 0.225307 0.921816 1
-0.362576 0.161610 0.928434 1
-0.372595 0.114060 0.936782 1
-0.358635 0.284376 0.935627 1
-0.381653 0.095203 0.934135 1
-0.427815 0.168102 0.986167 1
-0.376902 0.244365 0.918453 1
-0.354689 0.186987 0.929708 1
-0.355855 0.271728 0.932764 1
-0.383529 0.234425 0.918453 1
-0.385238 0.193033 0.918579 1
-0.376920 0.254317 0.918496 1
-0.390144 0.089760 0.985371 1
-0.346289 0.215679 0.952737 1
-0.364942 0.180393 0.921719 1
-0.390812 0.216565 0.919998 1
-0.348451 0.269686 0.949264 1
-0.396998 0.218890 0.922804 1
-0.369382 0.176805 0.920355 1
-0.372344 0.107228 0.936149 1
-0.394829 0.211961 0.921626 1
-0.355900 0.211865 0.928493 1
-0.374875 0.167073 0.921615 1
-0.348514 0.184009 0.940196 1
-0.399407 0.235976 0.924528 1
-0.351791 0.272108 0.939889 1
-0.376894 0.239390 0.918432 1
-0.384739 0.089178 0.941690 1
-0.374993 0.271891 0.921905 1
-0.361632 0.279405 0.930314 1
-0.369606 0.144993 0.929266 1
-0.557010 0.414435 1.339682 1
-0.383419 0.184670 0.918188 1
-0.372225 0.201449 0.919175 1
-0.370723 0.226414 0.919562 1
-0.370712 0.218115 0.919536 1
-0.369270 0.243137 0.920076 1
-0.357108 0.253404 0.927281 1
-0.346766 0.253373 0.958808 1
-0.373777 0.090280 0.935510 1
-0.362268 0.229020 0.923381 1
-0.376770 0.096932 0.934562 1
-0.389305 0.117383 0.936329 1
-0.375227 0.095282 0.934919 1
-0.381799 0.204565 0.918276 1
-0.372941 0.125436 0.933419 1
-0.394219 0.142053 0.931974 1
-0.354362 0.276555 0.937719 1
-0.372246 0.218042 0.919228 1
-0.387054 0.196428 0.918954 1
-0.351357 0.235080 0.934226 1
-0.397041 0.228902 0.922904 1
-0.351352 0.245188 0.934212 1
-0.361017 0.262634 0.924442 1
-0.360448 0.130375 0.944804 1
-0.557773 0.413210 1.335722 1
-0.389007 0.257956 0.919654 1
-0.349323 0.252900 0.937814 1
-0.389859 0.170407 0.921667 1
-0.389715 0.266734 0.921326 1
-0.373732 0.181480 0.918805 1
-0.378497 0.178068 0.918303 1
-0.363571 0.197177 0.922461 1
-0.382537 0.155849 0.924061 1
-0.392826 0.216761 0.920830 1
-0.370999 0.102257 0.937017 1
-0.346201 0.236241 0.952495 1
-0.378587 0.260952 0.918522 1
-0.365006 0.255255 0.921881 1
-0.380111 0.186329 0.918200 1
-0.375450 0.130190 0.931289 1
-0.347587 0.213311 0.942279 1
-0.357108 0.246714 0.927280 1
-0.375350 0.247747 0.918708 1
-0.385537 0.275622 0.923262 1
-0.406562 0.172557 0.933296 1
-0.404548 0.203530 0.928671 1
-0.360499 0.146057 0.936086 1
-0.365188 0.135786 0.935122 1
-0.346323 0.245419 0.948126 1
-0.541541 0.441683 1.419486 1
-0.352455 0.185901 0.932674 1
-0.371001 0.107328 0.937023 1
-0.372894 0.155998 0.924949 1
-0.364097 0.116818 0.945430 1
-0.370740 0.239695 0.919604 1
-0.404789 0.240527 0.929225 1
-0.394860 0.221953 0.921699 1
-0.353511 0.215801 0.931023 1
-0.357107 0.221624 0.927280 1
-0.359630 0.237807 0.925164 1
-0.369663 0.104047 0.937916 1
-0.367820 0.211725 0.920600 1
-0.359633 0.244484 0.925172 1
-0.357107 0.198207 0.927279 1
-0.374168 0.143138 0.928108 1
-0.372248 0.219701 0.919233 1
-0.354689 0.192018 0.929708 1
-0.376862 0.221147 0.918354 1
-0.386011 0.266472 0.920421 1
-0.391625 0.130542 0.933806 1
-0.392483 0.125764 0.935854 1
-0.395502 0.135769 0.935009 1
-0.394897 0.233612 0.921784 1
-0.358088 0.157559 0.934201 1
-0.362265 0.222356 0.923373 1
-0.379511 0.168579 0.920762 1
-0.387838 0.266587 0.920816 1
-0.364987 0.233625 0.921834 1
-0.362068 0.120689 0.949050 1
-0.355900 0.235313 0.928493 1
-0.353492 0.254413 0.930972 1
-0.372322 0.125292 0.985246 1
-0.357108 0.261768 0.927281 1
-0.387736 0.157596 0.924534 1
-0.352405 0.275980 0.941529 1
-0.350288 0.216925 0.935872 1
0.133160 0.144892 0.650410 2
0.187279 0.127825 0.659202 2
0.097352 0.177798 0.646349 2
0.125956 0.143531 0.649559 2
0.136429 0.091559 0.672303 2
0.106773 0.173288 0.646921 2
0.110338 0.161712 0.647295 2
0.119872 0.143262 0.648343 2
0.170631 0.182440 0.654637 2
0.169695 0.109385 0.655580 2
0.168139 0.172859 0.654129 2
0.111515 0.140708 0.647352 2
0.131591 0.090355 0.672364 2
0.130693 0.192817 0.649813 2
0.096673 0.115421 0.649620 2
0.123567 0.154019 0.649319 2
0.159728 0.139689 0.653511 2
0.128273 0.168102 0.649427 2
0.157509 0.195264 0.654085 2
0.146408 0.137000 0.651936 2
0.119846 0.108154 0.648200 2
0.096310 0.179196 0.647185 2
0.151514 0.092825 0.664005 2
0.115192 0.152615 0.648330 2
0.082662 0.142131 0.659370 2
0.122270 0.151521 0.648655 2
0.085026 0.156566 0.650168 2
0.157304 0.141986 0.653235 2
0.144259 0.098332 0.652854 2
0.190243 0.129413 0.661239 2
0.113882 0.115050 0.647529 2
0.119538 0.095511 0.666030 2
0.165647 0.114951 0.653608 2
0.146279 0.121605 0.651362 2
0.242757 0.144705 0.876744 2
0.118713 0.191228 0.648399 2
0.119901 0.181899 0.648499 2
0.181894 0.123830 0.656931 2
0.134262 0.151851 0.650067 2
0.190987 0.139819 0.659688 2
0.113924 0.174683 0.647767 2
0.129150 0.093108 0.666031 2
0.119955 0.126977 0.648789 2
0.121041 0.108177 0.648341 2
0.118757 0.124607 0.648639 2
0.191622 0.131927 0.661882 2
0.180296 0.141281 0.655429 2
0.129550 0.137757 0.649958 2
0.102021 0.178974 0.646386 2
0.159755 0.166829 0.653620 2
0.191366 0.134135 0.660996 2
0.191164 0.125246 0.664440 2
0.105570 0.152231 0.646698 2
0.163368 0.136239 0.653925 2
0.112790 0.132660 0.647970 2
0.112864 0.105846 0.648391 2
0.136634 0.113177 0.650193 2
0.084871 0.144573 0.648976 2
0.096540 0.116433 0.648727 2
0.184596 0.113644 0.666689 2
0.181542 0.135417 0.655659 2
0.179068 0.135335 0.655262 2
0.103635 0.191282 0.656614 2
0.152455 0.138328 0.652651 2
0.181635 0.129570 0.655994 2
0.162171 0.153915 0.653853 2
0.106753 0.141754 0.646797 2
0.176644 0.124655 0.655038 2
0.096062 0.126336 0.645515 2
0.105549 0.120711 0.646571 2
0.170535 0.136310 0.654267 2
0.100822 0.118305 0.646170 2
0.092513 0.142552 0.645129 2
0.169335 0.153995 0.654193 2
0.123744 0.100285 0.650249 2
0.106754 0.144089 0.646806 2
0.082948 0.147659 0.652266 2
0.180302 0.133010 0.655451 2
0.156076 0.125450 0.653026 2
0.137867 0.148427 0.650475 2
0.181613 0.166232 0.655916 2
0.173010 0.174191 0.654702 2
0.123545 0.125887 0.649207 2
0.122260 0.136299 0.648599 2
0.087002 0.136050 0.647415 2
0.186680 0.157048 0.657094 2
0.177850 0.137671 0.655129 2
0.116014 0.099525 0.652957 2
0.143852 0.106274 0.651012 2
0.194246 0.157190 0.662688 2
0.150021 0.122958 0.652305 2
0.125950 0.136495 0.649530 2
0.171744 0.128070 0.654375 2
0.170520 0.122137 0.654210 2
0.139107 0.191933 0.650791 2
0.083062 0.140793 0.653163 2
0.172979 0.144641 0.654584 2
0.147452 0.092531 0.661903 2
0.152460 0.144219 0.652675 2
0.107934 0.127770 0.646882 2
0.177867 0.127048 0.655190 2
0.176062 0.191580 0.661734 2
0.189964 0.166144 0.660268 2
0.133048 0.135392 0.649861 2
0.109368 0.110538 0.648470 2
0.172106 0.111780 0.655756 2
0.179085 0.150715 0.655324 2
0.128293 0.192733 0.649529 2
0.109792 0.114489 0.650981 2
0.124692 0.187916 0.649080 2
0.188083 0.158417 0.657854 2
0.091339 0.158825 0.645055 2
0.142711 0.177948 0.651165 2
0.114900 0.198571 0.653320 2
0.261700 0.187380 0.876628 2
0.160788 0.112493 0.653026 2
0.124671 0.103600 0.648970 2
0.111501 0.119673 0.647267 2
0.184203 0.165250 0.656714 2
0.111510 0.132527 0.647320 2
0.162162 0.144471 0.653815 2
0.098431 0.131047 0.645779 2
0.116375 0.136258 0.648405 2
0.103188 0.145163 0.646392 2
0.135588 0.171979 0.650801 2
0.104382 0.154533 0.646568 2
0.112803 0.150209 0.648040 2
0.136150 0.202163 0.653502 2
0.082613 0.149178 0.658978 2
0.134348 0.127308 0.650481 2
0.185307 0.152153 0.656429 2
0.143908 0.168578 0.651265 2
0.107911 0.113808 0.653815 2
0.136659 0.135486 0.650314 2
0.107965 0.102000 0.661367 2
0.177859 0.145951 0.655162 2
0.135786 0.098166 0.651754 2
0.131643 0.095043 0.654536 2
0.103547 0.188751 0.656051 2
0.176008 0.100132 0.689583 2
0.121190 0.194958 0.649138 2
0.171472 0.102166 0.662447 2
0.147531 0.171042 0.651704 2
0.168614 0.099009 0.665316 2
0.166919 0.169278 0.653972 2
0.266432 0.195278 0.876590 2
0.128230 0.114177 0.649210 2
0.160787 0.111314 0.653021 2
0.122289 0.093373 0.667928 2
0.158235 0.199720 0.657100 2
0.110344 0.171063 0.647332 2
0.179070 0.132973 0.655270 2
0.160992 0.191657 0.653856 2
0.090492 0.171059 0.647320 2
0.191908 0.167995 0.662870 2
0.169348 0.165808 0.654241 2
0.091524 0.177734 0.654703 2
0.123514 0.193758 0.649040 2
0.171807 0.178892 0.654618 2
0.147474 0.105171 0.651451 2
0.154892 0.193762 0.652998 2
0.142650 0.109776 0.650885 2
0.089024 0.140227 0.645142 2
0.097264 0.163660 0.645766 2
0.127093 0.191518 0.649384 2
0.117563 0.126922 0.648508 2
0.159683 0.200049 0.658181 2
0.129576 0.170619 0.650090 2
0.101993 0.133465 0.646206 2
0.130776 0.169482 0.650226 2
0.168143 0.177583 0.654145 2
0.188306 0.133656 0.658634 2
0.168116 0.151600 0.654041 2
0.094880 0.140283 0.645398 2
0.159715 0.125532 0.653454 2
0.093700 0.147242 0.645286 2
0.129489 0.189252 0.649649 2
0.104396 0.175548 0.646649 2
0.096081 0.167122 0.645643 2
0.171766 0.149336 0.654460 2
0.112687 0.111519 0.647374 2
0.109472 0.105960 0.649086 2
0.148712 0.104040 0.651728 2
0.183629 0.120637 0.658906 2
0.140291 0.166118 0.650834 2
0.146290 0.134540 0.651412 2
0.093912 0.117537 0.654881 2
0.165808 0.144566 0.654244 2
0.128227 0.110662 0.649196 2
0.133169 0.155461 0.650452 2
0.159646 0.184388 0.653173 2
0.174200 0.147037 0.654737 2
0.187689 0.124530 0.660644 2
0.127084 0.178620 0.649336 2
0.166878 0.129138 0.653809 2
0.099628 0.149734 0.645991 2
0.096068 0.146141 0.645560 2
0.121622 0.199178 0.651451 2
0.151453 0.197419 0.653407 2
0.147541 0.182810 0.651746 2
0.185120 0.120834 0.659982 2
0.126192 0.099193 0.650781 2
0.144012 0.158119 0.651736 2
0.147540 0.181633 0.651741 2
0.171794 0.176517 0.654569 2
0.149947 0.171115 0.651982 2
0.155942 0.114750 0.652466 2
0.140275 0.149666 0.650763 2
0.159722 0.094628 0.668282 2
0.136794 0.175543 0.650957 2
0.171779 0.117471 0.654512 2
0.142729 0.194416 0.651245 2
0.190848 0.153987 0.659208 2
0.146431 0.162897 0.652039 2
0.159764 0.176271 0.653658 2
0.184335 0.168924 0.657184 2
0.151714 0.092479 0.670179 2
0.093152 0.120101 0.649580 2
0.129579 0.174140 0.650104 2
0.163402 0.169301 0.654058 2
0.111528 0.159409 0.647426 2
0.189560 0.159848 0.658864 2
0.173230 0.114107 0.655534 2
0.153895 0.100828 0.653769 2
0.174213 0.158859 0.654784 2
0.174187 0.122226 0.654687 2
0.109126 0.130134 0.647031 2
0.133144 0.124932 0.650330 2
0.162549 0.194467 0.655376 2
0.157223 0.186665 0.652896 2
0.092537 0.165868 0.645295 2
0.137829 0.104985 0.650300 2
0.118657 0.115150 0.648090 2
0.134285 0.178852 0.650179 2
0.133170 0.156636 0.650457 2
0.103187 0.142829 0.646382 2
0.134361 0.143749 0.650547 2
0.096066 0.141479 0.645541 2
0.141481 0.150874 0.650910 2
0.116398 0.169041 0.648535 2
0.137894 0.180142 0.650604 2
0.132378 0.093199 0.658190 2
0.157166 0.107720 0.652659 2
0.127037 0.121183 0.649099 2
0.205563 0.113022 0.841039 2
0.092517 0.149540 0.645156 2
0.164495 0.176286 0.653713 2
0.121042 0.109348 0.648346 2
0.122268 0.148009 0.648643 2
0.158362 0.111265 0.652736 2
0.119866 0.131561 0.648311 2
0.117514 0.187672 0.648238 2
0.190804 0.148007 0.659055 2
0.149945 0.167585 0.651974 2
0.178550 0.107611 0.666566 2
0.091342 0.161158 0.645079 2
0.087106 0.164274 0.648188 2
0.147484 0.119280 0.651494 2
0.136753 0.126188 0.650759 2
0.145058 0.106297 0.651154 2
0.123464 0.146869 0.648780 2
0.104385 0.158035 0.646582 2
0.122305 0.129327 0.648840 2
0.116280 0.122124 0.647878 2
0.183404 0.112448 0.666727 2
0.131871 0.164693 0.649842 2
0.171550 0.191732 0.658160 2
0.123583 0.176297 0.649408 2
0.169332 0.150452 0.654179 2
0.100817 0.152099 0.646140 2
0.148827 0.139415 0.652229 2
0.090171 0.158817 0.645023 2
0.159648 0.156113 0.653180 2
0.149959 0.185244 0.652038 2
0.168121 0.156323 0.654061 2
0.133086 0.183507 0.650051 2
0.118783 0.159742 0.648779 2
0.105571 0.153398 0.646703 2
0.191297 0.173307 0.664901 2
0.184037 0.140247 0.656121 2
0.181069 0.188288 0.666987 2
0.136696 0.187150 0.650487 2
0.118699 0.172493 0.648319 2
0.101233 0.109521 0.656398 2
0.108265 0.107094 0.648866 2
0.162068 0.178569 0.653437 2
0.128231 0.115350 0.649216 2
0.134346 0.124959 0.650472 2
0.094894 0.163590 0.645490 2
0.130621 0.104848 0.649452 2
0.260129 0.190550 0.876661 2
0.155985 0.157162 0.652645 2
0.113991 0.143220 0.648152 2
0.162028 0.110179 0.653276 2
0.099620 0.135739 0.645936 2
0.148684 0.112248 0.651604 2
0.125952 0.138840 0.649540 2
0.119901 0.180729 0.648497 2
0.094897 0.169418 0.645513 2
0.154197 0.199097 0.655052 2
0.158514 0.138479 0.653363 2
0.117561 0.123410 0.648494 2
0.162129 0.189249 0.653683 2
0.127075 0.169238 0.649291 2
0.148832 0.101770 0.652251 2
0.196321 0.141087 0.665670 2
0.136762 0.136762 0.650802 2
0.117587 0.159708 0.648639 2
0.106765 0.160439 0.646870 2
0.165813 0.149291 0.654263 2
0.124662 0.146902 0.648922 2
0.092525 0.162355 0.645208 2
0.152350 0.153526 0.652200 2
0.159760 0.171550 0.653639 2
0.183389 0.113641 0.666672 2
0.111761 0.192509 0.648776 2
0.260133 0.195298 0.876678 2
0.144028 0.175772 0.651807 2
0.103546 0.187566 0.656045 2
0.175430 0.156528 0.654918 2
0.143861 0.115676 0.651051 2
0.188190 0.135948 0.658229 2
0.147690 0.094308 0.657643 2
0.159753 0.164469 0.653610 2
0.168085 0.116185 0.653920 2
0.134234 0.117821 0.649932 2
0.152458 0.141863 0.652665 2
0.180199 0.117159 0.659400 2
0.160928 0.125560 0.653597 2
0.174219 0.164770 0.654808 2
0.130742 0.126051 0.650053 2
0.158545 0.170333 0.653491 2
0.090529 0.126740 0.647582 2
0.133143 0.123758 0.650326 2
0.099184 0.108687 0.658517 2
0.145132 0.189788 0.651488 2
0.160807 0.131355 0.653105 2
0.160956 0.153881 0.653710 2
0.153178 0.097584 0.655746 2
0.121309 0.101384 0.649775 2
0.112735 0.108062 0.647650 2
0.119974 0.152747 0.648892 2
0.123908 0.199076 0.651116 2
0.135469 0.157754 0.650231 2
0.191087 0.160132 0.660033 2
0.094896 0.167087 0.645505 2
0.093702 0.129786 0.645300 2
0.092511 0.139058 0.645115 2
0.150052 0.157114 0.652442 2
0.194272 0.140473 0.662774 2
0.088163 0.132537 0.647366 2
0.118682 0.105820 0.648228 2
0.182191 0.113644 0.666690 2
0.152787 0.099695 0.654074 2
0.159880 0.095209 0.663931 2
0.164541 0.186952 0.653899 2
0.148693 0.120482 0.651641 2
0.087806 0.170308 0.653397 2
0.131825 0.109561 0.649613 2
0.115184 0.140910 0.648283 2
0.122297 0.187835 0.648799 2
0.174197 0.143491 0.654725 2
0.180304 0.148381 0.655458 2
0.181638 0.167439 0.656007 2
0.162067 0.177389 0.653432 2
0.153654 0.193686 0.652742 2
0.176639 0.145919 0.655020 2
0.177908 0.170816 0.655344 2
0.128246 0.132931 0.649291 2
0.097269 0.171823 0.645802 2
0.165666 0.133830 0.653684 2
0.174794 0.105592 0.661451 2
0.168147 0.181127 0.654160 2
0.097267 0.168324 0.645786 2
0.153410 0.093717 0.661851 2
0.116390 0.157331 0.648489 2
0.139048 0.121447 0.650511 2
0.124752 0.137637 0.649394 2
0.094879 0.139118 0.645393 2
0.118660 0.119829 0.648109 2
0.146331 0.180417 0.651595 2
0.176631 0.138824 0.654990 2
0.191682 0.166602 0.662089 2
0.165654 0.113776 0.653633 2
0.140243 0.112077 0.650612 2
0.117511 0.180651 0.648217 2
0.146330 0.178064 0.651589 2
0.161230 0.194303 0.654821 2
0.094875 0.132127 0.645365 2
0.097595 0.116296 0.647964 2
0.133745 0.202090 0.653267 2
0.109119 0.120790 0.646993 2
0.192367 0.153060 0.660339 2
0.137997 0.173230 0.651089 2
0.093698 0.143748 0.645273 2
0.140482 0.099336 0.651720 2
0.147511 0.148686 0.651613 2
0.266424 0.187366 0.876563 2
0.260140 0.201628 0.876700 2
0.260125 0.187385 0.876650 2
0.116320 0.188801 0.648100 2
0.122299 0.189007 0.648806 2
0.179984 0.190819 0.667425 2
0.238024 0.138386 0.876788 2
0.182395 0.188415 0.667436 2
0.147478 0.113399 0.651467 2
0.153178 0.200491 0.655745 2
0.146395 0.122878 0.651879 2
0.130755 0.142482 0.650118 2
0.166914 0.112652 0.653951 2
0.178094 0.120110 0.656029 2
0.188722 0.120423 0.664281 2
0.163399 0.166938 0.654048 2
0.127260 0.197635 0.650238 2
0.164586 0.138630 0.654077 2
0.180307 0.150748 0.655468 2
0.118776 0.150371 0.648742 2
0.157157 0.118310 0.652624 2
0.093016 0.115529 0.656897 2
0.116372 0.132747 0.648391 2
0.129846 0.092209 0.695499 2
0.108370 0.106027 0.649499 2
0.180650 0.186652 0.665445 2
0.135450 0.134277 0.650139 2
0.155938 0.110039 0.652446 2
0.143917 0.179162 0.651308 2
0.183899 0.179138 0.659873 2
0.151118 0.129950 0.651964 2
0.177856 0.143585 0.655153 2
0.160975 0.172768 0.653786 2
0.099613 0.125245 0.645893 2
0.104796 0.105980 0.656466 2
0.156008 0.183089 0.652741 2
0.102846 0.106412 0.659142 2
0.131955 0.141339 0.650255 2
0.152317 0.119384 0.652062 2
0.157162 0.121844 0.652642 2
0.131031 0.098127 0.651493 2
0.084126 0.139426 0.652280 2
0.157288 0.125477 0.653169 2
0.159716 0.126712 0.653459 2
0.114411 0.097639 0.664164 2
0.181525 0.147230 0.655597 2
0.115123 0.181742 0.647939 2
0.122236 0.107030 0.648476 2
0.097523 0.112890 0.655331 2
0.158384 0.133655 0.652829 2
0.157219 0.181950 0.652879 2
0.119902 0.183069 0.648501 2
0.114008 0.166627 0.648245 2
0.135618 0.197849 0.650945 2
0.183126 0.116318 0.661380 2
0.186937 0.132340 0.657998 2
0.164497 0.178647 0.653722 2
0.162186 0.106748 0.653912 2
0.195558 0.273148 0.877847 2
0.141494 0.164978 0.650969 2
0.110416 0.187532 0.647755 2
0.104727 0.188746 0.656035 2
0.135433 0.114326 0.650056 2
0.146318 0.102834 0.651536 2
0.159584 0.120719 0.652921 2
0.113993 0.145560 0.648161 2
0.136714 0.195390 0.650575 2
0.139058 0.133190 0.650559 2
0.139104 0.188407 0.650775 2
0.170522 0.118598 0.654217 2
0.093767 0.126382 0.645749 2
0.118026 0.197884 0.651061 2
0.144014 0.160473 0.651746 2
0.193008 0.163130 0.662539 2
0.172976 0.141096 0.654572 2
0.153554 0.148848 0.652321 2
0.172041 0.185048 0.655509 2
0.112804 0.152549 0.648049 2
0.187127 0.178757 0.662876 2
0.137855 0.134335 0.650422 2
0.154800 0.186584 0.652611 2
0.146759 0.199805 0.653500 2
0.145203 0.140500 0.651808 2
0.131830 0.115425 0.649639 2
0.189537 0.138439 0.658784 2
0.164590 0.142173 0.654091 2
0.180413 0.169766 0.655855 2
0.142717 0.186178 0.651191 2
0.090148 0.144819 0.644861 2
0.157837 0.094222 0.665414 2
0.121151 0.125833 0.648925 2
0.168114 0.149238 0.654031 2
0.145144 0.194505 0.651543 2
0.147473 0.108695 0.651447 2
0.113978 0.124499 0.648077 2
0.187648 0.118105 0.664722 2
0.138756 0.095063 0.654673 2
0.153527 0.119410 0.652204 2
0.133028 0.111931 0.649764 2
0.150103 0.203499 0.657821 2
0.190805 0.150385 0.659059 2
0.134289 0.094061 0.655925 2
0.107941 0.138281 0.646923 2
0.147834 0.198486 0.653039 2
0.153538 0.131184 0.652251 2
0.121178 0.163327 0.649075 2
0.169346 0.163445 0.654232 2
0.154764 0.147702 0.652458 2
0.137101 0.200650 0.652417 2
0.135463 0.150710 0.650204 2
0.136750 0.196615 0.650745 2
0.175460 0.174278 0.655029 2
0.086600 0.167898 0.653192 2
0.143859 0.114500 0.651046 2
0.185347 0.156923 0.656570 2
0.104382 0.153365 0.646563 2
0.107957 0.163979 0.647024 2
0.125899 0.193825 0.649265 2
0.117508 0.178308 0.648203 2
0.116288 0.106938 0.647920 2
0.189405 0.154968 0.658324 2
0.140308 0.188448 0.650916 2
0.098435 0.138042 0.645806 2
0.164514 0.185741 0.653789 2
0.110411 0.115084 0.647723 2
0.093711 0.165885 0.645362 2
0.086119 0.162279 0.649563 2
0.137353 0.202198 0.653617 2
0.184245 0.166472 0.656862 2
0.130751 0.137787 0.650100 2
0.125939 0.122425 0.649474 2
0.140250 0.119124 0.650644 2
0.117579 0.149168 0.648597 2
0.168155 0.182315 0.654190 2
0.106751 0.139418 0.646788 2
0.179090 0.155448 0.655343 2
0.106747 0.132413 0.646760 2
0.160944 0.140899 0.653658 2
0.168095 0.130347 0.653957 2
0.142721 0.190882 0.651209 2
0.107252 0.107252 0.649822 2
0.137991 0.166176 0.651061 2
0.129141 0.093434 0.659850 2
0.160796 0.119566 0.653058 2
0.121072 0.147977 0.648503 2
0.145111 0.165086 0.651393 2
0.105559 0.134719 0.646630 2
0.162144 0.126767 0.653744 2
0.159576 0.113647 0.652888 2
0.172974 0.139915 0.654567 2
0.134258 0.147156 0.650046 2
0.170561 0.162299 0.654369 2
0.121066 0.140952 0.648474 2
0.192705 0.137817 0.661502 2
0.089442 0.128025 0.648171 2
0.130688 0.188120 0.649785 2
0.185313 0.119769 0.660672 2
0.127179 0.093425 0.668303 2
0.102016 0.170803 0.646351 2
0.182833 0.162716 0.656049 2
0.084360 0.164590 0.654094 2
0.092522 0.158859 0.645193 2
0.166884 0.135041 0.653836 2
0.099635 0.161398 0.646037 2
0.145127 0.183906 0.651466 2
0.109130 0.135974 0.647054 2
0.179080 0.145983 0.655305 2
0.089018 0.172730 0.653643 2
0.187948 0.147631 0.657384 2
0.146572 0.099480 0.652665 2
0.106737 0.111455 0.653846 2
0.112579 0.100791 0.653529 2
0.133145 0.126106 0.650335 2
0.120187 0.096505 0.656450 2
0.112818 0.172442 0.648128 2
0.165920 0.189538 0.654684 2
0.162005 0.116054 0.653183 2
0.188329 0.164565 0.658716 2
0.096076 0.160127 0.645614 2
0.118854 0.194967 0.649166 2
0.143906 0.165051 0.651256 2
0.160859 0.184428 0.653315 2
0.104385 0.159202 0.646586 2
0.137869 0.150776 0.650486 2
0.126750 0.093033 0.692296 2
0.170555 0.156391 0.654345 2
0.133047 0.134219 0.649857 2
0.180770 0.177214 0.657153 2
0.154794 0.179514 0.652586 2
0.180293 0.138915 0.655420 2
0.128286 0.185693 0.649494 2
0.123490 0.178504 0.648915 2
0.145099 0.152149 0.651341 2
0.188244 0.134800 0.658419 2
0.150053 0.158292 0.652447 2
0.099629 0.150900 0.645996 2
0.164592 0.144534 0.654101 2
0.149954 0.178180 0.652013 2
0.123443 0.119933 0.648672 2
0.147399 0.203044 0.656350 2
0.118659 0.118659 0.648104 2
0.137662 0.091573 0.672400 2
0.164589 0.140992 0.654087 2
0.177860 0.147134 0.655168 2
0.139056 0.129668 0.650550 2
0.119877 0.149115 0.648367 2
0.122283 0.167920 0.648724 2
0.107936 0.131273 0.646895 2
0.087965 0.160202 0.645915 2
0.148721 0.151072 0.651764 2
0.116372 0.131576 0.648386 2
0.131980 0.171867 0.650377 2
0.157896 0.198109 0.655691 2
0.156009 0.184267 0.652745 2
0.146412 0.141708 0.651954 2
0.093867 0.174325 0.646439 2
0.160794 0.118387 0.653051 2
0.135430 0.110806 0.650042 2
0.092704 0.125355 0.646462 2
0.159741 0.152668 0.653563 2
0.099622 0.139238 0.645950 2
0.107195 0.103641 0.656650 2
0.170525 0.126861 0.654228 2
0.141444 0.108577 0.650739 2
0.113085 0.098725 0.663413 2
0.133024 0.107239 0.649745 2
0.187025 0.166838 0.658308 2
0.162070 0.180929 0.653445 2
0.179093 0.157814 0.655353 2
0.169321 0.138642 0.654135 2
0.141467 0.134423 0.650846 2
0.147481 0.116927 0.651482 2
0.181606 0.104221 0.691955 2
0.168168 0.112702 0.654240 2
0.166918 0.168097 0.653967 2
0.189369 0.152564 0.658201 2
0.186683 0.121075 0.661301 2
0.145057 0.105122 0.651151 2
0.156600 0.092732 0.680911 2
0.112811 0.161910 0.648086 2
0.164621 0.172881 0.654215 2
0.119850 0.112834 0.648221 2
0.163407 0.175206 0.654081 2
0.094018 0.176941 0.647477 2
0.142277 0.202493 0.654570 2
0.156363 0.093576 0.669382 2
0.124636 0.114103 0.648788 2
0.190245 0.112389 0.696162 2
0.150490 0.092000 0.675539 2
0.110348 0.176907 0.647355 2
0.154796 0.181870 0.652594 2
0.190798 0.149191 0.659034 2
0.193831 0.167427 0.665365 2
0.180992 0.111241 0.666702 2
0.135450 0.102614 0.650140 2
0.139170 0.136821 0.651085 2
0.146398 0.126408 0.651893 2
0.121099 0.185451 0.648650 2
0.097248 0.136846 0.645662 2
0.102005 0.153299 0.646284 2
0.148754 0.188735 0.651909 2
0.169347 0.164626 0.654236 2
0.119893 0.171359 0.648455 2
0.104384 0.156867 0.646577 2
0.145222 0.161685 0.651893 2
0.131865 0.152963 0.649810 2
0.082971 0.153584 0.652446 2
0.127151 0.138870 0.649681 2
0.196087 0.143317 0.664875 2
0.115244 0.104714 0.648624 2
0.131854 0.145919 0.649758 2
0.160639 0.198576 0.657236 2
0.123498 0.192563 0.648959 2
0.148704 0.133422 0.651692 2
0.162774 0.195920 0.656283 2
0.135551 0.127335 0.650622 2
0.185312 0.143868 0.656445 2
0.147542 0.183986 0.651750 2
0.141572 0.127474 0.651330 2
0.118651 0.108130 0.648059 2
0.164598 0.150439 0.654125 2
0.158563 0.192752 0.653567 2
0.171815 0.116315 0.654649 2
0.159825 0.192852 0.653907 2
0.147480 0.115751 0.651476 2
0.142819 0.173381 0.651656 2
0.137998 0.174405 0.651093 2
0.109136 0.146488 0.647095 2
0.162023 0.133743 0.653256 2
0.164597 0.149258 0.654120 2
0.134383 0.169592 0.650650 2
0.264863 0.200031 0.876628 2
0.154862 0.123065 0.652874 2
0.141450 0.115625 0.650768 2
0.152964 0.098629 0.654830 2
0.160857 0.182069 0.653307 2
0.156017 0.105385 0.652779 2
0.142695 0.161487 0.651094 2
0.173003 0.167098 0.654674 2
0.115200 0.164321 0.648376 2
0.104741 0.191138 0.656122 2
0.119144 0.100363 0.650753 2
0.103183 0.117174 0.646360 2
0.171864 0.115166 0.654833 2
0.102003 0.149799 0.646270 2
0.107975 0.115056 0.654204 2
0.085370 0.133649 0.652797 2
0.164618 0.170519 0.654205 2
0.085308 0.135905 0.652324 2
0.129494 0.193948 0.649677 2
0.131895 0.194033 0.649959 2
0.146713 0.098398 0.653295 2
0.110193 0.196227 0.653362 2
0.175953 0.106765 0.661324 2
0.131909 0.195225 0.650025 2
0.119854 0.118685 0.648245 2
0.140304 0.182571 0.650895 2
0.094876 0.133292 0.645370 2
0.116373 0.133917 0.648395 2
0.093818 0.173068 0.646102 2
0.106754 0.142921 0.646802 2
0.141610 0.170990 0.651505 2
0.135381 0.203958 0.655483 2
0.157153 0.114775 0.652608 2
0.141492 0.162627 0.650958 2
0.148757 0.192267 0.651923 2
0.115203 0.167834 0.648390 2
0.139072 0.150809 0.650627 2
0.182476 0.118282 0.659032 2
0.152311 0.113498 0.652034 2
0.090227 0.163573 0.645424 2
0.115116 0.173551 0.647903 2
0.117591 0.165564 0.648662 2
0.141583 0.139233 0.651377 2
0.138762 0.092309 0.660318 2
0.110314 0.126657 0.647157 2
0.159188 0.095990 0.661056 2
0.173078 0.180166 0.654957 2
0.130671 0.165829 0.649700 2
0.083317 0.138861 0.655168 2
0.162185 0.168083 0.653910 2
0.153556 0.150026 0.652327 2
0.261710 0.196875 0.876661 2
0.170606 0.181232 0.654539 2
0.106676 0.103100 0.660774 2
0.150051 0.155935 0.652437 2
0.147617 0.138207 0.652082 2
0.152345 0.148815 0.652179 2
0.118755 0.122265 0.648630 2
0.133084 0.177640 0.650037 2
0.194810 0.136067 0.664611 2
0.167032 0.101646 0.659070 2
0.177617 0.100338 0.691003 2
0.112812 0.163080 0.648091 2
0.142702 0.168541 0.651124 2
0.086789 0.153192 0.645832 2
0.142375 0.092335 0.660504 2
0.128340 0.124824 0.649766 2
0.129460 0.152892 0.649506 2
0.185331 0.155725 0.656513 2
0.117459 0.110446 0.647930 2
0.116309 0.171248 0.648035 2
0.157168 0.128913 0.652670 2
0.162111 0.107877 0.653610 2
0.136651 0.133133 0.650277 2
0.129457 0.149373 0.649490 2
0.134245 0.128383 0.649983 2
0.125889 0.186784 0.649217 2
0.152258 0.202023 0.656880 2
0.156370 0.196495 0.654255 2
0.160806 0.130176 0.653100 2
0.084040 0.134106 0.660854 2
0.143928 0.192099 0.651356 2
0.122134 0.094459 0.667085 2
0.155967 0.106529 0.652570 2
0.092583 0.128685 0.645615 2
0.091335 0.151837 0.645026 2
0.103174 0.122992 0.646302 2
0.112734 0.179323 0.647647 2
0.100803 0.128771 0.646048 2
0.151140 0.153493 0.652059 2
0.100940 0.182626 0.646931 2
0.117465 0.118633 0.647964 2
0.148960 0.094361 0.658014 2
0.144623 0.096218 0.654500 2
0.195901 0.151569 0.664245 2
0.180993 0.110039 0.666707 2
0.156600 0.099870 0.655219 2
0.122903 0.098205 0.652011 2
0.098451 0.166028 0.645915 2
0.148134 0.097379 0.654364 2
0.116379 0.142111 0.648428 2
0.146306 0.152182 0.651483 2
0.159592 0.128970 0.652954 2
0.161519 0.097150 0.660835 2
0.139175 0.142699 0.651108 2
0.122347 0.124688 0.649061 2
0.137907 0.194244 0.650666 2
0.131832 0.117770 0.649649 2
0.158429 0.179631 0.653013 2
0.141571 0.126298 0.651326 2
0.109154 0.173363 0.647201 2
0.137967 0.137967 0.650948 2
0.156097 0.146672 0.653111 2
0.118761 0.130462 0.648663 2
0.091600 0.172114 0.646896 2
0.085796 0.142993 0.647126 2
0.169314 0.132737 0.654109 2
0.109145 0.159340 0.647146 2
0.098441 0.147370 0.645843 2
0.260143 0.204794 0.876710 2
0.156086 0.136060 0.653069 2
0.163231 0.111374 0.653374 2
0.182350 0.178787 0.658579 2
0.147631 0.153513 0.652144 2
0.117589 0.163221 0.648653 2
0.100814 0.147433 0.646122 2
0.109127 0.132470 0.647040 2
0.156174 0.103134 0.653435 2
0.123498 0.191392 0.648957 2
0.136792 0.173192 0.650947 2
0.123479 0.165614 0.648858 2
0.155154 0.092602 0.679956 2
0.086781 0.152012 0.645768 2
0.170406 0.192968 0.658328 2
0.110486 0.112824 0.648164 2
0.133089 0.187028 0.650063 2
0.133055 0.145951 0.649900 2
0.154515 0.200692 0.656403 2
0.085873 0.158309 0.647704 2
0.126394 0.094350 0.657940 2
0.104221 0.104221 0.660325 2
0.141587 0.143937 0.651396 2
0.154740 0.121791 0.652357 2
0.166879 0.130319 0.653815 2
0.164915 0.099425 0.660116 2
0.193986 0.147429 0.661799 2
0.153667 0.139536 0.652798 2
0.125993 0.093440 0.668403 2
0.110347 0.174569 0.647346 2
0.100823 0.161433 0.646177 2
0.113879 0.111543 0.647514 2
0.122376 0.163363 0.649215 2
0.163686 0.193233 0.655198 2
0.116266 0.112761 0.647800 2
0.116314 0.179440 0.648067 2
0.131967 0.155427 0.650311 2
0.092538 0.130950 0.645302 2
0.110354 0.181587 0.647388 2
0.172989 0.154096 0.654622 2
0.104374 0.141693 0.646517 2
0.139170 0.196717 0.651084 2
0.108224 0.110590 0.655711 2
0.165800 0.136298 0.654211 2
0.116266 0.108086 0.647796 2
0.111504 0.124347 0.647285 2
0.126804 0.202297 0.653934 2
0.163452 0.190596 0.654261 2
0.112817 0.171272 0.648123 2
0.146426 0.157011 0.652016 2
0.153618 0.192463 0.652589 2
0.162191 0.173987 0.653934 2
0.118782 0.158571 0.648775 2
0.115121 0.179401 0.647927 2
0.164596 0.148077 0.654115 2
0.149944 0.164056 0.651971 2
0.109385 0.111750 0.655582 2
0.123442 0.118762 0.648667 2
0.130666 0.159963 0.649676 2
0.116331 0.105809 0.648162 2
0.122348 0.127032 0.649071 2
0.096731 0.110974 0.657988 2
0.121047 0.115199 0.648372 2
0.170527 0.129223 0.654238 2
0.154884 0.145461 0.652964 2
0.174198 0.144673 0.654727 2
0.121188 0.176220 0.649126 2
0.103173 0.121826 0.646297 2
0.140366 0.126271 0.651184 2
0.108069 0.188382 0.654770 2
0.104363 0.124186 0.646447 2
0.119957 0.129319 0.648799 2
0.119907 0.190096 0.648529 2
0.133045 0.131873 0.649851 2
0.122254 0.130444 0.648571 2
0.128258 0.149341 0.649350 2
0.137995 0.170878 0.651079 2
0.130644 0.131816 0.649570 2
0.089069 0.136805 0.645465 2
0.152453 0.135971 0.652642 2
0.188148 0.160845 0.658080 2
0.169321 0.139822 0.654136 2
0.131845 0.133017 0.649713 2
0.137550 0.095045 0.654551 2
0.082823 0.162667 0.660658 2
0.189467 0.157394 0.658541 2
0.151108 0.119358 0.651920 2
0.135472 0.161276 0.650246 2
0.142649 0.108601 0.650880 2
0.122577 0.100290 0.650281 2
0.145124 0.179201 0.651449 2
0.116370 0.129235 0.648377 2
0.177372 0.101444 0.690050 2
0.129433 0.118891 0.649372 2
0.095415 0.180879 0.649038 2
0.115127 0.188761 0.647962 2
0.141489 0.160276 0.650947 2
0.123482 0.170299 0.648873 2
0.188803 0.128053 0.660375 2
0.146428 0.159365 0.652025 2
0.142654 0.114475 0.650905 2
0.121091 0.173739 0.648606 2
0.165648 0.116130 0.653611 2
0.171787 0.169425 0.654540 2
0.129434 0.120063 0.649376 2
0.121114 0.093397 0.668097 2
0.160967 0.164505 0.653753 2
0.163219 0.116080 0.653325 2
0.190816 0.151583 0.659098 2
0.117504 0.172456 0.648179 2
0.189584 0.137285 0.658946 2
0.111526 0.157071 0.647417 2
0.110322 0.138340 0.647203 2
0.175429 0.155346 0.654913 2
0.169354 0.171715 0.654266 2
0.118672 0.135041 0.648175 2
0.109143 0.155835 0.647132 2
0.134226 0.108436 0.649891 2
0.174263 0.118735 0.654973 2
0.112798 0.143189 0.648012 2
0.115125 0.186420 0.647951 2
0.135461 0.148362 0.650191 2
0.181531 0.153149 0.655621 2
0.086789 0.145036 0.645827 2
0.184058 0.158018 0.656197 2
0.133084 0.179986 0.650040 2
0.146407 0.135823 0.651931 2
0.123480 0.163274 0.648862 2
0.118146 0.096556 0.664953 2
0.120720 0.095495 0.665922 2
0.190102 0.118889 0.669137 2
0.125833 0.114128 0.648929 2
0.134261 0.150677 0.650062 2
0.124781 0.175162 0.649544 2
0.189398 0.143088 0.658302 2
0.172970 0.136369 0.654552 2
0.112801 0.147869 0.648030 2
0.153558 0.152382 0.652338 2
0.164485 0.097495 0.663184 2
0.170739 0.184918 0.655049 2
0.143920 0.182690 0.651320 2
0.129445 0.132960 0.649432 2
0.131197 0.097074 0.652315 2
0.143630 0.091511 0.671950 2
0.152306 0.108790 0.652015 2
0.090310 0.131095 0.646016 2
0.133182 0.171905 0.650518 2
0.112816 0.168931 0.648114 2
0.176652 0.158928 0.655071 2
0.111504 0.122012 0.647284 2
0.141179 0.095104 0.654958 2
0.117570 0.136288 0.648545 2
0.184944 0.121908 0.659354 2
0.140241 0.109728 0.650602 2
0.140374 0.135675 0.651222 2
0.174202 0.148219 0.654742 2
0.174184 0.131671 0.654676 2
0.088990 0.151807 0.644897 2
0.150067 0.173607 0.652508 2
0.180120 0.104083 0.691042 2
0.159192 0.100013 0.656159 2
0.107953 0.156969 0.646996 2
0.148750 0.184026 0.651892 2
0.141447 0.112101 0.650753 2
0.146277 0.119254 0.651352 2
0.118787 0.165600 0.648803 2
0.155991 0.163054 0.652668 2
0.136651 0.131959 0.650274 2
0.158409 0.157231 0.652929 2
0.176956 0.114571 0.665092 2
0.116312 0.175929 0.648053 2
0.110708 0.104851 0.649469 2
0.168953 0.097163 0.686187 2
0.098442 0.149702 0.645852 2
0.149081 0.198578 0.653343 2
0.120511 0.199284 0.651798 2
0.179069 0.136518 0.655267 2
0.137853 0.102656 0.650410 2
0.109366 0.107027 0.648458 2
0.131978 0.169518 0.650367 2
0.112732 0.175814 0.647631 2
0.177390 0.189417 0.666726 2
0.140582 0.199403 0.652185 2
0.184487 0.171436 0.657725 2
0.143857 0.112150 0.651037 2
0.172982 0.147005 0.654594 2
0.145483 0.098363 0.653063 2
0.100798 0.121773 0.646017 2
0.140251 0.120299 0.650648 2
0.174182 0.123403 0.654666 2
0.105579 0.166243 0.646754 2
0.112730 0.173476 0.647622 2
0.136633 0.112004 0.650188 2
0.175431 0.157711 0.654922 2
0.090151 0.150640 0.644883 2
0.136632 0.110830 0.650183 2
0.163405 0.172844 0.654072 2
0.102135 0.113942 0.654585 2
0.100838 0.178944 0.646276 2
0.137834 0.109680 0.650319 2
0.140239 0.107379 0.650593 2
0.119956 0.128148 0.648794 2
0.100832 0.176602 0.646237 2
0.169324 0.143365 0.654150 2
0.107947 0.147624 0.646960 2
0.097244 0.129853 0.645635 2
0.090275 0.132209 0.645764 2
0.092518 0.151870 0.645165 2
0.157300 0.137269 0.653216 2
0.158543 0.167973 0.653482 2
0.116377 0.192402 0.648417 2
0.149986 0.193511 0.652154 2
0.169327 0.145727 0.654160 2
0.145081 0.130984 0.651259 2
0.116385 0.150306 0.648461 2
0.123490 0.180846 0.648918 2
0.133026 0.103725 0.649754 2
0.139172 0.139172 0.651094 2
0.112789 0.130321 0.647960 2
0.162183 0.165721 0.653901 2
0.089548 0.127006 0.648940 2
0.170518 0.120956 0.654203 2
0.151541 0.094490 0.658914 2
0.116400 0.104701 0.648542 2
0.110319 0.133667 0.647184 2
0.145188 0.122851 0.651737 2
0.117513 0.185331 0.648228 2
0.171084 0.188843 0.656373 2
0.111530 0.109195 0.647440 2
0.103207 0.176677 0.646513 2
0.158559 0.093666 0.678785 2
0.115173 0.125696 0.648223 2
0.112696 0.124374 0.647427 2
0.153597 0.191261 0.652504 2
0.139086 0.166082 0.650693 2
0.139097 0.179007 0.650743 2
0.109392 0.191290 0.648612 2
0.130644 0.130644 0.649567 2
0.247490 0.152606 0.876705 2
0.093711 0.167051 0.645366 2
0.142811 0.204438 0.657027 2
0.105557 0.132384 0.646620 2
0.122293 0.179636 0.648776 2
0.168108 0.143334 0.654007 2
0.160952 0.149160 0.653691 2
0.158544 0.169153 0.653486 2
0.150444 0.098526 0.654147 2
0.112795 0.138509 0.647993 2
0.153777 0.101929 0.653267 2
0.174214 0.160041 0.654789 2
0.156123 0.173797 0.653220 2
0.107951 0.154633 0.646987 2
0.188067 0.139419 0.657799 2
0.161196 0.092024 0.684785 2
0.155943 0.115928 0.652471 2
0.174551 0.100010 0.688740 2
0.103189 0.147497 0.646401 2
0.098426 0.124052 0.645750 2
0.163281 0.177428 0.653575 2
0.100808 0.138101 0.646085 2
0.132376 0.097076 0.652327 2
0.143998 0.142823 0.651675 2
0.179108 0.166104 0.655410 2
0.090149 0.145983 0.644865 2
0.115076 0.117413 0.647678 2
0.187665 0.173366 0.660559 2
0.151278 0.174824 0.652655 2
0.140387 0.100444 0.651279 2
0.140313 0.193151 0.650940 2
0.148845 0.159435 0.652309 2
0.161797 0.095139 0.671891 2
0.154729 0.112370 0.652314 2
0.174230 0.174230 0.654848 2
0.095656 0.182509 0.650676 2
0.179098 0.162548 0.655372 2
0.103204 0.170841 0.646492 2
0.190827 0.152781 0.659137 2
0.104388 0.162705 0.646600 2
0.177868 0.154231 0.655195 2
0.180299 0.134190 0.655440 2
0.149944 0.165233 0.651972 2
0.130645 0.132988 0.649572 2
0.094895 0.165921 0.645500 2
0.130654 0.145887 0.649617 2
0.169357 0.174078 0.654275 2
0.087844 0.126754 0.653678 2
0.122368 0.152813 0.649173 2
0.162021 0.131384 0.653247 2
0.182819 0.161520 0.655999 2
0.164622 0.174063 0.654220 2
0.177876 0.161329 0.655223 2
0.149927 0.104067 0.651899 2
0.147649 0.173532 0.652224 2
0.134688 0.093154 0.657875 2
0.185939 0.171682 0.658667 2
0.094887 0.151935 0.645443 2
0.155979 0.152447 0.652620 2
0.127156 0.144735 0.649704 2
0.162184 0.166902 0.653905 2
0.104412 0.112671 0.654061 2
0.094887 0.153101 0.645448 2
0.163360 0.127975 0.653892 2
0.181762 0.171105 0.656456 2
0.118780 0.156228 0.648765 2
0.121134 0.193697 0.648834 2
0.164604 0.156344 0.654148 2
0.155977 0.150092 0.652613 2
0.134227 0.109609 0.649896 2
0.111752 0.099799 0.662600 2
0.130682 0.179908 0.649759 2
0.167019 0.110362 0.654363 2
0.105565 0.144058 0.646666 2
0.133092 0.190550 0.650078 2
0.117466 0.119803 0.647969 2
0.148732 0.164017 0.651816 2
0.158434 0.185527 0.653034 2
0.153664 0.137179 0.652789 2
0.115179 0.133888 0.648255 2
0.104379 0.148696 0.646545 2
0.141545 0.195579 0.651205 2
0.112696 0.122038 0.647425 2
0.166888 0.139761 0.653851 2
0.170526 0.128042 0.654233 2
0.164449 0.131441 0.653532 2
0.139039 0.112052 0.650470 2
0.169262 0.194206 0.658496 2
0.106353 0.106353 0.651492 2
0.159733 0.144408 0.653530 2
0.181553 0.160264 0.655700 2
0.107378 0.189525 0.650583 2
0.164433 0.113747 0.653466 2
0.135550 0.126161 0.650618 2
0.115074 0.113906 0.647664 2
0.149577 0.201603 0.655515 2
0.140389 0.153312 0.651292 2
0.098429 0.127549 0.645764 2
0.105578 0.165075 0.646749 2
0.130825 0.197704 0.650466 2
0.156862 0.199481 0.656314 2
0.119894 0.172530 0.648460 2
0.093699 0.144913 0.645277 2
0.125830 0.109442 0.648909 2
0.144125 0.099417 0.652247 2
0.111531 0.164085 0.647445 2
0.097246 0.132184 0.645644 2
0.167394 0.100674 0.660499 2
0.173117 0.102432 0.664172 2
0.263281 0.193705 0.876628 2
0.115198 0.160809 0.648362 2
0.157195 0.154840 0.652778 2
0.175731 0.190028 0.660491 2
0.159647 0.185567 0.653177 2
0.141452 0.116800 0.650774 2
0.134224 0.106090 0.649881 2
0.110327 0.145351 0.647230 2
0.131858 0.149439 0.649774 2
0.148846 0.160613 0.652314 2
0.159580 0.117182 0.652903 2
0.124767 0.156398 0.649469 2
0.169329 0.148089 0.654169 2
0.153582 0.177119 0.652437 2
0.107950 0.152297 0.646978 2
0.125885 0.179753 0.649197 2
0.157151 0.108888 0.652599 2
0.084048 0.163923 0.660917 2
0.082940 0.131869 0.661590 2
0.131908 0.101422 0.650021 2
0.173011 0.175373 0.654707 2
0.110325 0.143014 0.647221 2
0.150037 0.140623 0.652376 2
0.158371 0.119514 0.652773 2
0.151119 0.131127 0.651967 2
0.182760 0.146089 0.655785 2
0.097257 0.150835 0.645718 2
0.123461 0.143356 0.648767 2
0.099614 0.126411 0.645898 2
0.134360 0.142575 0.650542 2
0.168190 0.195528 0.658951 2
0.152316 0.118206 0.652056 2
0.124674 0.162135 0.648988 2
0.163287 0.184509 0.653600 2
0.182771 0.154379 0.655824 2
0.148824 0.135882 0.652215 2
0.155995 0.168946 0.652688 2
0.135496 0.101475 0.650359 2
0.127088 0.186825 0.649358 2
0.094882 0.142613 0.645407 2
0.153564 0.158271 0.652363 2
0.148690 0.118129 0.651630 2
0.149910 0.131098 0.651825 2
0.110521 0.191220 0.648372 2
0.137970 0.141492 0.650962 2
0.125977 0.171681 0.649671 2
0.160925 0.106694 0.653584 2
0.113980 0.126839 0.648087 2
0.176632 0.140006 0.654995 2
0.113997 0.151411 0.648185 2
0.092521 0.156529 0.645183 2
0.159626 0.159626 0.653091 2
0.117582 0.152681 0.648611 2
0.131889 0.188161 0.649926 2
0.118708 0.186542 0.648372 2
0.154912 0.174938 0.653082 2
0.124770 0.161088 0.649488 2
0.168102 0.137431 0.653986 2
0.092671 0.171936 0.646225 2
0.128256 0.148168 0.649344 2
0.084126 0.131857 0.661532 2
0.163505 0.099292 0.659232 2
0.111500 0.118505 0.647262 2
0.148755 0.189912 0.651914 2
0.127062 0.095149 0.655266 2
0.168293 0.110424 0.654727 2
0.106805 0.180343 0.647114 2
0.166691 0.195165 0.657727 2
0.137840 0.094063 0.655933 2
0.129542 0.127197 0.649916 2
0.116316 0.180612 0.648077 2
0.127062 0.151654 0.649224 2
0.170549 0.150484 0.654321 2
0.150070 0.175964 0.652518 2
0.164599 0.151620 0.654129 2
0.084226 0.136057 0.653056 2
0.130778 0.171830 0.650235 2
0.187959 0.146454 0.657422 2
0.103196 0.158001 0.646442 2
0.112792 0.135000 0.647979 2
0.114400 0.098989 0.657217 2
0.261712 0.198458 0.876667 2
0.131870 0.163518 0.649833 2
0.153582 0.178297 0.652439 2
0.180641 0.106934 0.669859 2
0.157224 0.187844 0.652901 2
0.099618 0.132241 0.645923 2
0.145111 0.163910 0.651391 2
0.130741 0.124878 0.650048 2
0.122323 0.193726 0.648934 2
0.180494 0.124866 0.656148 2
0.101996 0.139298 0.646229 2
0.124653 0.136357 0.648877 2
0.165801 0.137479 0.654215 2
0.174185 0.132853 0.654681 2
0.142776 0.125150 0.651463 2
0.263275 0.187376 0.876606 2
0.142788 0.138087 0.651515 2
0.084182 0.137164 0.652717 2
0.098456 0.173026 0.645945 2
0.093701 0.149573 0.645295 2
0.122262 0.138642 0.648612 2
0.140375 0.136851 0.651226 2
0.084803 0.151476 0.648459 2
0.149909 0.128745 0.651819 2
0.175435 0.122273 0.654937 2
0.191556 0.124302 0.665803 2
0.109118 0.118454 0.646983 2
0.146101 0.095232 0.655838 2
0.110398 0.182829 0.647650 2
0.093692 0.133263 0.645231 2
0.147635 0.158223 0.652162 2
0.155949 0.120640 0.652494 2
0.118733 0.192429 0.648506 2
0.143933 0.094178 0.656741 2
0.152445 0.127724 0.652608 2
0.101192 0.187590 0.656130 2
0.149958 0.184067 0.652034 2
0.153522 0.114700 0.652181 2
0.130686 0.185773 0.649777 2
0.102016 0.171970 0.646355 2
0.112697 0.125543 0.647431 2
0.142808 0.196876 0.651608 2
0.147524 0.163981 0.651673 2
0.168107 0.142153 0.654003 2
0.104381 0.152198 0.646559 2
0.102012 0.163802 0.646326 2
0.179097 0.161364 0.655367 2
0.186785 0.161880 0.657462 2
0.155950 0.121818 0.652499 2
0.118657 0.116319 0.648095 2
0.159650 0.187927 0.653190 2
0.144482 0.201095 0.653864 2
0.106748 0.133580 0.646765 2
0.129465 0.158755 0.649530 2
0.135448 0.130757 0.650130 2
0.157191 0.152481 0.652762 2
0.153570 0.164161 0.652387 2
0.166882 0.132680 0.653826 2
0.189718 0.135003 0.659412 2
0.127091 0.190344 0.649376 2
0.146425 0.155834 0.652011 2
0.152327 0.128801 0.652102 2
0.164040 0.102451 0.656612 2
0.116268 0.115100 0.647810 2
0.094011 0.181518 0.655574 2
0.142702 0.167366 0.651122 2
0.171774 0.157607 0.654493 2
0.164611 0.163431 0.654177 2
0.092524 0.161189 0.645203 2
0.127045 0.129387 0.649138 2
0.110722 0.098752 0.663593 2
0.107953 0.111492 0.654066 2
0.124691 0.186744 0.649076 2
0.151908 0.097528 0.655370 2
0.104386 0.160370 0.646591 2
0.122239 0.110542 0.648492 2
0.141464 0.129724 0.650832 2
0.143078 0.093209 0.658258 2
0.130740 0.123704 0.650043 2
0.097242 0.126356 0.645619 2
0.162020 0.130205 0.653243 2
0.137879 0.162522 0.650536 2
0.190810 0.146823 0.659077 2
0.145134 0.192141 0.651497 2
0.266426 0.188949 0.876568 2
0.264854 0.192118 0.876601 2
0.194027 0.145072 0.661938 2
0.129483 0.182214 0.649623 2
0.137900 0.188366 0.650633 2
0.177397 0.116060 0.666751 2
0.193969 0.148610 0.661741 2
0.133046 0.133046 0.649854 2
0.171771 0.154062 0.654479 2
0.163358 0.125614 0.653882 2
0.172223 0.110673 0.656204 2
0.125979 0.174027 0.649680 2
0.163224 0.120798 0.653349 2
0.152305 0.107613 0.652010 2
0.172973 0.138733 0.654562 2
0.163385 0.152768 0.653991 2
0.110335 0.158206 0.647281 2
0.112789 0.106945 0.647964 2
0.150049 0.153580 0.652428 2
0.118655 0.106965 0.648082 2
0.127031 0.114153 0.649069 2
0.108289 0.191408 0.649012 2
0.097757 0.111976 0.656908 2
0.092519 0.153035 0.645170 2
0.116388 0.153819 0.648475 2
0.179088 0.153081 0.655334 2
0.102009 0.160301 0.646312 2
0.112701 0.109197 0.647456 2
0.135565 0.144955 0.650693 2
0.136671 0.157788 0.650371 2
0.136662 0.146046 0.650326 2
0.142661 0.121526 0.650936 2
0.112740 0.187510 0.647678 2
0.135574 0.155529 0.650735 2
0.129456 0.148201 0.649485 2
0.166318 0.104762 0.656254 2
0.169309 0.128014 0.654091 2
0.153670 0.143072 0.652812 2
0.121051 0.119881 0.648390 2
0.158791 0.195390 0.654506 2
0.123435 0.105885 0.648625 2
0.192397 0.154275 0.660444 2
0.152342 0.146460 0.652168 2
0.093021 0.177266 0.648668 2
0.152375 0.181791 0.652310 2
0.174179 0.126944 0.654655 2
0.097263 0.162494 0.645762 2
0.169468 0.184821 0.654705 2
0.115195 0.156127 0.648344 2
0.092068 0.121389 0.650205 2
0.121110 0.192488 0.648706 2
0.188017 0.141754 0.657625 2
0.139059 0.134365 0.650563 2
0.119869 0.138581 0.648327 2
0.111518 0.145383 0.647371 2
0.139394 0.098223 0.652132 2
0.118661 0.120999 0.648114 2
0.109362 0.197807 0.662603 2
0.173918 0.189351 0.658137 2
0.148847 0.161790 0.652319 2
0.145204 0.141677 0.651812 2
0.168119 0.153962 0.654051 2
0.088988 0.150640 0.644882 2
0.184015 0.150881 0.656044 2
0.146303 0.147478 0.651467 2
0.136700 0.191850 0.650509 2
0.160136 0.094377 0.675108 2
0.121103 0.190138 0.648671 2
0.174178 0.125762 0.654652 2
0.135493 0.187109 0.650346 2
0.150057 0.161826 0.652461 2
0.152331 0.134687 0.652122 2
0.160949 0.146800 0.653682 2
0.124630 0.105906 0.648758 2
0.154294 0.090364 0.681578 2
0.100820 0.156766 0.646158 2
0.115075 0.115075 0.647669 2
0.115190 0.150274 0.648320 2
0.110595 0.105914 0.648803 2
0.096069 0.147306 0.645565 2
0.112125 0.100260 0.657778 2
0.121070 0.144465 0.648491 2
0.146088 0.202867 0.655778 2
0.129458 0.150546 0.649496 2
0.160977 0.175129 0.653796 2
0.150036 0.139445 0.652371 2
0.123497 0.190221 0.648955 2
0.084833 0.145679 0.648689 2
0.098648 0.181535 0.647202 2
0.098444 0.153200 0.645866 2
0.165635 0.101518 0.658244 2
0.180313 0.156665 0.655491 2
0.099759 0.181433 0.646838 2
0.109399 0.114130 0.655665 2
0.099707 0.180172 0.646502 2
0.113883 0.116219 0.647534 2
0.148798 0.194673 0.652104 2
0.109154 0.172194 0.647196 2
0.174148 0.103531 0.663538 2
0.179327 0.186524 0.664988 2
0.142803 0.155732 0.651585 2
0.153539 0.132361 0.652255 2
0.129540 0.124851 0.649907 2
0.166030 0.190846 0.655119 2
0.151135 0.148783 0.652038 2
0.188662 0.129147 0.659880 2
0.104450 0.111532 0.654298 2
0.137893 0.178968 0.650602 2
0.112324 0.101739 0.652050 2
0.125894 0.191476 0.649242 2
0.168125 0.113853 0.654073 2
0.145069 0.118052 0.651205 2
0.105560 0.137053 0.646639 2
0.135548 0.123812 0.650608 2
0.155986 0.158340 0.652647 2
0.090161 0.156472 0.644948 2
0.085469 0.166812 0.653553 2
0.168645 0.107104 0.656097 2
0.107928 0.119596 0.646848 2
0.186946 0.165581 0.658029 2
0.082649 0.143298 0.659269 2
0.135459 0.146014 0.650184 2
0.115071 0.110398 0.647649 2
0.192449 0.155508 0.660620 2
0.101994 0.135798 0.646215 2
0.127149 0.136524 0.649672 2
0.166899 0.150386 0.653894 2
0.090156 0.141341 0.644912 2
0.143907 0.167402 0.651262 2
0.100818 0.153266 0.646145 2
0.146477 0.197068 0.652246 2
0.165791 0.128031 0.654177 2
0.115177 0.131547 0.648246 2
0.162001 0.112517 0.653168 2
0.110341 0.166387 0.647314 2
0.098447 0.157864 0.645884 2
0.148736 0.168725 0.651833 2
0.189994 0.131626 0.660373 2
0.117519 0.097236 0.661425 2
0.090206 0.162371 0.645273 2
0.147494 0.129865 0.651539 2
0.152343 0.147638 0.652174 2
0.109395 0.183105 0.648628 2
0.154885 0.146640 0.652969 2
0.120642 0.098279 0.652504 2
0.149609 0.096389 0.655658 2
0.176658 0.163659 0.655089 2
0.143940 0.101639 0.651411 2
0.145080 0.129809 0.651256 2
0.118706 0.183030 0.648361 2
0.142684 0.147381 0.651040 2
0.169370 0.181173 0.654328 2
0.185317 0.154529 0.656463 2
0.156098 0.147851 0.653116 2
0.163371 0.138600 0.653934 2
0.181433 0.117188 0.659561 2
0.096079 0.164790 0.645632 2
0.186611 0.146327 0.656850 2
0.165912 0.108050 0.654655 2
0.136692 0.182452 0.650471 2
0.127036 0.120011 0.649094 2
0.133158 0.142544 0.650401 2
0.173001 0.165916 0.654669 2
0.160930 0.126739 0.653601 2
0.171166 0.108385 0.656687 2
0.171796 0.177700 0.654576 2
0.112692 0.118531 0.647402 2
0.183043 0.170010 0.656800 2
0.083903 0.138648 0.659777 2
0.092514 0.143717 0.645133 2
0.089011 0.125558 0.653590 2
0.110334 0.155869 0.647272 2
0.158541 0.166793 0.653477 2
0.170554 0.155210 0.654340 2
0.099621 0.138072 0.645945 2
0.108521 0.105002 0.650404 2
0.157172 0.133626 0.652686 2
0.090597 0.119019 0.656540 2
0.148289 0.201460 0.655051 2
0.117830 0.196383 0.649977 2
0.118784 0.160914 0.648784 2
0.135468 0.094059 0.655905 2
0.158515 0.139658 0.653368 2
0.103178 0.128826 0.646327 2
0.162172 0.155096 0.653858 2
0.143862 0.116851 0.651057 2
0.179661 0.113565 0.666226 2
0.137844 0.121420 0.650370 2
0.179079 0.144799 0.655301 2
0.178534 0.113613 0.666506 2
0.182886 0.165130 0.656238 2
0.184177 0.180600 0.660869 2
0.093694 0.136758 0.645245 2
0.182758 0.143723 0.655781 2
0.179077 0.130614 0.655295 2
0.085735 0.147558 0.646670 2
0.145136 0.193319 0.651505 2
0.088201 0.166472 0.647644 2
0.112738 0.186340 0.647671 2
0.092743 0.118735 0.654970 2
0.139055 0.128494 0.650547 2
0.236555 0.252378 0.877204 2
0.141442 0.106228 0.650729 2
0.146409 0.138177 0.651940 2
0.160955 0.152701 0.653706 2
0.097256 0.149669 0.645713 2
0.098443 0.152034 0.645861 2
0.163523 0.094411 0.684183 2
0.099382 0.112320 0.652023 2
0.139097 0.177833 0.650741 2
0.110337 0.160543 0.647290 2
0.158415 0.165482 0.652956 2
0.119981 0.162120 0.648929 2
0.171751 0.135158 0.654404 2
0.154866 0.126601 0.652888 2
0.129554 0.142451 0.649977 2
0.168253 0.185964 0.654574 2
0.097577 0.181715 0.647842 2
0.154740 0.106494 0.652359 2
0.170939 0.187500 0.655817 2
0.179089 0.154265 0.655338 2
0.110704 0.101232 0.656388 2
0.118708 0.185371 0.648368 2
0.130670 0.163484 0.649696 2
0.181100 0.118160 0.658351 2
0.109184 0.112725 0.654373 2
0.184402 0.106891 0.693079 2
0.168099 0.115015 0.653975 2
0.183781 0.119547 0.659449 2
0.131835 0.121288 0.649663 2
0.177867 0.153048 0.655190 2
0.123496 0.189048 0.648947 2
0.129431 0.103662 0.649360 2
0.103503 0.109417 0.655775 2
0.129886 0.092598 0.689060 2
0.166914 0.164555 0.653953 2
0.121089 0.171397 0.648596 2
0.159433 0.092952 0.682526 2
0.097292 0.121760 0.645949 2
0.129483 0.181041 0.649620 2
0.136675 0.161311 0.650387 2
0.109804 0.184964 0.651054 2
0.128353 0.141247 0.649831 2
0.168138 0.171677 0.654124 2
0.153671 0.144251 0.652817 2
0.147607 0.127613 0.652040 2
0.150111 0.090067 0.679338 2
0.095194 0.119723 0.647533 2
0.130683 0.181081 0.649760 2
0.170533 0.135129 0.654262 2
0.092799 0.174509 0.647123 2
0.087209 0.165639 0.648956 2
0.103505 0.112969 0.655789 2
0.192647 0.159247 0.661302 2
0.130668 0.162310 0.649688 2
0.090159 0.140183 0.644939 2
0.170559 0.159936 0.654359 2
0.148702 0.131070 0.651683 2
0.134372 0.100339 0.650596 2
0.134289 0.184721 0.650196 2
0.091336 0.154166 0.645035 2
0.112799 0.144359 0.648016 2
0.082821 0.135255 0.660644 2
0.173567 0.110775 0.656808 2
0.176649 0.155380 0.655056 2
0.140274 0.147317 0.650756 2
0.133044 0.128355 0.649842 2
0.128271 0.164585 0.649416 2
0.119852 0.115175 0.648231 2
0.118760 0.128120 0.648654 2
0.129482 0.179869 0.649618 2
0.124253 0.097165 0.652929 2
0.175426 0.152981 0.654904 2
0.194176 0.155938 0.662447 2
0.160960 0.157422 0.653724 2
0.125966 0.157604 0.649615 2
0.131833 0.118943 0.649654 2
0.180335 0.130669 0.655571 2
0.117466 0.120973 0.647973 2
0.118762 0.131633 0.648667 2
0.141598 0.156874 0.651448 2
0.128375 0.169408 0.649944 2
0.136763 0.137937 0.650806 2
0.090346 0.176559 0.654725 2
0.134233 0.116648 0.649927 2
0.116311 0.174759 0.648048 2
0.140337 0.195532 0.651048 2
0.158354 0.095013 0.662558 2
0.131843 0.128327 0.649701 2
0.148718 0.147542 0.651752 2
0.137901 0.189541 0.650638 2
0.090173 0.137878 0.645039 2
0.103099 0.104291 0.660764 2
0.184025 0.142604 0.656078 2
0.140245 0.114426 0.650621 2
0.186729 0.159460 0.657264 2
0.168128 0.162228 0.654085 2
0.097403 0.179059 0.646690 2
0.119952 0.123463 0.648775 2
0.129487 0.186906 0.649640 2
0.105555 0.118385 0.646608 2
0.162280 0.105630 0.654294 2
0.170568 0.168207 0.654393 2
0.098524 0.178975 0.646388 2
0.141465 0.130899 0.650835 2
0.114010 0.170138 0.648259 2
0.154875 0.136031 0.652926 2
0.172967 0.132824 0.654538 2
0.129551 0.176448 0.649964 2
0.117590 0.164392 0.648657 2
0.164573 0.125642 0.654025 2
0.094199 0.114343 0.656888 2
0.130684 0.182254 0.649764 2
0.190336 0.121887 0.665736 2
0.148814 0.125286 0.652172 2
0.131826 0.110734 0.649618 2
0.106756 0.146425 0.646815 2
0.131398 0.096044 0.653316 2
0.082991 0.154798 0.652605 2
0.166186 0.192208 0.655733 2
0.096617 0.112028 0.657211 2
0.170547 0.148122 0.654312 2
0.142821 0.175734 0.651665 2
0.134194 0.203951 0.655461 2
0.124660 0.144559 0.648914 2
0.097949 0.188180 0.658194 2
0.098446 0.156698 0.645880 2
0.115180 0.136229 0.648264 2
0.158516 0.140838 0.653373 2
0.140305 0.183746 0.650899 2
0.103201 0.166171 0.646474 2
0.113932 0.187550 0.647816 2
0.177849 0.136488 0.655124 2
0.100811 0.142767 0.646103 2
0.159734 0.145588 0.653534 2
0.136691 0.176583 0.650462 2
0.175399 0.128154 0.654803 2
0.139248 0.198003 0.651451 2
0.140406 0.172129 0.651367 2
0.174208 0.154130 0.654765 2
0.140246 0.115600 0.650627 2
0.098433 0.134544 0.645792 2
0.109120 0.121957 0.646996 2
0.132811 0.095033 0.654471 2
0.098577 0.180239 0.646739 2
0.172547 0.103289 0.661987 2
0.142683 0.146206 0.651036 2
0.148767 0.193455 0.651966 2
0.089072 0.161261 0.645490 2
0.163335 0.188101 0.653791 2
0.175406 0.134064 0.654828 2
0.121072 0.149147 0.648507 2
0.106777 0.179129 0.646943 2
0.129445 0.131788 0.649429 2
0.129718 0.099196 0.650802 2
0.173097 0.192131 0.659531 2
0.166869 0.119698 0.653777 2
0.180484 0.172199 0.656112 2
0.172994 0.158824 0.654641 2
0.182779 0.139007 0.655856 2
0.149888 0.107566 0.651726 2
0.147650 0.174710 0.652228 2
0.147707 0.197139 0.652479 2
0.122263 0.142153 0.648619 2
0.166901 0.151567 0.653899 2
0.175650 0.107772 0.660187 2
0.122262 0.140982 0.648614 2
0.171757 0.139884 0.654425 2
0.099626 0.145069 0.645973 2
0.098432 0.133378 0.645788 2
0.087206 0.132857 0.648933 2
0.176627 0.135276 0.654976 2
0.109123 0.126630 0.647017 2
0.096407 0.180544 0.647835 2
0.090180 0.159996 0.645085 2
0.098437 0.141540 0.645820 2
0.111514 0.139539 0.647347 2
0.096342 0.118530 0.647397 2
0.153607 0.104171 0.652546 2
0.122728 0.099239 0.651082 2
0.096044 0.114899 0.653313 2
0.156284 0.094010 0.663917 2
0.099669 0.178938 0.646256 2
0.175412 0.139975 0.654852 2
0.117569 0.135117 0.648541 2
0.096061 0.133321 0.645509 2
0.120285 0.100335 0.650575 2
0.113930 0.182871 0.647800 2
0.164503 0.184550 0.653745 2
0.099777 0.116115 0.646954 2
0.176982 0.102463 0.688532 2
0.143985 0.127529 0.651614 2
0.175402 0.130518 0.654813 2
0.142722 0.192058 0.651214 2
0.127180 0.175238 0.649826 2
0.174215 0.161223 0.654793 2
0.182909 0.130819 0.656322 2
0.105572 0.154566 0.646708 2
0.169734 0.188659 0.655731 2
0.124932 0.092341 0.669181 2
0.102019 0.176639 0.646374 2
0.117502 0.170115 0.648171 2
0.145221 0.160508 0.651888 2
0.182786 0.156758 0.655880 2
0.087724 0.168972 0.652789 2
0.146205 0.091606 0.672644 2
0.104423 0.113862 0.654127 2
0.084828 0.152691 0.648652 2
0.160979 0.176310 0.653800 2
0.166903 0.153928 0.653909 2
0.105909 0.189926 0.656024 2
0.092523 0.160024 0.645198 2
0.175420 0.147069 0.654880 2
0.134290 0.185895 0.650200 2
0.169311 0.130376 0.654099 2
0.151139 0.152316 0.652055 2
0.175422 0.149434 0.654889 2
0.151099 0.111120 0.651883 2
0.117507 0.177138 0.648198 2
0.143875 0.130956 0.651118 2
0.083018 0.167827 0.662210 2
0.127034 0.117668 0.649085 2
0.117481 0.140861 0.648055 2
0.116378 0.140941 0.648423 2
0.182778 0.155568 0.655851 2
0.165715 0.182228 0.653877 2
0.128283 0.181002 0.649479 2
0.157307 0.144345 0.653244 2
0.107949 0.151129 0.646973 2
0.090349 0.129987 0.646299 2
0.155946 0.118284 0.652482 2
0.113981 0.128009 0.648091 2
0.112814 0.166591 0.648105 2
0.152490 0.176041 0.652802 2
0.155397 0.091518 0.681022 2
0.179406 0.115804 0.665280 2
0.154021 0.091431 0.680370 2
0.162006 0.117233 0.653188 2
0.128283 0.178658 0.649476 2
0.131968 0.156601 0.650316 2
0.145508 0.199705 0.653174 2
0.194337 0.158459 0.662997 2
0.157331 0.169116 0.653344 2
0.123486 0.103588 0.648896 2
0.124757 0.143500 0.649418 2
0.101983 0.119466 0.646146 2
0.168144 0.178764 0.654149 2
0.134384 0.170767 0.650655 2
0.086956 0.137146 0.647074 2
0.086594 0.130186 0.653149 2
0.113929 0.181701 0.647795 2
0.137898 0.101516 0.650624 2
0.192340 0.147084 0.660249 2
0.168388 0.109305 0.655099 2
0.106766 0.162775 0.646880 2
0.186889 0.164344 0.657831 2
0.128542 0.099195 0.650791 2
0.168142 0.176402 0.654141 2
0.148860 0.175926 0.652375 2
0.144318 0.093243 0.658499 2
0.171761 0.144610 0.654441 2
0.157384 0.096806 0.658496 2
0.129554 0.090627 0.674392 2
0.113980 0.191136 0.648090 2
0.140381 0.143905 0.651254 2
0.166891 0.142122 0.653860 2
0.125287 0.200576 0.652175 2
0.141034 0.202404 0.654282 2
0.121149 0.123490 0.648916 2
0.100833 0.177769 0.646242 2
0.091365 0.133265 0.645238 2
0.129427 0.111858 0.649341 2
0.156010 0.185446 0.652749 2
0.133176 0.164857 0.650490 2
0.141456 0.121500 0.650795 2
0.092889 0.175847 0.647750 2
0.165816 0.151653 0.654272 2
0.143892 0.150940 0.651194 2
0.176626 0.134094 0.654971 2
0.131834 0.120116 0.649659 2
0.127210 0.093765 0.662190 2
0.146430 0.161720 0.652035 2
0.140392 0.156840 0.651306 2
0.158369 0.118335 0.652767 2
0.146264 0.105146 0.651295 2
0.163370 0.137419 0.653929 2
0.126264 0.093950 0.663493 2
0.159841 0.104398 0.653972 2
0.179372 0.110983 0.665155 2
0.166894 0.145664 0.653875 2
0.107940 0.137113 0.646918 2
0.130633 0.118917 0.649513 2
0.181964 0.174851 0.657182 2
0.115188 0.146762 0.648306 2
0.106776 0.177961 0.646939 2
0.169300 0.119749 0.654056 2
0.092509 0.135564 0.645102 2
0.172725 0.190531 0.658114 2
0.143886 0.102776 0.651165 2
0.176651 0.157745 0.655066 2
0.185427 0.161730 0.656852 2
0.110313 0.125489 0.647152 2
0.103181 0.134661 0.646350 2
0.097248 0.135681 0.645658 2
0.157308 0.145525 0.653249 2
0.102911 0.192140 0.659560 2
0.133102 0.101439 0.650127 2
0.137866 0.147252 0.650471 2
0.174277 0.177822 0.655025 2
0.142701 0.166191 0.651119 2
0.096849 0.114458 0.650805 2
0.192564 0.140101 0.661016 2
0.094888 0.154266 0.645452 2
0.125980 0.175200 0.649685 2
0.111543 0.180454 0.647512 2
0.096060 0.132156 0.645505 2
0.170574 0.174115 0.654417 2
0.191024 0.158889 0.659816 2
0.082954 0.146493 0.652313 2
0.130626 0.110710 0.649477 2
0.104728 0.189931 0.656040 2
0.111538 0.174607 0.647486 2
0.148747 0.180495 0.651879 2
0.193410 0.132333 0.663921 2
0.153571 0.165339 0.652393 2
0.151102 0.113473 0.651892 2
0.171737 0.122163 0.654351 2
0.135498 0.191808 0.650368 2
0.158402 0.152514 0.652904 2
0.151121 0.133480 0.651976 2
0.143889 0.146238 0.651178 2
0.165724 0.184597 0.653913 2
0.185603 0.131049 0.657476 2
0.188465 0.131391 0.659192 2
0.170538 0.138672 0.654278 2
0.178255 0.187858 0.665463 2
0.103084 0.114864 0.653117 2
0.128379 0.174103 0.649962 2
0.115072 0.111567 0.647655 2
0.153568 0.160628 0.652378 2
0.181464 0.181464 0.659677 2
0.169253 0.103927 0.658462 2
0.148749 0.089984 0.678716 2
0.165788 0.124488 0.654163 2
0.110320 0.134835 0.647189 2
0.130625 0.109537 0.649473 2
0.140380 0.142730 0.651250 2
0.155090 0.095669 0.658845 2
0.182317 0.119367 0.658458 2
0.182758 0.142540 0.655780 2
0.107304 0.116685 0.650134 2
0.123442 0.117591 0.648662 2
0.107963 0.184657 0.654127 2
0.105586 0.177922 0.646798 2
0.166880 0.131499 0.653820 2
0.131859 0.150612 0.649779 2
0.147603 0.122905 0.652021 2
0.162145 0.127947 0.653749 2
0.104113 0.105302 0.659637 2
0.151266 0.161861 0.652603 2
0.170566 0.167025 0.654388 2
0.124635 0.112932 0.648783 2
0.150056 0.160648 0.652456 2
0.145112 0.166262 0.651397 2
0.105550 0.121878 0.646576 2
0.170545 0.146940 0.654307 2
0.099626 0.146235 0.645978 2
0.184340 0.184340 0.665763 2
0.107961 0.169820 0.647047 2
0.187920 0.174795 0.661457 2
0.266434 0.196861 0.876595 2
0.172980 0.106403 0.659086 2
0.137836 0.112028 0.650329 2
0.148686 0.114600 0.651613 2
0.162164 0.146832 0.653825 2
0.117581 0.151510 0.648606 2
0.165378 0.102546 0.657222 2
0.164609 0.161069 0.654167 2
0.136691 0.181277 0.650466 2
0.098748 0.182889 0.647862 2
0.107957 0.162810 0.647019 2
0.129467 0.161102 0.649543 2
0.128366 0.157673 0.649897 2
0.082860 0.134126 0.660950 2
0.119320 0.099336 0.651716 2
0.179084 0.149532 0.655319 2
0.150092 0.196002 0.652615 2
0.193235 0.133410 0.663321 2
0.174189 0.136399 0.654695 2
0.111512 0.136033 0.647334 2
0.115076 0.116244 0.647674 2
0.160942 0.139719 0.653653 2
0.165811 0.146928 0.654253 2
0.127086 0.183308 0.649346 2
0.170552 0.152847 0.654331 2
0.142648 0.107426 0.650876 2
0.090401 0.128894 0.646668 2
0.169298 0.118568 0.654050 2
0.115458 0.102564 0.649825 2
0.105554 0.127715 0.646602 2
0.125887 0.183268 0.649205 2
0.141582 0.138057 0.651373 2
0.110350 0.179245 0.647365 2
0.164635 0.107987 0.654272 2
0.155094 0.196374 0.653852 2
0.186622 0.152260 0.656888 2
0.177872 0.157780 0.655209 2
0.209910 0.113028 0.852531 2
0.123467 0.151554 0.648795 2
0.111520 0.147720 0.647380 2
0.103177 0.127660 0.646322 2
0.146304 0.148654 0.651471 2
0.109975 0.102918 0.652068 2
0.113889 0.123234 0.647573 2
0.099637 0.164897 0.646049 2
0.133052 0.102573 0.649881 2
0.148816 0.127641 0.652182 2
0.137833 0.108506 0.650315 2
0.171017 0.103087 0.660691 2
0.182997 0.105551 0.692496 2
0.146287 0.129837 0.651397 2
0.101163 0.110628 0.655941 2
0.128364 0.155326 0.649887 2
0.099946 0.184111 0.648049 2
0.116392 0.170201 0.648499 2
0.175874 0.116657 0.656577 2
0.119956 0.193686 0.648797 2
0.239601 0.139965 0.876771 2
0.160926 0.123200 0.653587 2
0.136679 0.164836 0.650407 2
0.146414 0.144062 0.651964 2
0.158382 0.131298 0.652820 2
0.120131 0.196312 0.649742 2
0.104381 0.103188 0.661336 2
0.189459 0.140758 0.658513 2
0.136628 0.103791 0.650167 2
0.160831 0.093048 0.683233 2
0.096083 0.170620 0.645658 2
0.148857 0.172392 0.652361 2
0.110308 0.118479 0.647123 2
0.143966 0.195677 0.651530 2
0.157149 0.110063 0.652589 2
0.096583 0.185464 0.656984 2
0.092522 0.157694 0.645187 2
0.162173 0.156276 0.653863 2
0.112091 0.097705 0.664613 2
0.161009 0.105570 0.653922 2
0.158411 0.160766 0.652938 2
0.139805 0.202334 0.654055 2
0.133146 0.127280 0.650340 2
0.128355 0.143593 0.649841 2
0.175418 0.145887 0.654875 2
0.094877 0.134457 0.645375 2
0.179149 0.125937 0.655559 2
0.163237 0.133772 0.653399 2
0.090719 0.124666 0.648943 2
0.109147 0.161677 0.647155 2
0.087863 0.150705 0.645159 2
0.137830 0.106159 0.650305 2
0.154747 0.130035 0.652389 2
0.127027 0.108295 0.649045 2
0.180887 0.178515 0.657579 2
0.181559 0.161451 0.655720 2
0.105620 0.187049 0.654237 2
0.112800 0.146699 0.648026 2
0.152444 0.126546 0.652604 2
0.154748 0.131212 0.652393 2
0.152307 0.109967 0.652020 2
0.160855 0.179710 0.653298 2
0.153516 0.107638 0.652160 2
0.134527 0.199146 0.651347 2
0.123478 0.164442 0.648854 2
0.196438 0.157992 0.666068 2
0.186831 0.134637 0.657626 2
0.108485 0.188236 0.650186 2
0.098459 0.175361 0.645961 2
0.168100 0.135070 0.653978 2
0.116309 0.098597 0.654614 2
0.107932 0.125434 0.646871 2
0.088991 0.145992 0.644903 2
0.174224 0.169499 0.654826 2
0.114005 0.163115 0.648231 2
0.266436 0.198443 0.876601 2
0.181527 0.137772 0.655607 2
0.129604 0.100282 0.650227 2
0.179167 0.170889 0.655625 2
0.101411 0.108528 0.657549 2
0.133181 0.170730 0.650513 2
0.135560 0.139081 0.650670 2
0.123490 0.179675 0.648916 2
0.096765 0.183560 0.650240 2
0.152379 0.186503 0.652327 2
0.136639 0.119046 0.650219 2
0.134345 0.123785 0.650467 2
0.087798 0.127866 0.653336 2
0.099644 0.175397 0.646094 2
0.129464 0.102517 0.649526 2
0.109131 0.138310 0.647063 2
0.105561 0.138221 0.646643 2
0.156120 0.171438 0.653211 2
0.159436 0.098981 0.657164 2
0.143981 0.122824 0.651595 2
0.089005 0.155323 0.645006 2
0.153524 0.117055 0.652192 2
0.087922 0.157793 0.645593 2
0.131284 0.093265 0.658654 2
0.135436 0.117847 0.650073 2
0.125875 0.168029 0.649145 2
0.097262 0.160162 0.645753 2
0.160954 0.151521 0.653701 2
0.102012 0.164969 0.646330 2
0.175445 0.170719 0.654974 2
0.160869 0.187975 0.653356 2
0.129435 0.121236 0.649381 2
0.174217 0.162405 0.654798 2
0.122732 0.095458 0.657395 2
0.117479 0.138520 0.648043 2
0.116366 0.123383 0.648354 2
0.134286 0.181199 0.650184 2
0.109159 0.180376 0.647230 2
0.184314 0.108089 0.692750 2
0.151168 0.185284 0.652180 2
0.142818 0.172204 0.651651 2
0.107967 0.185845 0.654152 2
0.146440 0.172316 0.652077 2
0.119876 0.146775 0.648364 2
0.179482 0.187886 0.665564 2
0.090150 0.147147 0.644870 2
0.125850 0.135215 0.649013 2
0.129423 0.104826 0.649318 2
0.125951 0.137667 0.649535 2
0.133110 0.094064 0.655946 2
0.121065 0.138611 0.648469 2
0.099634 0.159065 0.646028 2
0.122301 0.192521 0.648818 2
0.118755 0.097485 0.655081 2
0.145189 0.124028 0.651742 2
0.141611 0.172166 0.651509 2
0.174227 0.171864 0.654836 2
0.152471 0.156004 0.652722 2
0.122288 0.164417 0.648752 2
0.115117 0.174721 0.647907 2
0.159623 0.107789 0.653077 2
0.136650 0.094058 0.655899 2
0.142904 0.099386 0.652045 2
0.102006 0.154466 0.646289 2
0.171769 0.152881 0.654474 2
0.170572 0.171752 0.654408 2
0.178020 0.175654 0.655755 2
0.143865 0.120377 0.651073 2
0.152459 0.143041 0.652670 2
0.111522 0.150058 0.647389 2
0.107965 0.175662 0.647070 2
0.105552 0.124213 0.646586 2
0.133178 0.100323 0.650497 2
0.161413 0.195705 0.655563 2
0.118701 0.176005 0.648334 2
0.099346 0.107674 0.659589 2
0.184074 0.159215 0.656254 2
0.145192 0.127557 0.651756 2
0.122304 0.096307 0.655103 2
0.142806 0.100493 0.651600 2
0.140288 0.163767 0.650823 2
0.106347 0.190955 0.651460 2
0.109138 0.148825 0.647104 2
0.182291 0.110096 0.667054 2
0.107937 0.132441 0.646900 2
0.117577 0.145655 0.648583 2
0.155830 0.090542 0.682923 2
0.147605 0.125259 0.652030 2
0.162180 0.163360 0.653891 2
0.165710 0.176325 0.653856 2
0.113618 0.100667 0.652723 2
0.152708 0.197518 0.653735 2
0.106768 0.165111 0.646889 2
0.121173 0.156296 0.649047 2
0.172291 0.187685 0.656462 2
0.100336 0.189392 0.658278 2
0.139047 0.120272 0.650507 2
0.164584 0.136268 0.654068 2
0.114206 0.103664 0.649374 2
0.135575 0.156704 0.650740 2
0.180614 0.122581 0.656586 2
0.115208 0.192403 0.648417 2
0.131868 0.162345 0.649827 2
0.129539 0.123678 0.649902 2
0.152439 0.103000 0.652585 2
0.163689 0.104595 0.655208 2
0.146304 0.149830 0.651475 2
0.093692 0.134428 0.645236 2
0.147479 0.114575 0.651471 2
0.134267 0.157720 0.650091 2
0.195845 0.149130 0.664056 2
0.149955 0.180535 0.652021 2
0.186704 0.158254 0.657179 2
0.124687 0.178542 0.649055 2
0.158366 0.115978 0.652755 2
0.175439 0.164806 0.654951 2
0.086776 0.147345 0.645736 2
0.141497 0.167330 0.650981 2
0.086798 0.154372 0.645898 2
0.096082 0.168288 0.645648 2
0.102002 0.148632 0.646266 2
0.123458 0.137500 0.648747 2
0.181510 0.105413 0.691586 2
0.110811 0.194066 0.650071 2
0.097270 0.172989 0.645806 2
0.097327 0.120639 0.646187 2
0.155962 0.134775 0.652548 2
0.093720 0.168229 0.645422 2
0.177003 0.117804 0.656369 2
0.135573 0.154354 0.650730 2
0.184023 0.153254 0.656072 2
0.162175 0.157457 0.653867 2
0.084914 0.155187 0.649306 2
0.100829 0.171933 0.646216 2
0.131894 0.192859 0.649954 2
0.128272 0.166929 0.649422 2
0.160799 0.121924 0.653069 2
0.115881 0.198233 0.652206 2
0.154732 0.114725 0.652324 2
0.266429 0.192113 0.876579 2
0.124640 0.118788 0.648808 2
0.123481 0.169128 0.648868 2
0.174308 0.179035 0.655143 2
0.123436 0.110566 0.648633 2
0.186753 0.160667 0.657349 2
0.158372 0.120692 0.652779 2
0.091485 0.169569 0.646088 2
0.151289 0.091264 0.679126 2
0.128339 0.123651 0.649761 2
0.148748 0.181672 0.651883 2
0.127921 0.202198 0.653615 2
0.096095 0.172972 0.645741 2
0.164574 0.126823 0.654030 2
0.151251 0.145366 0.652537 2
0.164613 0.164613 0.654182 2
0.110469 0.113976 0.648067 2
0.159593 0.130148 0.652958 2
0.142807 0.160438 0.651604 2
0.098434 0.136876 0.645802 2
0.136764 0.139112 0.650811 2
0.119960 0.103575 0.648818 2
0.105531 0.192786 0.653682 2
0.098443 0.150868 0.645857 2
0.100430 0.107561 0.658894 2
0.109122 0.125462 0.647011 2
0.105140 0.105140 0.658621 2
0.171752 0.118633 0.654409 2
0.116317 0.182950 0.648080 2
0.127180 0.176412 0.649831 2
0.139079 0.159031 0.650659 2
0.147531 0.169866 0.651700 2
0.129482 0.178697 0.649617 2
0.087922 0.140325 0.645593 2
0.190115 0.130518 0.660792 2
0.174190 0.137581 0.654699 2
0.105587 0.179090 0.646802 2
0.130780 0.174178 0.650245 2
0.146330 0.176888 0.651587 2
0.133023 0.106067 0.649740 2
0.164937 0.094514 0.684929 2
0.146333 0.182770 0.651604 2
0.166394 0.193633 0.656556 2
0.134381 0.167242 0.650641 2
0.159645 0.091842 0.683432 2
0.151134 0.147606 0.652032 2
0.189433 0.156179 0.658423 2
0.112812 0.164250 0.648095 2
0.159598 0.134863 0.652975 2
0.122346 0.123517 0.649056 2
0.184014 0.148513 0.656041 2
0.134301 0.176527 0.650255 2
0.097252 0.143841 0.645690 2
0.195054 0.135037 0.665443 2
0.171750 0.133977 0.654399 2
0.133095 0.192900 0.650095 2
0.171777 0.159971 0.654502 2
0.124641 0.121130 0.648817 2
0.124695 0.190262 0.649095 2
0.099643 0.173063 0.646083 2
0.117613 0.193681 0.648783 2
0.085736 0.151059 0.646677 2
0.082984 0.130744 0.661938 2
0.184013 0.149695 0.656036 2
0.109124 0.127798 0.647021 2
0.141501 0.204259 0.656450 2
0.134271 0.161243 0.650110 2
0.149957 0.182889 0.652030 2
0.188379 0.121400 0.663073 2
0.147493 0.128689 0.651536 2
0.230138 0.130491 0.876870 2
0.105580 0.167411 0.646758 2
0.104366 0.128854 0.646467 2
0.171754 0.137521 0.654414 2
0.256959 0.171570 0.876639 2
0.160966 0.163324 0.653748 2
0.144023 0.171064 0.651788 2
0.149961 0.187599 0.652047 2
0.141600 0.159227 0.651457 2
0.162009 0.119592 0.653200 2
0.169924 0.101954 0.661073 2
0.128244 0.128244 0.649280 2
0.115185 0.142080 0.648288 2
0.141839 0.093175 0.658017 2
0.099638 0.166063 0.646054 2
0.149901 0.105225 0.651784 2
0.100816 0.150933 0.646135 2
0.179693 0.185703 0.666347 2
0.111334 0.100617 0.660125 2
0.124689 0.183228 0.649064 2
0.148682 0.109895 0.651594 2
0.183186 0.172515 0.657314 2
0.137898 0.186016 0.650624 2
0.163383 0.150406 0.653982 2
0.164610 0.162250 0.654172 2
0.148749 0.182849 0.651888 2
0.153518 0.111168 0.652167 2
0.093737 0.127506 0.645544 2
0.166910 0.161013 0.653938 2
0.125968 0.159950 0.649624 2
0.118778 0.152714 0.648751 2
0.170522 0.123318 0.654217 2
0.109163 0.187053 0.654251 2
0.172990 0.155278 0.654627 2
0.179149 0.169689 0.655558 2
0.155986 0.159518 0.652649 2
0.116269 0.116269 0.647814 2
0.157286 0.123119 0.653159 2
0.114009 0.167797 0.648250 2
0.083934 0.137509 0.660023 2
0.145066 0.115701 0.651193 2
0.104383 0.155700 0.646573 2
0.171730 0.098574 0.687394 2
0.097699 0.115250 0.648655 2
0.182186 0.120468 0.657984 2
0.159662 0.189120 0.653237 2
0.090255 0.175201 0.654065 2
0.106744 0.127742 0.646742 2
0.093693 0.135593 0.645240 2
0.139738 0.096106 0.653739 2
0.127058 0.148137 0.649206 2
0.151164 0.179396 0.652159 2
0.166925 0.175182 0.653994 2
0.105574 0.158069 0.646721 2
0.085762 0.153438 0.646868 2
0.163216 0.113721 0.653316 2
0.157697 0.100997 0.654867 2
0.135449 0.133104 0.650136 2
0.173000 0.164734 0.654664 2
0.176782 0.120022 0.655551 2
0.156074 0.123092 0.653017 2
0.121059 0.131586 0.648436 2
0.150567 0.200165 0.654678 2
0.174203 0.149401 0.654746 2
0.152580 0.196175 0.653188 2
0.147637 0.160578 0.652172 2
0.121576 0.099258 0.651206 2
0.146380 0.101702 0.651812 2
0.165817 0.152835 0.654277 2
0.177846 0.134123 0.655114 2
0.129564 0.155360 0.650029 2
0.160945 0.142079 0.653663 2
0.132820 0.090366 0.672450 2
0.082676 0.156430 0.659484 2
0.109157 0.176869 0.647215 2
0.127047 0.134073 0.649151 2
0.162165 0.148013 0.653829 2
0.133085 0.181159 0.650042 2
0.104360 0.119518 0.646426 2
0.155982 0.154804 0.652630 2
0.187990 0.154780 0.657529 2
0.121966 0.200920 0.653295 2
0.122255 0.131614 0.648576 2
0.185354 0.139164 0.656595 2
0.165810 0.145747 0.654249 2
0.107956 0.161642 0.647015 2
0.128233 0.117693 0.649226 2
0.175437 0.163623 0.654946 2
0.142754 0.195626 0.651361 2
0.131831 0.116597 0.649644 2
0.165712 0.178686 0.653864 2
0.123494 0.187875 0.648940 2
0.130429 0.090390 0.672628 2
0.089003 0.142522 0.644992 2
0.134286 0.180025 0.650181 2
0.149892 0.112272 0.651746 2
0.125845 0.129357 0.648990 2
0.142164 0.096152 0.654052 2
0.110340 0.165218 0.647309 2
0.097246 0.133350 0.645648 2
0.153724 0.194952 0.653041 2
0.112693 0.120868 0.647412 2
0.167165 0.196909 0.659596 2
0.137902 0.190716 0.650643 2
0.158363 0.112444 0.652741 2
0.157197 0.158375 0.652789 2
0.187171 0.128940 0.658820 2
0.109156 0.175700 0.647210 2
0.165828 0.163467 0.654320 2
0.082784 0.136385 0.660344 2
0.172996 0.161188 0.654650 2
0.110310 0.120816 0.647132 2
0.122348 0.125860 0.649066 2
0.114011 0.171309 0.648264 2
0.134359 0.141400 0.650537 2
0.114014 0.105828 0.648279 2
0.143855 0.109800 0.651027 2
0.123440 0.115249 0.648653 2
0.168089 0.123265 0.653935 2
0.096160 0.121803 0.646177 2
0.098455 0.171860 0.645940 2
0.160811 0.134892 0.653118 2
0.175403 0.131700 0.654818 2
0.094021 0.116491 0.655642 2
0.109132 0.139479 0.647067 2
0.127249 0.100274 0.650179 2
0.101986 0.122966 0.646162 2
0.154783 0.166553 0.652539 2
0.144918 0.091559 0.672303 2
0.164462 0.111410 0.653585 2
0.103179 0.131160 0.646337 2
0.085158 0.140363 0.651172 2
0.128575 0.199027 0.650958 2
0.127028 0.104784 0.649052 2
0.150345 0.198691 0.653713 2
0.099615 0.127577 0.645904 2
0.098448 0.160197 0.645892 2
0.100799 0.124105 0.646028 2
0.124766 0.155225 0.649464 2
0.163377 0.144503 0.653958 2
0.154780 0.163019 0.652525 2
0.147538 0.179279 0.651733 2
0.085731 0.149884 0.646638 2
0.118758 0.125778 0.648644 2
0.152364 0.170012 0.652262 2
0.129429 0.114202 0.649351 2
0.113075 0.103701 0.649606 2
0.102000 0.145131 0.646252 2
0.166915 0.098713 0.663332 2
0.098542 0.118367 0.646509 2
0.133746 0.096038 0.653274 2
0.162176 0.158637 0.653872 2
0.103239 0.181397 0.646711 2
0.097247 0.134515 0.645653 2
0.179272 0.174538 0.656007 2
0.098866 0.114076 0.648632 2
0.150035 0.138267 0.652367 2
0.129423 0.107170 0.649322 2
0.131860 0.151785 0.649784 2
0.122241 0.112883 0.648502 2
0.152374 0.180613 0.652306 2
0.181665 0.128408 0.656103 2
0.105551 0.123046 0.646581 2
0.124753 0.138810 0.649399 2
0.170530 0.131585 0.654247 2
0.143876 0.132131 0.651121 2
0.094897 0.168252 0.645510 2
0.100818 0.154433 0.646149 2
0.136793 0.174368 0.650952 2
0.151203 0.102959 0.652330 2
0.118733 0.167864 0.648506 2
0.119874 0.144433 0.648350 2
0.117471 0.106951 0.647998 2
0.185277 0.178128 0.660543 2
0.158382 0.097877 0.657710 2
0.128239 0.103645 0.649254 2
0.171773 0.156426 0.654488 2
0.127610 0.091323 0.670569 2
0.129551 0.138930 0.649963 2
0.113979 0.125669 0.648082 2
0.087873 0.144904 0.645237 2
0.166939 0.183456 0.654051 2
0.083964 0.136367 0.660257 2
0.153561 0.155914 0.652348 2
0.166866 0.118516 0.653764 2
0.140278 0.152017 0.650775 2
0.135558 0.136732 0.650660 2
0.168504 0.108198 0.655551 2
0.147651 0.175887 0.652233 2
0.162167 0.150373 0.653839 2
0.087880 0.154226 0.645284 2
0.174192 0.138763 0.654704 2
0.142668 0.128578 0.650970 2
0.175414 0.141158 0.654857 2
0.138185 0.098200 0.651978 2
0.102006 0.117161 0.646290 2
0.142677 0.102751 0.651010 2
0.166904 0.155109 0.653914 2
0.105576 0.161572 0.646735 2
0.111887 0.098724 0.663405 2
0.148691 0.119306 0.651636 2
0.114006 0.164286 0.648236 2
0.171745 0.129251 0.654380 2
0.109218 0.181641 0.647580 2
0.175410 0.137611 0.654842 2
0.127061 0.150482 0.649218 2
0.084797 0.147956 0.648414 2
0.134228 0.110782 0.649901 2
0.137835 0.110854 0.650324 2
0.167472 0.105927 0.656137 2
0.119853 0.117515 0.648240 2
0.129490 0.190427 0.649657 2
0.184584 0.125232 0.658070 2
0.172987 0.151732 0.654612 2
0.094259 0.118848 0.649135 2
0.174181 0.129308 0.654666 2
0.134357 0.139051 0.650528 2
0.104388 0.163872 0.646605 2
0.094886 0.149605 0.645434 2
0.103200 0.163837 0.646465 2
0.115115 0.106934 0.647894 2
0.112731 0.174645 0.647626 2
0.156119 0.170258 0.653206 2
0.139042 0.115575 0.650486 2
0.104436 0.184681 0.654209 2
0.130628 0.113055 0.649487 2
0.161115 0.104459 0.654355 2
0.128762 0.200492 0.651902 2
0.181760 0.126107 0.656447 2
0.091638 0.125492 0.647169 2
0.084051 0.145180 0.651701 2
0.143918 0.180338 0.651312 2
0.115175 0.129207 0.648236 2
0.182533 0.180154 0.659237 2
0.109528 0.186842 0.649416 2
0.134237 0.121341 0.649946 2
0.147485 0.120456 0.651499 2
0.124504 0.096181 0.654247 2
0.103205 0.173175 0.646500 2
0.136640 0.120220 0.650224 2
0.153516 0.108814 0.652157 2
0.151243 0.137120 0.652504 2
0.106446 0.105269 0.652061 2
0.169310 0.129195 0.654095 2
0.171748 0.132795 0.654394 2
0.145156 0.101668 0.651595 2
0.122292 0.177295 0.648773 2
0.184193 0.117430 0.660928 2
0.148831 0.144125 0.652248 2
0.145098 0.150973 0.651336 2
0.139536 0.200766 0.652794 2
0.157221 0.184308 0.652888 2
0.147475 0.111047 0.651457 2
0.187106 0.168099 0.658594 2
0.142669 0.129753 0.650973 2
0.181538 0.155520 0.655645 2
0.090203 0.135595 0.645249 2
0.091334 0.150673 0.645022 2
0.158499 0.123146 0.653302 2
0.150054 0.159470 0.652452 2
0.260127 0.188968 0.876656 2
0.134588 0.098149 0.651643 2
0.108233 0.116424 0.648678 2
0.169316 0.116220 0.654116 2
0.152487 0.172504 0.652788 2
0.140240 0.108554 0.650597 2
0.146305 0.151006 0.651479 2
0.184106 0.135563 0.656367 2
0.160810 0.133713 0.653114 2
0.139101 0.184881 0.650762 2
0.177847 0.129397 0.655119 2
0.115595 0.196570 0.650599 2
0.168140 0.174040 0.654133 2
0.116318 0.185291 0.648088 2
0.155976 0.148913 0.652608 2
0.147623 0.145271 0.652111 2
0.161244 0.103362 0.654879 2
0.134299 0.194117 0.650244 2
0.162073 0.184469 0.653458 2
0.136641 0.121394 0.650228 2
0.223830 0.125756 0.876941 2
0.096064 0.139148 0.645532 2
0.159644 0.182029 0.653164 2
0.142794 0.145144 0.651543 2
0.188115 0.159631 0.657967 2
0.135566 0.100354 0.650697 2
0.129556 0.144798 0.649986 2
0.149956 0.181712 0.652026 2
0.188104 0.122417 0.662107 2
0.130629 0.114227 0.649492 2
0.092827 0.180332 0.655561 2
0.127603 0.092402 0.696956 2
0.154879 0.140746 0.652945 2
0.193530 0.109841 0.828491 2
0.142790 0.140439 0.651524 2
0.157220 0.183129 0.652883 2
0.134299 0.101457 0.650243 2
0.111600 0.189895 0.647843 2
0.169326 0.144546 0.654155 2
0.147497 0.134569 0.651554 2
0.159725 0.136149 0.653496 2
0.085412 0.132536 0.653115 2
0.138831 0.091543 0.672186 2
0.184711 0.174020 0.658525 2
0.086816 0.142751 0.646031 2
0.177874 0.160146 0.655219 2
0.125831 0.110614 0.648914 2
0.134388 0.175467 0.650674 2
0.163282 0.178608 0.653579 2
0.124665 0.151588 0.648941 2
0.127140 0.124797 0.649625 2
0.176665 0.169574 0.655116 2
0.145199 0.135794 0.651789 2
0.176661 0.167208 0.655104 2
0.097260 0.156664 0.645740 2
0.093696 0.140253 0.645259 2
0.133555 0.097078 0.652341 2
0.171019 0.109476 0.656125 2
0.168091 0.124446 0.653942 2
0.189853 0.164857 0.659883 2
0.130750 0.136613 0.650095 2
0.158575 0.104341 0.653615 2
0.141466 0.094113 0.656285 2
0.122246 0.118736 0.648526 2
0.096431 0.117471 0.647999 2
0.087941 0.139191 0.645733 2
0.123466 0.149212 0.648788 2
0.129485 0.184560 0.649632 2
0.117732 0.097617 0.655963 2
0.099000 0.110856 0.657293 2
0.139057 0.132016 0.650556 2
0.111542 0.179284 0.647506 2
0.166908 0.158651 0.653928 2
0.186615 0.151070 0.656865 2
0.160317 0.196994 0.655917 2
0.157427 0.103183 0.653744 2
0.100826 0.167266 0.646198 2
0.129471 0.165793 0.649559 2
0.180549 0.123720 0.656349 2
0.121066 0.139781 0.648472 2
0.173028 0.177752 0.654768 2
0.122296 0.186663 0.648794 2
0.142712 0.180299 0.651170 2
0.160948 0.145620 0.653677 2
0.145082 0.132160 0.651262 2
0.097258 0.153167 0.645727 2
0.130743 0.127225 0.650057 2
0.165778 0.187016 0.654124 2
0.130900 0.099202 0.650840 2
0.148687 0.105197 0.651615 2
0.122242 0.114054 0.648507 2
0.153561 0.154738 0.652350 2
0.179522 0.119089 0.656922 2
0.130694 0.193990 0.649817 2
0.121046 0.114029 0.648367 2
0.189126 0.125885 0.661502 2
0.133091 0.189376 0.650072 2
0.154768 0.152414 0.652478 2
0.087861 0.148375 0.645148 2
0.165822 0.157560 0.654296 2
0.093931 0.175611 0.646881 2
0.166902 0.152748 0.653904 2
0.124690 0.185572 0.649072 2
0.099642 0.171896 0.646077 2
0.174443 0.106571 0.660123 2
0.125832 0.112956 0.648924 2
0.177882 0.125877 0.655248 2
0.121174 0.157468 0.649051 2
0.125863 0.150451 0.649084 2
0.170565 0.165844 0.654383 2
0.142660 0.120351 0.650932 2
0.111524 0.113860 0.647403 2
0.113981 0.129179 0.648096 2
0.112787 0.127981 0.647951 2
0.263276 0.188958 0.876612 2
0.164591 0.143353 0.654096 2
0.166874 0.123239 0.653795 2
0.145071 0.120403 0.651215 2
0.153764 0.095583 0.658255 2
0.130687 0.186947 0.649781 2
0.118680 0.145573 0.648216 2
0.169550 0.102920 0.659618 2
0.163286 0.183329 0.653596 2
0.108162 0.181830 0.648253 2
0.180448 0.170982 0.655983 2
0.168131 0.165772 0.654099 2
0.151536 0.099648 0.653764 2
0.136704 0.194201 0.650525 2
0.131867 0.159998 0.649818 2
0.128289 0.189211 0.649508 2
0.159763 0.175091 0.653653 2
0.261713 0.200041 0.876672 2
0.172985 0.150550 0.654608 2
0.128235 0.120037 0.649235 2
0.162008 0.118413 0.653194 2
0.159737 0.147948 0.653544 2
0.158502 0.126684 0.653316 2
0.131845 0.131845 0.649710 2
0.177976 0.174428 0.655592 2
0.133399 0.098139 0.651576 2
0.174251 0.176614 0.654928 2
0.140756 0.089572 0.675608 2
0.146413 0.142885 0.651959 2
0.155993 0.166589 0.652678 2
0.084088 0.141714 0.651983 2
0.127163 0.154119 0.649742 2
0.147526 0.165158 0.651679 2
0.154779 0.161841 0.652524 2
0.159574 0.111290 0.652878 2
0.125875 0.166857 0.649142 2
0.133142 0.122584 0.650321 2
0.185905 0.126510 0.658545 2
0.158521 0.145556 0.653392 2
0.188516 0.167108 0.659371 2
0.147001 0.201314 0.654575 2
0.098447 0.159030 0.645888 2
0.154734 0.117080 0.652334 2
0.111503 0.123179 0.647281 2
0.158364 0.113622 0.652746 2
0.135586 0.169629 0.650791 2
0.128254 0.145823 0.649333 2
0.082897 0.132994 0.661251 2
0.105611 0.180298 0.646952 2
0.105581 0.169747 0.646767 2
0.143393 0.096185 0.654276 2
0.189379 0.144261 0.658236 2
0.154774 0.157128 0.652502 2
0.119907 0.191267 0.648532 2
0.168814 0.106027 0.656754 2
0.090137 0.124307 0.653211 2
0.163378 0.145683 0.653963 2
0.121062 0.135098 0.648452 2
0.127138 0.122451 0.649615 2
0.169363 0.179985 0.654299 2
0.139081 0.135560 0.650665 2
0.162539 0.103434 0.655337 2
0.122300 0.191350 0.648815 2
0.190617 0.127277 0.662536 2
0.164580 0.188176 0.654054 2
0.104372 0.138191 0.646504 2
0.149929 0.151105 0.651908 2
0.098819 0.111837 0.656087 2
0.154046 0.099746 0.654410 2
0.085807 0.155853 0.647208 2
0.135499 0.192984 0.650376 2
0.116263 0.109253 0.647783 2
0.173445 0.111881 0.656349 2
0.103526 0.108259 0.655921 2
0.104391 0.168542 0.646623 2
0.111582 0.100956 0.654596 2
0.139201 0.173267 0.651230 2
0.137866 0.135520 0.650474 2
0.175342 0.109960 0.659028 2
0.118978 0.196343 0.649845 2
0.102323 0.110604 0.655795 2
0.112796 0.140849 0.648002 2
0.123570 0.158708 0.649338 2
0.105863 0.108229 0.655738 2
0.185406 0.136833 0.656780 2
0.117504 0.173626 0.648184 2
0.090153 0.142500 0.644894 2
0.099635 0.160231 0.646033 2
0.151235 0.127696 0.652466 2
0.121171 0.152780 0.649033 2
0.109287 0.108118 0.647987 2
0.168412 0.188503 0.655190 2
0.128363 0.154153 0.649883 2
0.163355 0.123254 0.653873 2
0.115185 0.143251 0.648292 2
0.171955 0.183773 0.655181 2
0.124798 0.101362 0.649631 2
0.147539 0.180456 0.651737 2
0.108012 0.183561 0.654424 2
0.152442 0.124190 0.652594 2
0.169989 0.107206 0.656717 2
0.086774 0.148505 0.645716 2
0.147495 0.131041 0.651542 2
0.139105 0.101541 0.650781 2
0.118780 0.193676 0.648766 2
0.157330 0.167936 0.653339 2
0.133045 0.130700 0.649848 2
0.179495 0.178310 0.656824 2
0.162929 0.101312 0.656911 2
0.110330 0.150025 0.647249 2
0.162391 0.193097 0.654739 2
0.115204 0.170175 0.648400 2
0.179229 0.173314 0.655851 2
0.097505 0.117356 0.647367 2
0.122005 0.097250 0.653501 2
0.182788 0.137831 0.655888 2
0.117699 0.194994 0.649257 2
0.255380 0.166827 0.876645 2
0.128225 0.104805 0.649185 2
0.124810 0.196298 0.649696 2
0.143878 0.134482 0.651129 2
0.165714 0.181047 0.653872 2
0.134743 0.097086 0.652396 2
0.118678 0.144402 0.648209 2
0.158436 0.187885 0.653043 2
0.112469 0.197263 0.652891 2
0.089001 0.154152 0.644973 2
0.111511 0.134864 0.647329 2
0.135488 0.178891 0.650320 2
0.186308 0.123213 0.659974 2
0.141612 0.173343 0.651514 2
0.159934 0.194163 0.654351 2
0.094998 0.122973 0.646202 2
0.187527 0.125613 0.660075 2
0.100827 0.169600 0.646207 2
0.122293 0.181977 0.648779 2
0.105564 0.142891 0.646662 2
0.158432 0.183169 0.653026 2
0.106796 0.187041 0.654211 2
0.153587 0.184187 0.652461 2
0.148112 0.093388 0.659524 2
0.178031 0.121250 0.655796 2
0.169343 0.161082 0.654222 2
0.159594 0.131327 0.652962 2
0.188847 0.178055 0.664719 2
0.106774 0.174456 0.646926 2
0.123433 0.107053 0.648617 2
0.180494 0.113334 0.664871 2
0.136666 0.150743 0.650345 2
0.111522 0.112690 0.647393 2
0.133097 0.194075 0.650102 2
0.103608 0.107160 0.656438 2
0.151171 0.095445 0.657305 2
0.163381 0.149226 0.653977 2
0.151999 0.092176 0.676830 2
0.187006 0.131201 0.658239 2
0.130664 0.157617 0.649668 2
0.147528 0.167512 0.651690 2
0.104393 0.170878 0.646632 2
0.116272 0.119777 0.647828 2
0.115195 0.157297 0.648348 2
0.175544 0.118802 0.655343 2
0.153553 0.147670 0.652315 2
0.163285 0.182148 0.653592 2
0.106981 0.101005 0.662667 2
0.141453 0.117975 0.650780 2
0.184156 0.133232 0.656547 2
0.090190 0.161179 0.645160 2
0.162140 0.123227 0.653730 2
0.113934 0.188722 0.647826 2
0.082698 0.157662 0.659661 2
0.171876 0.097417 0.687980 2
0.133088 0.185854 0.650059 2
0.117567 0.131604 0.648527 2
0.137954 0.122691 0.650887 2
0.136779 0.156738 0.650881 2
0.116382 0.145623 0.648442 2
0.128355 0.144766 0.649845 2
0.134268 0.158894 0.650097 2
0.113931 0.185210 0.647807 2
0.084276 0.134960 0.653446 2
0.117561 0.169031 0.648498 2
0.136762 0.100370 0.650801 2
0.097273 0.174159 0.645824 2
0.106200 0.116762 0.650559 2
0.191150 0.161376 0.660250 2
0.125978 0.172854 0.649676 2
0.146336 0.186299 0.651616 2
0.099639 0.168396 0.646063 2
0.124678 0.169164 0.649009 2
0.164453 0.134981 0.653546 2
0.154783 0.167731 0.652541 2
0.182808 0.135479 0.655960 2
0.117116 0.095495 0.665921 2
0.128341 0.125997 0.649770 2
0.152347 0.151171 0.652190 2
0.156282 0.102026 0.653887 2
0.160797 0.120745 0.653064 2
0.139171 0.137997 0.651089 2
0.133069 0.162380 0.649967 2
0.130709 0.195184 0.649891 2
0.180441 0.126013 0.655955 2
0.102010 0.161468 0.646316 2
0.125965 0.156432 0.649610 2
0.130631 0.116572 0.649503 2
0.173085 0.116374 0.654984 2
0.156568 0.197926 0.655086 2
0.170524 0.125680 0.654224 2
0.136677 0.163661 0.650400 2
0.114958 0.099630 0.653647 2
0.106740 0.123072 0.646721 2
0.150234 0.094416 0.658395 2
0.195975 0.144434 0.664498 2
0.263278 0.190541 0.876617 2
0.130622 0.106020 0.649458 2
0.182761 0.149639 0.655790 2
0.192935 0.135592 0.662289 2
0.125895 0.192648 0.649244 2
0.186643 0.142797 0.656962 2
0.145072 0.121579 0.651220 2
0.166870 0.120878 0.653780 2
0.116557 0.195042 0.649417 2
0.112808 0.158399 0.648072 2
0.136690 0.178929 0.650461 2
0.145083 0.133335 0.651266 2
0.130658 0.102534 0.649635 2
0.113904 0.108063 0.647658 2
0.145111 0.162735 0.651391 2
0.153666 0.138358 0.652793 2
0.106927 0.114016 0.655010 2
0.159739 0.150308 0.653553 2
0.131883 0.179947 0.649899 2
0.110332 0.152363 0.647258 2
0.139033 0.105008 0.650441 2
0.085208 0.159251 0.651556 2
0.127097 0.193866 0.649402 2
0.148705 0.134599 0.651696 2
0.090151 0.149476 0.644878 2
0.082640 0.144471 0.659195 2
0.102375 0.188772 0.656124 2
0.165259 0.194875 0.656751 2
0.142730 0.101615 0.651253 2
0.118778 0.153885 0.648756 2
0.122263 0.139812 0.648616 2
0.170556 0.157573 0.654350 2
0.107959 0.166315 0.647033 2
0.142402 0.091501 0.671872 2
0.135491 0.184761 0.650338 2
0.144715 0.089760 0.677025 2
0.152377 0.184147 0.652318 2
0.123493 0.186703 0.648935 2
0.176823 0.178006 0.655703 2
0.111540 0.176946 0.647495 2
0.135487 0.177717 0.650319 2
0.164989 0.104671 0.655679 2
0.113998 0.152582 0.648189 2
0.142777 0.126326 0.651468 2
0.092522 0.132092 0.645192 2
0.110326 0.144183 0.647226 2
0.139096 0.176658 0.650740 2
0.145207 0.144031 0.651822 2
0.169323 0.142184 0.654146 2
0.100479 0.190850 0.659214 2
0.104377 0.146361 0.646536 2
0.169305 0.123292 0.654076 2
0.168111 0.146876 0.654022 2
0.163396 0.163396 0.654034 2
0.260138 0.200046 0.876694 2
0.158519 0.143197 0.653382 2
0.130756 0.143655 0.650123 2
0.088986 0.148310 0.644865 2
0.083962 0.161375 0.660245 2
0.111543 0.181623 0.647515 2
0.091338 0.156496 0.645045 2
0.124741 0.123570 0.649338 2
0.126354 0.098144 0.651612 2
0.129574 0.168271 0.650080 2
0.082950 0.151193 0.652285 2
0.145202 0.139324 0.651803 2
0.150059 0.101805 0.652470 2
0.171793 0.175335 0.654564 2
0.128295 0.193907 0.649540 2
0.088280 0.167791 0.648228 2
0.102004 0.152132 0.646280 2
0.091920 0.122365 0.649158 2
0.184286 0.167694 0.657009 2
0.112687 0.110351 0.647373 2
0.260135 0.196880 0.876683 2
0.195870 0.147951 0.664140 2
0.164585 0.197858 0.658794 2
0.146443 0.175849 0.652091 2
0.159762 0.173911 0.653648 2
0.127178 0.172891 0.649817 2
0.092656 0.126455 0.646124 2
0.202429 0.112126 0.834372 2
0.151110 0.121712 0.651930 2
0.118777 0.151543 0.648746 2
0.109532 0.192706 0.649441 2
0.136672 0.158962 0.650376 2
0.121096 0.178427 0.648634 2
0.100813 0.145100 0.646112 2
0.181567 0.162641 0.655750 2
0.111558 0.185152 0.647602 2
0.135501 0.194159 0.650384 2
0.090236 0.123264 0.653927 2
0.167653 0.104857 0.656849 2
0.141505 0.176735 0.651022 2
0.118786 0.164428 0.648798 2
0.184410 0.170179 0.657451 2
0.177670 0.117060 0.658845 2
0.134291 0.187069 0.650204 2
0.165663 0.130290 0.653671 2
0.107935 0.130106 0.646891 2
0.123459 0.141013 0.648755 2
0.116674 0.097527 0.663404 2
0.162189 0.171625 0.653924 2
0.097262 0.122888 0.645753 2
0.147638 0.161755 0.652177 2
0.142805 0.158085 0.651595 2
0.179072 0.138884 0.655277 2
0.107955 0.160474 0.647010 2
0.163372 0.139780 0.653939 2
0.146274 0.116902 0.651341 2
0.192562 0.157985 0.661010 2
0.111534 0.168761 0.647463 2
0.165837 0.172919 0.654358 2
0.124690 0.184400 0.649068 2
0.184199 0.132078 0.656698 2
0.163393 0.161034 0.654024 2
0.095018 0.175463 0.646335 2
0.090164 0.157642 0.644973 2
0.181527 0.115626 0.664260 2
0.165819 0.155197 0.654287 2
0.146335 0.185123 0.651612 2
0.121177 0.160984 0.649065 2
0.122369 0.194970 0.649178 2
0.155961 0.133597 0.652544 2
0.155960 0.132419 0.652540 2
0.143917 0.176812 0.651305 2
0.085757 0.145262 0.646835 2
0.121071 0.145636 0.648500 2
0.131976 0.167170 0.650358 2
0.082618 0.150376 0.659018 2
0.082627 0.151582 0.659092 2
0.109150 0.167520 0.647178 2
0.129575 0.169445 0.650085 2
0.113986 0.136199 0.648124 2
0.156006 0.180732 0.652732 2
0.168317 0.187216 0.654821 2
0.099959 0.113989 0.648137 2
0.111524 0.153564 0.647403 2
0.135940 0.097100 0.652493 2
0.165832 0.168193 0.654339 2
0.129424 0.108342 0.649327 2
0.140382 0.145081 0.651259 2
0.118705 0.180690 0.648357 2
0.128852 0.097080 0.652359 2
0.150285 0.099601 0.653455 2
0.122372 0.102465 0.649196 2
0.134370 0.154320 0.650589 2
0.103878 0.106252 0.658150 2
0.142685 0.149732 0.651048 2
0.141441 0.105053 0.650724 2
0.152457 0.140684 0.652660 2
0.110498 0.106990 0.648236 2
0.125834 0.115300 0.648935 2
0.142802 0.154555 0.651580 2
0.085402 0.129595 0.662170 2
0.098440 0.146204 0.645838 2
0.124745 0.128259 0.649357 2
0.176642 0.149466 0.655033 2
0.133086 0.182333 0.650047 2
0.168090 0.125625 0.653937 2
0.100830 0.174267 0.646226 2
0.124647 0.129329 0.648848 2
0.111537 0.172269 0.647477 2
0.119853 0.116345 0.648236 2
0.181551 0.134241 0.655692 2
0.107440 0.193157 0.650959 2
0.180292 0.137731 0.655415 2
0.160927 0.124380 0.653592 2
0.178205 0.115803 0.665276 2
0.145208 0.145208 0.651827 2
0.190916 0.156421 0.659444 2
0.188037 0.140583 0.657695 2
0.143893 0.152116 0.651199 2
0.097255 0.148504 0.645708 2
0.112805 0.153719 0.648054 2
0.116446 0.193687 0.648801 2
0.091724 0.117762 0.656134 2
0.105558 0.133551 0.646625 2
0.152372 0.177081 0.652295 2
0.091410 0.131001 0.645554 2
0.088987 0.149475 0.644873 2
0.171762 0.145791 0.654446 2
0.250645 0.157345 0.876678 2
0.145114 0.168614 0.651406 2
0.137921 0.195437 0.650732 2
0.112732 0.176984 0.647636 2
0.105574 0.111472 0.653947 2
0.170532 0.133947 0.654256 2
0.094874 0.129797 0.645356 2
0.107958 0.165147 0.647029 2
0.135729 0.199187 0.651479 2
0.089207 0.166170 0.646468 2
0.261705 0.192128 0.876645 2
0.131867 0.161171 0.649821 2
0.179108 0.128272 0.655409 2
0.128338 0.122478 0.649756 2
0.148752 0.186381 0.651900 2
0.133018 0.203962 0.655494 2
0.111534 0.167592 0.647459 2
0.084062 0.144022 0.651783 2
0.087904 0.141461 0.645460 2
0.176628 0.136459 0.654981 2
0.132560 0.202081 0.653237 2
