# .PCD v0.7 - Point Cloud Data file format
VERSION 0.7
FIELDS x y z label
SIZE 4 4 4 4
TYPE F F F U
COUNT 1 1 1 1
WIDTH 6000
HEIGHT 1
VIEWPOINT 0 0 0 1 0 0 0
POINTS 6000
DATA ascii
-0.354362 0.276555 0.937719 1
-0.392718 0.181829 0.920575 1
-0.394928 0.243608 0.921858 1
-0.358312 0.181244 0.926069 1
-0.372655 0.143200 0.928510 1
-0.390980 0.162561 0.924317 1
-0.364972 0.215325 0.921795 1
-0.382993 0.087973 0.985265 1
-0.380871 0.155849 0.924062 1
-0.354622 0.253301 0.985444 1
-0.362249 0.185705 0.923332 1
-0.364013 0.265721 0.923580 1
-0.408808 0.248656 0.934581 1
-0.372270 0.236296 0.919286 1
-0.381799 0.204565 0.918276 1
-0.364999 0.246935 0.921863 1
-0.365018 0.137409 0.934687 1
-0.404767 0.237162 0.929176 1
-0.361760 0.156959 0.930644 1
-0.387838 0.266587 0.920817 1
-0.358312 0.212983 0.926069 1
-0.362200 0.131478 0.940504 1
-0.544161 0.437612 1.406404 1
-0.377920 0.136587 0.929100 1
-0.353880 0.158695 0.940936 1
-0.352440 0.216175 0.932634 1
-0.361229 0.264456 0.924983 1
-0.364861 0.284340 0.929988 1
-0.360875 0.142829 0.937064 1
-0.360926 0.179213 0.924210 1
-0.357107 0.213261 0.927279 1
-0.392197 0.127359 0.935171 1
-0.373732 0.181480 0.918805 1
-0.367836 0.230001 0.920640 1
-0.357107 0.193189 0.927279 1
-0.382320 0.173330 0.919530 1
-0.358312 0.207971 0.926069 1
-0.390706 0.272411 0.923669 1
-0.372302 0.261192 0.919365 1
-0.375353 0.162292 0.922789 1
-0.375193 0.163887 0.922398 1
-0.428001 0.290970 0.986597 1
-0.358312 0.224676 0.926070 1
-0.358227 0.278226 0.985581 1
-0.367227 0.154754 0.927492 1
-0.387190 0.254534 0.919279 1
-0.369305 0.133757 0.932739 1
-0.346923 0.242931 0.945101 1
-0.429794 0.292759 0.986628 1
-0.353004 0.165074 0.938606 1
-0.357108 0.246714 0.927280 1
-0.379555 0.089157 0.941471 1
-0.395113 0.089219 0.942123 1
-0.376530 0.284693 0.925683 1
-0.355224 0.149075 0.944509 1
-0.379544 0.152652 0.924891 1
-0.392822 0.215097 0.920818 1
-0.404387 0.159560 0.936056 1
-0.405293 0.175375 0.930383 1
-0.369086 0.122466 0.936453 1
-0.373736 0.184796 0.918816 1
-0.366048 0.153288 0.928744 1
-0.385355 0.242815 0.918856 1
-0.355900 0.185068 0.928492 1
-0.401823 0.238087 0.926254 1
-0.349345 0.234306 0.937872 1
-0.372152 0.133572 0.931444 1
-0.370236 0.270397 0.922482 1
-0.352446 0.204402 0.932649 1
-0.386596 0.136692 0.929814 1
-0.385638 0.144719 0.927510 1
-0.360947 0.224237 0.924261 1
-0.354689 0.210466 0.929709 1
-0.346230 0.229388 0.952575 1
-0.390751 0.196620 0.919853 1
-0.353509 0.219159 0.931019 1
-0.394177 0.269174 0.923995 1
-0.396884 0.192202 0.922540 1
-0.431582 0.290984 0.986647 1
-0.351349 0.250241 0.934206 1
-0.362275 0.244015 0.923398 1
-0.384407 0.170202 0.920555 1
-0.383575 0.254336 0.918564 1
-0.368424 0.107563 0.939070 1
-0.541541 0.441683 1.419485 1
-0.404647 0.218660 0.928899 1
-0.373904 0.275640 0.923323 1
-0.381758 0.181356 0.918177 1
-0.365099 0.162916 0.926336 1
-0.369277 0.251440 0.920094 1
-0.359630 0.237807 0.925164 1
-0.349390 0.195422 0.937994 1
-0.391702 0.098983 0.938025 1
-0.402737 0.273256 0.932237 1
-0.360942 0.214231 0.924250 1
-0.369224 0.190005 0.919961 1
-0.379236 0.139807 0.928221 1
-0.363567 0.187191 0.922449 1
-0.356932 0.139520 0.949051 1
-0.355900 0.220239 0.928493 1
-0.363461 0.093217 0.948219 1
-0.350113 0.167816 0.944510 1
-0.358312 0.236369 0.926070 1
-0.401508 0.179468 0.925526 1
-0.396941 0.205544 0.922673 1
-0.392837 0.220088 0.920854 1
-0.396512 0.269628 0.925555 1
-0.366310 0.114737 0.942347 1
-0.371962 0.120614 0.935190 1
-0.351373 0.203071 0.934268 1
-0.389221 0.146481 0.928074 1
-0.380190 0.162225 0.922409 1
-0.364075 0.159858 0.927986 1
-0.387175 0.247891 0.919241 1
-0.380223 0.249340 0.918470 1
-0.372280 0.244594 0.919313 1
-0.388847 0.189863 0.919275 1
-0.361090 0.163370 0.928920 1
-0.346345 0.235173 0.948187 1
-0.387054 0.196428 0.918955 1
-0.387277 0.103780 0.935511 1
-0.350544 0.176539 0.936558 1
-0.362891 0.158398 0.929239 1
-0.369788 0.128878 0.933958 1
-0.383572 0.252677 0.918555 1
-0.350284 0.225363 0.935861 1
-0.348447 0.241624 0.940014 1
-0.361859 0.281259 0.930896 1
-0.378511 0.217830 0.918338 1
-0.363760 0.163065 0.927183 1
-0.346327 0.243711 0.948136 1
-0.400225 0.172957 0.926421 1
-0.374086 0.107516 0.985209 1
-0.370742 0.241355 0.919610 1
-0.366695 0.111455 0.943338 1
-0.369466 0.132132 0.933145 1
-0.370659 0.274038 0.923536 1
-0.347590 0.209914 0.942289 1
-0.352092 0.267657 0.936181 1
-0.349408 0.180203 0.938042 1
-0.352048 0.281466 0.954373 1
-0.363085 0.103861 0.951716 1
-0.364992 0.238616 0.921845 1
-0.387132 0.229626 0.919140 1
-0.396515 0.155085 0.929475 1
-0.357302 0.176559 0.927785 1
-0.397162 0.257281 0.923186 1
-0.377216 0.264466 0.919218 1
-0.360152 0.139824 0.939585 1
-0.385382 0.254435 0.918921 1
-0.357956 0.141992 0.942729 1
-0.357107 0.216606 0.927280 1
-0.394330 0.129192 0.936230 1
-0.373575 0.118903 0.935005 1
-0.365541 0.121282 0.940370 1
-0.348949 0.168902 0.950621 1
-0.354689 0.202080 0.929709 1
-0.377921 0.303226 0.985942 1
-0.379576 0.282805 0.924969 1
-0.365209 0.150171 0.985234 1
-0.394902 0.235278 0.921797 1
-0.366385 0.200224 0.921168 1
-0.361632 0.279405 0.930314 1
-0.407888 0.179134 0.932479 1
-0.377451 0.266289 0.919790 1
-0.362713 0.277271 0.928786 1
-0.394795 0.164428 0.925444 1
-0.358312 0.206301 0.926069 1
-0.549955 0.428295 1.376459 1
-0.360941 0.210896 0.924246 1
-0.384495 0.154298 0.924760 1
-0.408471 0.223185 0.933811 1
-0.379204 0.155849 0.924063 1
-0.379407 0.138195 0.928639 1
-0.394798 0.201970 0.921554 1
-0.364167 0.096372 0.945610 1
-0.373784 0.098720 0.935528 1
-0.427807 0.162762 0.986149 1
-0.375315 0.221212 0.918624 1
-0.383168 0.271791 0.921569 1
-0.401976 0.261577 0.926604 1
-0.395617 0.265688 0.923467 1
-0.360530 0.157154 0.931802 1
-0.380020 0.163816 0.921997 1
-0.395243 0.263773 0.922593 1
-0.375223 0.090222 0.934908 1
-0.383229 0.118759 0.933869 1
-0.376897 0.241048 0.918439 1
-0.387663 0.143176 0.928352 1
-0.372577 0.159200 0.924162 1
-0.375241 0.147924 0.926625 1
-0.381673 0.107003 0.934186 1
-0.386020 0.171841 0.920442 1
-0.348467 0.224680 0.940067 1
-0.392801 0.208442 0.920769 1
-0.347036 0.191850 0.945408 1
-0.413425 0.116470 0.985788 1
-0.360448 0.130375 0.944804 1
-0.352423 0.251490 0.932587 1
-0.358312 0.231358 0.926070 1
-0.396746 0.280993 0.930017 1
-0.346368 0.224925 0.948249 1
-0.355900 0.193442 0.928492 1
-0.395627 0.286431 0.931333 1
-0.354689 0.233944 0.929710 1
-0.372231 0.206427 0.919192 1
-0.366899 0.119475 0.939503 1
-0.374922 0.151138 0.925835 1
-0.346994 0.210584 0.945296 1
-0.399829 0.152356 0.933297 1
-0.362046 0.125225 0.944528 1
-0.359313 0.280213 0.933006 1
-0.387198 0.257856 0.919297 1
-0.363581 0.218814 0.922485 1
-0.355269 0.145377 0.953778 1
-0.362551 0.137753 0.937027 1
-0.356267 0.141648 0.951847 1
-0.351474 0.161488 0.957499 1
-0.403619 0.160942 0.934277 1
-0.398313 0.277561 0.929759 1
-0.376795 0.181358 0.918191 1
-0.367833 0.226678 0.920632 1
-0.397622 0.264248 0.924255 1
-0.346259 0.222534 0.952655 1
-0.427799 0.157423 0.986130 1
-0.390916 0.249821 0.920241 1
-0.359932 0.130335 0.957027 1
-0.373468 0.271991 0.922245 1
-0.379972 0.096889 0.934145 1
-0.394850 0.218622 0.921675 1
-0.379709 0.303233 0.985967 1
-0.393716 0.087986 0.985415 1
-0.350673 0.164671 0.946019 1
-0.399358 0.177585 0.924414 1
-0.390895 0.243168 0.920193 1
-0.355900 0.240337 0.928493 1
-0.368424 0.102481 0.939070 1
-0.369253 0.223211 0.920033 1
-0.386212 0.139908 0.928891 1
-0.347573 0.225200 0.942241 1
-0.392936 0.251711 0.921085 1
-0.360687 0.144444 0.936574 1
-0.386788 0.135082 0.930276 1
-0.360923 0.164970 0.928490 1
-0.420859 0.303410 0.986540 1
-0.378573 0.252658 0.918486 1
-0.389859 0.170407 0.921667 1
-0.352295 0.160134 0.959735 1
-0.375330 0.232821 0.918661 1
-0.391667 0.090515 0.937942 1
-0.346319 0.247126 0.948115 1
-0.401515 0.181141 0.925543 1
-0.369271 0.244798 0.920079 1
-0.388933 0.226394 0.919479 1
-0.366366 0.285883 0.929551 1
-0.346912 0.248038 0.945070 1
-0.384518 0.281090 0.924815 1
-0.366367 0.178614 0.921122 1
-0.353520 0.197333 0.931047 1
-0.386593 0.089081 0.958929 1
-0.390045 0.268623 0.922106 1
-0.385260 0.093575 0.934710 1
-0.372341 0.103850 0.936142 1
-0.357108 0.256750 0.927281 1
-0.399379 0.229289 0.924463 1
-0.371000 0.103947 0.937019 1
-0.364175 0.089551 0.945631 1
-0.369258 0.229853 0.920047 1
-0.387163 0.242909 0.919214 1
-0.365468 0.113304 0.944565 1
-0.411598 0.089787 0.985670 1
-0.353991 0.152685 0.945767 1
-0.387353 0.160773 0.923622 1
-0.373796 0.231240 0.918963 1
-0.370733 0.234715 0.919589 1
-0.346736 0.261998 0.958727 1
-0.378471 0.194618 0.918239 1
-0.366105 0.106179 0.941821 1
-0.380492 0.174910 0.919121 1
-0.357107 0.208243 0.927279 1
-0.375324 0.227846 0.918645 1
-0.351377 0.194648 0.934279 1
-0.392530 0.165846 0.924041 1
-0.362919 0.134509 0.937977 1
-0.385442 0.115548 0.935153 1
-0.347569 0.228596 0.942230 1
-0.370695 0.204836 0.919494 1
-0.349315 0.259660 0.937792 1
-0.368823 0.138624 0.931523 1
-0.372297 0.257872 0.919355 1
-0.359607 0.186061 0.925105 1
-0.360195 0.160367 0.930937 1
-0.356846 0.150028 0.939806 1
-0.361371 0.130093 0.942765 1
-0.393282 0.111274 0.941809 1
-0.387194 0.256195 0.919288 1
-0.368691 0.281744 0.926966 1
-0.360946 0.222569 0.924259 1
-0.368255 0.173737 0.921691 1
-0.368207 0.159473 0.925748 1
-0.356639 0.285481 0.939262 1
-0.359328 0.138464 0.941868 1
-0.429610 0.171666 0.986205 1
-0.394282 0.280434 0.928166 1
-0.347047 0.186740 0.945439 1
-0.373833 0.259445 0.919052 1
-0.387050 0.194768 0.918945 1
-0.409807 0.088006 0.985639 1
-0.418823 0.137829 0.985937 1
-0.353163 0.157434 0.943554 1
-0.371725 0.270270 0.922048 1
-0.357639 0.284927 0.937441 1
-0.385157 0.133421 0.930390 1
-0.392925 0.248382 0.921061 1
-0.371472 0.170362 0.921420 1
-0.374069 0.095072 0.985166 1
-0.353524 0.188938 0.931058 1
-0.351357 0.235080 0.934226 1
-0.374284 0.157549 0.924261 1
-0.353505 0.227553 0.931007 1
-0.390823 0.219890 0.920023 1
-0.358312 0.226346 0.926070 1
-0.347606 0.201424 0.942330 1
-0.348459 0.231458 0.940046 1
-0.381858 0.237729 0.918418 1
-0.366106 0.104480 0.941823 1
-0.431395 0.168110 0.986217 1
-0.420620 0.143171 0.985981 1
-0.346303 0.212250 0.952776 1
-0.377758 0.138204 0.928703 1
-0.404460 0.190088 0.928471 1
-0.394740 0.183658 0.921420 1
-0.354689 0.232267 0.929710 1
-0.385281 0.211283 0.918681 1
-0.349659 0.272717 0.947896 1
-0.380099 0.179698 0.918172 1
-0.431419 0.184131 0.986273 1
-0.389462 0.130382 0.932662 1
-0.363600 0.260427 0.922533 1
-0.394079 0.169129 0.923766 1
-0.385884 0.112303 0.936225 1
-0.379749 0.134966 0.929476 1
-0.362662 0.174245 0.924384 1
-0.378834 0.174910 0.919122 1
-0.359861 0.163573 0.930074 1
-0.404570 0.206892 0.928723 1
-0.372206 0.186517 0.919128 1
-0.378541 0.234414 0.918408 1
-0.374552 0.123728 0.933235 1
-0.369218 0.183364 0.919947 1
-0.350274 0.243926 0.935836 1
-0.367386 0.153147 0.927894 1
-0.378578 0.255975 0.918500 1
-0.362283 0.260677 0.923417 1
-0.350472 0.170569 0.940900 1
-0.378587 0.260952 0.918522 1
-0.380778 0.125245 0.931995 1
-0.351366 0.216549 0.934250 1
-0.372212 0.191494 0.919144 1
-0.346979 0.217395 0.945255 1
-0.353508 0.222517 0.931014 1
-0.378357 0.163816 0.921998 1
-0.350306 0.179796 0.935922 1
-0.390755 0.164134 0.923786 1
-0.360948 0.227572 0.924265 1
-0.393972 0.119462 0.939403 1
-0.369691 0.173630 0.921126 1
-0.360701 0.281666 0.932244 1
-0.551561 0.425701 1.368124 1
-0.378392 0.273607 0.922084 1
-0.378305 0.117115 0.934191 1
-0.363078 0.105576 0.951697 1
-0.375081 0.149531 0.926230 1
-0.362280 0.254012 0.923410 1
-0.370687 0.198197 0.919473 1
-0.361369 0.149097 0.933972 1
-0.359793 0.274248 0.929898 1
-0.385254 0.199669 0.918616 1
-0.352405 0.275980 0.941529 1
-0.353490 0.257771 0.930967 1
-0.346201 0.236241 0.952494 1
-0.389008 0.257956 0.919655 1
-0.399472 0.251025 0.924679 1
-0.385332 0.232856 0.918801 1
-0.351383 0.182854 0.934295 1
-0.354689 0.244006 0.929710 1
-0.362213 0.141001 0.936152 1
-0.358315 0.259758 0.926078 1
-0.375561 0.144704 0.927415 1
-0.358312 0.253074 0.926070 1
-0.362751 0.117487 0.950842 1
-0.396735 0.131117 0.937924 1
-0.346376 0.221509 0.948270 1
-0.384012 0.143063 0.927624 1
-0.369382 0.176805 0.920355 1
-0.357105 0.138540 0.954087 1
-0.379097 0.125245 0.931996 1
-0.381477 0.271771 0.921500 1
-0.363589 0.235459 0.922504 1
-0.346332 0.205393 0.952857 1
-0.358088 0.157559 0.934201 1
-0.360953 0.239246 0.924278 1
-0.359608 0.187730 0.925107 1
-0.359617 0.207760 0.925130 1
-0.397062 0.233909 0.922954 1
-0.408420 0.177684 0.933695 1
-0.366389 0.205211 0.921179 1
-0.378497 0.209540 0.918302 1
-0.370921 0.089123 0.941109 1
-0.362771 0.126588 0.941986 1
-0.351357 0.233396 0.934228 1
-0.390787 0.208254 0.919938 1
-0.431569 0.282077 0.986615 1
-0.360920 0.124307 0.950536 1
-0.359129 0.158959 0.932530 1
-0.368131 0.119325 0.938325 1
-0.372274 0.239615 0.919297 1
-0.358314 0.256416 0.926074 1
-0.376797 0.183016 0.918196 1
-0.354633 0.262197 0.985475 1
-0.368423 0.092318 0.939069 1
-0.399322 0.215917 0.924330 1
-0.387128 0.227966 0.919131 1
-0.370998 0.100567 0.937015 1
-0.387072 0.147973 0.926937 1
-0.354098 0.266625 0.932569 1
-0.346923 0.176474 0.954481 1
-0.354689 0.178602 0.929708 1
-0.355509 0.161288 0.936285 1
-0.401715 0.221319 0.926003 1
-0.429792 0.290977 0.986622 1
-0.372815 0.266534 0.920634 1
-0.385256 0.147918 0.926592 1
-0.381802 0.206223 0.918283 1
-0.373786 0.100407 0.935532 1
-0.359621 0.217775 0.925141 1
-0.359683 0.130716 0.947279 1
-0.364391 0.156646 0.928790 1
-0.392759 0.195134 0.920672 1
-0.360944 0.217566 0.924254 1
-0.378334 0.100271 0.934261 1
-0.392894 0.238395 0.920988 1
-0.354689 0.238975 0.929710 1
-0.367826 0.218370 0.920614 1
-0.363438 0.103473 0.948159 1
-0.391746 0.107455 0.938130 1
-0.366394 0.210199 0.921190 1
-0.360941 0.212564 0.924248 1
-0.397934 0.172688 0.924980 1
-0.370767 0.261279 0.919673 1
-0.393853 0.170697 0.923235 1
-0.364942 0.180393 0.921719 1
-0.366524 0.148455 0.929953 1
-0.350293 0.206799 0.935886 1
-0.373835 0.261104 0.919058 1
-0.394876 0.226950 0.921736 1
-0.379578 0.136581 0.929057 1
-0.378497 0.178068 0.918303 1
-0.383358 0.163821 0.922027 1
-0.354814 0.158354 0.938915 1
-0.376888 0.236073 0.918418 1
-0.363593 0.245446 0.922516 1
-0.377202 0.277281 0.923241 1
-0.382765 0.138197 0.928658 1
-0.382709 0.154251 0.924476 1
-0.346127 0.253369 0.952293 1
-0.401537 0.186159 0.925593 1
-0.388910 0.216429 0.919423 1
-0.393562 0.121031 0.938426 1
-0.347013 0.202069 0.945347 1
-0.431571 0.283858 0.986622 1
-0.381212 0.152652 0.924891 1
-0.400165 0.161912 0.930165 1
-0.366407 0.225161 0.921222 1
-0.369626 0.130506 0.933551 1
-0.348317 0.174584 0.944259 1
-0.373783 0.221286 0.918932 1
-0.379975 0.098574 0.934152 1
-0.378468 0.192961 0.918231 1
-0.357107 0.218279 0.927280 1
-0.355171 0.282272 0.939861 1
-0.404778 0.238844 0.929201 1
-0.374123 0.277467 0.923862 1
-0.358408 0.272793 0.930656 1
-0.355630 0.269875 0.932176 1
-0.394860 0.221953 0.921700 1
-0.354689 0.181956 0.929708 1
-0.362728 0.266000 0.924551 1
-0.350283 0.227051 0.935859 1
-0.359528 0.166774 0.929212 1
-0.431590 0.296329 0.986665 1
-0.367743 0.164275 0.924581 1
-0.397013 0.222227 0.922838 1
-0.369243 0.211588 0.920008 1
-0.375870 0.279194 0.924060 1
-0.371001 0.107328 0.937023 1
-0.347161 0.219032 0.959902 1
-0.367801 0.190127 0.920553 1
-0.346424 0.199301 0.948404 1
-0.394729 0.282428 0.929219 1
-0.401736 0.166901 0.929919 1
-0.359984 0.174563 0.926074 1
-0.358312 0.223005 0.926070 1
-0.376783 0.107050 0.934595 1
-0.373809 0.241194 0.918995 1
-0.381810 0.178067 0.918302 1
-0.374345 0.303210 0.985892 1
-0.383491 0.217836 0.918361 1
-0.359607 0.184392 0.925103 1
-0.346949 0.231015 0.945173 1
-0.358670 0.143299 0.940145 1
-0.351589 0.263903 0.934843 1
-0.394532 0.165987 0.924829 1
-0.350033 0.271680 0.944294 1
-0.358625 0.137146 0.944491 1
-0.547488 0.429721 1.389097 1
-0.372942 0.125436 0.933419 1
-0.355138 0.164494 0.935308 1
-0.360963 0.260927 0.924303 1
-0.389688 0.128774 0.933203 1
-0.380167 0.217830 0.918335 1
-0.368424 0.104175 0.939070 1
-0.362724 0.120339 0.946297 1
-0.357108 0.235005 0.927280 1
-0.387062 0.178198 0.918975 1
-0.399004 0.155402 0.931372 1
-0.347537 0.255767 0.942144 1
-0.348757 0.169642 0.954790 1
-0.389437 0.173545 0.920671 1
-0.376827 0.201250 0.918269 1
-0.350292 0.208487 0.935883 1
-0.358796 0.162172 0.931664 1
-0.380146 0.206223 0.918286 1
-0.358963 0.160566 0.932097 1
-0.382430 0.279116 0.923803 1
-0.368201 0.265138 0.921555 1
-0.384186 0.266358 0.920026 1
-0.385058 0.118803 0.934220 1
-0.426012 0.159199 0.986112 1
-0.363575 0.205499 0.922470 1
-0.358166 0.135915 0.947785 1
-0.350280 0.232113 0.935852 1
-0.364865 0.273023 0.925743 1
-0.381659 0.098574 0.934150 1
-0.347541 0.252371 0.942155 1
-0.366382 0.196899 0.921161 1
-0.347058 0.181630 0.945470 1
-0.387681 0.114024 0.936487 1
-0.363997 0.174086 0.923542 1
-0.364989 0.235289 0.921838 1
-0.369241 0.209928 0.920004 1
-0.359623 0.221114 0.925145 1
-0.355433 0.144743 0.949619 1
-0.360929 0.185883 0.924217 1
-0.397947 0.160016 0.928904 1
-0.408493 0.224882 0.933862 1
-0.388870 0.199825 0.919330 1
-0.373781 0.095344 0.935521 1
-0.352482 0.280791 0.946294 1
-0.362270 0.232352 0.923385 1
-0.402150 0.165394 0.930877 1
-0.351355 0.238450 0.934221 1
-0.401529 0.184487 0.925576 1
-0.381123 0.121993 0.932838 1
-0.553147 0.423139 1.359891 1
-0.385320 0.227877 0.918773 1
-0.375512 0.160696 0.923181 1
-0.381254 0.136581 0.929057 1
-0.354834 0.176998 0.930090 1
-0.370994 0.092115 0.937006 1
-0.429618 0.177006 0.986224 1
-0.373893 0.115628 0.935801 1
-0.358312 0.219664 0.926070 1
-0.365047 0.094453 0.943478 1
-0.375302 0.211263 0.918593 1
-0.372783 0.127066 0.933023 1
-0.350266 0.260800 0.935814 1
-0.346157 0.246519 0.952374 1
-0.373768 0.209675 0.918895 1
-0.351648 0.276721 0.944056 1
-0.387124 0.226306 0.919121 1
-0.388941 0.229716 0.919497 1
-0.366381 0.195237 0.921158 1
-0.347613 0.198029 0.942350 1
-0.381683 0.163816 0.921997 1
-0.380120 0.191302 0.918222 1
-0.408404 0.218096 0.933657 1
-0.396927 0.202208 0.922639 1
-0.353097 0.267140 0.934372 1
-0.349834 0.169385 0.943757 1
-0.346402 0.209552 0.948342 1
-0.357137 0.178150 0.927356 1
-0.372246 0.218042 0.919228 1
-0.408112 0.169835 0.936854 1
-0.404800 0.242210 0.929252 1
-0.383471 0.209543 0.918315 1
-0.380155 0.211197 0.918307 1
-0.387262 0.098714 0.935474 1
-0.355900 0.201816 0.928492 1
-0.385471 0.262783 0.919132 1
-0.375882 0.141479 0.928207 1
-0.368424 0.105869 0.939070 1
-0.358312 0.189596 0.926069 1
-0.353845 0.166366 0.936351 1
-0.351797 0.158352 0.949052 1
-0.395560 0.124512 0.939151 1
-0.349323 0.252900 0.937814 1
-0.369263 0.234835 0.920058 1
-0.350277 0.238864 0.935843 1
-0.385293 0.216261 0.918709 1
-0.373030 0.281233 0.925286 1
-0.371568 0.110878 0.938456 1
-0.392930 0.250047 0.921073 1
-0.381209 0.089748 0.985247 1
-0.389635 0.171971 0.921139 1
-0.358312 0.179573 0.926068 1
-0.366818 0.173843 0.922256 1
-0.359636 0.251161 0.925179 1
-0.367280 0.281944 0.927624 1
-0.370622 0.164073 0.923445 1
-0.371680 0.138436 0.930262 1
-0.376418 0.120420 0.933689 1
-0.366019 0.270971 0.924441 1
-0.363680 0.128009 0.939944 1
-0.404614 0.213616 0.928823 1
-0.369465 0.276056 0.924719 1
-0.405477 0.166068 0.934675 1
-0.346398 0.211260 0.948331 1
-0.375304 0.178125 0.918597 1
-0.377057 0.160645 0.922887 1
-0.357261 0.137935 0.949924 1
-0.373828 0.256126 0.919042 1
-0.392956 0.258371 0.921134 1
-0.348443 0.245012 0.940003 1
-0.363564 0.180534 0.922442 1
-0.390959 0.285475 0.928226 1
-0.349396 0.190349 0.938011 1
-0.362087 0.283116 0.931483 1
-0.383444 0.101971 0.934395 1
-0.382491 0.171747 0.919940 1
-0.357394 0.163981 0.932391 1
-0.382955 0.136590 0.929119 1
-0.378535 0.231097 0.918394 1
-0.355900 0.216890 0.928493 1
-0.378926 0.126869 0.931575 1
-0.392920 0.246717 0.921049 1
-0.365006 0.255255 0.921881 1
-0.388336 0.138392 0.929964 1
-0.360932 0.190885 0.924223 1
-0.347533 0.259163 0.942133 1
-0.371157 0.173539 0.920640 1
-0.350255 0.172159 0.940316 1
-0.404482 0.193448 0.928521 1
-0.373807 0.162344 0.923083 1
-0.376101 0.089144 0.941326 1
-0.377553 0.108958 0.936505 1
-0.359606 0.182723 0.925101 1
-0.346142 0.249944 0.952333 1
-0.384202 0.141460 0.928084 1
-0.382366 0.157445 0.923648 1
-0.346391 0.214677 0.948311 1
-0.360930 0.187550 0.924219 1
-0.358312 0.184585 0.926069 1
-0.356896 0.168791 0.931092 1
-0.392035 0.280025 0.926812 1
-0.399164 0.179165 0.923964 1
-0.380161 0.214513 0.918321 1
-0.372329 0.090338 0.936113 1
-0.378081 0.134969 0.929497 1
-0.390307 0.167274 0.922726 1
-0.349359 0.167383 0.951737 1
-0.350075 0.274753 0.949023 1
-0.369245 0.214909 0.920015 1
-0.347042 0.229342 0.959573 1
-0.363837 0.148728 0.931663 1
-0.370584 0.149739 0.927518 1
-0.542420 0.440317 1.415098 1
-0.354959 0.264331 0.930416 1
-0.368768 0.139510 0.985246 1
-0.379986 0.105318 0.934181 1
-0.349388 0.197112 0.937989 1
-0.387101 0.216345 0.919066 1
-0.372342 0.105539 0.936145 1
-0.354689 0.257422 0.929710 1
-0.351363 0.221603 0.934244 1
-0.390766 0.201605 0.919890 1
-0.376770 0.096932 0.934563 1
-0.350863 0.275739 0.946533 1
-0.388111 0.139988 0.929426 1
-0.355872 0.167420 0.932809 1
-0.394871 0.225284 0.921724 1
-0.358401 0.138763 0.943903 1
-0.377850 0.168579 0.920763 1
-0.383437 0.194617 0.918231 1
-0.361863 0.269935 0.926609 1
-0.394395 0.117894 0.940411 1
-0.372754 0.112418 0.937181 1
-0.375311 0.217896 0.918614 1
-0.387042 0.191449 0.918927 1
-0.358740 0.132708 0.949305 1
-0.401661 0.212939 0.925878 1
-0.556242 0.415667 1.343665 1
-0.383564 0.249358 0.918536 1
-0.346349 0.233465 0.948197 1
-0.354689 0.245683 0.929710 1
-0.355900 0.206841 0.928493 1
-0.382954 0.282835 0.925068 1
-0.347594 0.206517 0.942299 1
-0.549123 0.427096 1.380609 1
-0.375294 0.204630 0.918571 1
-0.361420 0.277564 0.929767 1
-0.351369 0.209810 0.934259 1
-0.431563 0.278514 0.986603 1
-0.392754 0.193471 0.920660 1
-0.355164 0.173804 0.930954 1
-0.383736 0.160653 0.922936 1
-0.392811 0.211769 0.920794 1
-0.376078 0.268153 0.920492 1
-0.392789 0.149913 0.928595 1
-0.377345 0.173330 0.919532 1
-0.349321 0.254590 0.937808 1
-0.385451 0.176562 0.919087 1
-0.388196 0.089192 0.941834 1
-0.351380 0.187908 0.934288 1
-0.404445 0.089778 0.985570 1
-0.401965 0.259898 0.926579 1
-0.427812 0.166322 0.986161 1
-0.385370 0.249455 0.918893 1
-0.360607 0.168172 0.927677 1
-0.346885 0.259951 0.944999 1
-0.385279 0.102010 0.934757 1
-0.368903 0.283578 0.927498 1
-0.351344 0.260348 0.934192 1
-0.387069 0.203066 0.918992 1
-0.370667 0.183261 0.919426 1
-0.395650 0.172420 0.923543 1
-0.377921 0.269944 0.920936 1
-0.363871 0.126379 0.940437 1
-0.356731 0.170391 0.930660 1
-0.380141 0.202907 0.918272 1
-0.366555 0.122750 0.938623 1
-0.378215 0.149449 0.925722 1
-0.349347 0.232616 0.937878 1
-0.394834 0.213626 0.921639 1
-0.349349 0.230925 0.937883 1
-0.375232 0.100343 0.934930 1
-0.388855 0.193184 0.919293 1
-0.394819 0.208630 0.921602 1
-0.354982 0.150676 0.943866 1
-0.358882 0.141686 0.940699 1
-0.387143 0.234607 0.919167 1
-0.375262 0.179761 0.918493 1
-0.347565 0.231993 0.942219 1
-0.380105 0.183014 0.918187 1
-0.372221 0.198131 0.919165 1
-0.378555 0.146241 0.926553 1
-0.400991 0.158883 0.932086 1
-0.374779 0.282963 0.925484 1
-0.370759 0.254637 0.919652 1
-0.357108 0.226642 0.927280 1
-0.391115 0.263234 0.920710 1
-0.362278 0.250680 0.923406 1
-0.348500 0.195872 0.940158 1
-0.360719 0.134951 0.941064 1
-0.370712 0.218115 0.919536 1
-0.362259 0.207362 0.923356 1
-0.384379 0.108978 0.936673 1
-0.381814 0.212855 0.918312 1
-0.388921 0.221411 0.919451 1
-0.396856 0.185532 0.922474 1
-0.368663 0.140243 0.931118 1
-0.392771 0.124166 0.936539 1
-0.376804 0.187988 0.918213 1
-0.368424 0.097399 0.939070 1
-0.375326 0.229504 0.918650 1
-0.360961 0.255924 0.924298 1
-0.356439 0.153243 0.938735 1
-0.363129 0.093572 0.951831 1
-0.389671 0.143298 0.929147 1
-0.371714 0.152862 0.926166 1
-0.373811 0.242853 0.919000 1
-0.367800 0.188466 0.920550 1
-0.351372 0.204756 0.934266 1
-0.347043 0.188444 0.945429 1
-0.369266 0.238156 0.920065 1
-0.396508 0.167786 0.925546 1
-0.392847 0.223416 0.920879 1
-0.383803 0.113876 0.935269 1
-0.363070 0.107290 0.951678 1
-0.351373 0.201387 0.934270 1
-0.346340 0.203679 0.952877 1
-0.366042 0.127650 0.937308 1
-0.392790 0.205115 0.920745 1
-0.370001 0.170450 0.921898 1
-0.355900 0.198466 0.928492 1
-0.375309 0.216238 0.918608 1
-0.365043 0.097855 0.943467 1
-0.348504 0.192483 0.940169 1
-0.389390 0.105583 0.936533 1
-0.373490 0.165533 0.922300 1
-0.374093 0.112850 0.985228 1
-0.390327 0.152955 0.926726 1
-0.348484 0.209430 0.940115 1
-0.354768 0.167693 0.934333 1
-0.350296 0.200049 0.935895 1
-0.358312 0.244721 0.926070 1
-0.357732 0.267252 0.928901 1
-0.382192 0.277276 0.923226 1
-0.380126 0.194618 0.918236 1
-0.348494 0.200957 0.940142 1
-0.369222 0.188345 0.919957 1
-0.357107 0.188171 0.927279 1
-0.352455 0.187583 0.932672 1
-0.380832 0.171748 0.919941 1
-0.380193 0.232754 0.918399 1
-0.371489 0.125514 0.933999 1
-0.349604 0.176918 0.938569 1
-0.399572 0.142765 0.936641 1
-0.349339 0.239377 0.937856 1
-0.372344 0.107228 0.936149 1
-0.393074 0.148346 0.929269 1
-0.373777 0.090280 0.935510 1
-0.409812 0.091563 0.985651 1
-0.355481 0.284215 0.940680 1
-0.349992 0.165155 0.948799 1
-0.349492 0.263177 0.938269 1
-0.346432 0.195884 0.948424 1
-0.372299 0.259532 0.919360 1
-0.351381 0.186224 0.934290 1
-0.380182 0.226121 0.918371 1
-0.348469 0.222986 0.940073 1
-0.393719 0.089764 0.985421 1
-0.394913 0.106159 0.941646 1
-0.408045 0.190982 0.932837 1
-0.372498 0.144814 0.928119 1
-0.391709 0.100677 0.938042 1
-0.370748 0.246336 0.919626 1
-0.351911 0.161044 0.944761 1
-0.413422 0.114691 0.985782 1
-0.360572 0.270220 0.927586 1
-0.350300 0.191610 0.935906 1
-0.363601 0.262092 0.922535 1
-0.382661 0.170164 0.920351 1
-0.377656 0.123642 0.932588 1
-0.351347 0.253610 0.934201 1
-0.382024 0.160633 0.922822 1
-0.355695 0.159682 0.936774 1
-0.397005 0.220559 0.922822 1
-0.397048 0.230571 0.922921 1
-0.366422 0.243451 0.921262 1
-0.364990 0.236953 0.921841 1
-0.399426 0.272145 0.928447 1
-0.374808 0.136675 0.929696 1
-0.372468 0.130322 0.932233 1
-0.358890 0.266867 0.927563 1
-0.360947 0.225905 0.924263 1
-0.370757 0.252977 0.919647 1
-0.365499 0.145359 0.931616 1
-0.369294 0.148220 0.928482 1
-0.379440 0.121993 0.932839 1
-0.543293 0.438961 1.410737 1
-0.350286 0.220300 0.935868 1
-0.353602 0.270898 0.935708 1
-0.389369 0.100510 0.936484 1
-0.387236 0.090271 0.935413 1
-0.347581 0.218406 0.942262 1
-0.375463 0.176542 0.918986 1
-0.362274 0.242349 0.923396 1
-0.346889 0.258249 0.945009 1
-0.360927 0.180880 0.924212 1
-0.357108 0.250059 0.927280 1
-0.346266 0.220820 0.952676 1
-0.381942 0.130112 0.930733 1
-0.394037 0.109786 0.943616 1
-0.392873 0.231737 0.920940 1
-0.376835 0.206224 0.918290 1
-0.399501 0.257716 0.924745 1
-0.413428 0.118249 0.985794 1
-0.376859 0.219489 0.918347 1
-0.361168 0.175997 0.924829 1
-0.355254 0.155159 0.940079 1
-0.401602 0.201218 0.925743 1
-0.374968 0.135056 0.930094 1
-0.395149 0.126075 0.938175 1
-0.366648 0.276448 0.926030 1
-0.386210 0.170265 0.920895 1
-0.347557 0.238786 0.942198 1
-0.390900 0.244831 0.920205 1
-0.349019 0.265798 0.941557 1
-0.370116 0.154563 0.926346 1
-0.346413 0.204427 0.948373 1
-0.384029 0.173352 0.919650 1
-0.545832 0.432380 1.397689 1
-0.378520 0.222805 0.918359 1
-0.370934 0.160877 0.924221 1
-0.369338 0.162576 0.924401 1
-0.387005 0.118884 0.934853 1
-0.380292 0.262642 0.918637 1
-0.367830 0.223355 0.920625 1
-0.408157 0.199450 0.933093 1
-0.393936 0.156404 0.927352 1
-0.364848 0.139030 0.934251 1
-0.363595 0.250440 0.922522 1
-0.375287 0.199656 0.918556 1
-0.379920 0.133349 0.929895 1
-0.381665 0.101946 0.934164 1
-0.404603 0.211935 0.928798 1
-0.382656 0.123627 0.932474 1
-0.370716 0.221435 0.919547 1
-0.390921 0.251484 0.920253 1
-0.367795 0.183483 0.920539 1
-0.366435 0.258416 0.921294 1
-0.346208 0.234528 0.952515 1
-0.387038 0.189790 0.918918 1
-0.369235 0.203287 0.919990 1
-0.387633 0.173480 0.920330 1
-0.359195 0.169969 0.928352 1
-0.376966 0.275443 0.922665 1
-0.389305 0.117383 0.936330 1
-0.368411 0.266953 0.922081 1
-0.381796 0.202907 0.918269 1
-0.371314 0.171951 0.921030 1
-0.404921 0.260726 0.929529 1
-0.401834 0.239764 0.926279 1
-0.390890 0.241505 0.920181 1
-0.383502 0.222812 0.918389 1
-0.370056 0.112626 0.938915 1
-0.375290 0.131813 0.930891 1
-0.347582 0.216708 0.942268 1
-0.408224 0.204533 0.933247 1
-0.388354 0.087980 0.985340 1
-0.346904 0.241362 0.959189 1
-0.363574 0.203835 0.922468 1
-0.369221 0.186685 0.919954 1
-0.367805 0.195111 0.920564 1
-0.404745 0.233797 0.929125 1
-0.391654 0.089205 0.941979 1
-0.349327 0.249519 0.937824 1
-0.354689 0.185310 0.929708 1
-0.363585 0.115492 0.948543 1
-0.408853 0.252056 0.934684 1
-0.352434 0.227947 0.932618 1
-0.393353 0.133925 0.933911 1
-0.370226 0.110983 0.939345 1
-0.383224 0.284705 0.925721 1
-0.406563 0.172558 0.933298 1
-0.396956 0.208880 0.922706 1
-0.365601 0.267330 0.923384 1
-0.383434 0.192959 0.918224 1
-0.375722 0.143092 0.927811 1
-0.367846 0.241632 0.920665 1
-0.357467 0.174966 0.928214 1
-0.376736 0.273612 0.922102 1
-0.346983 0.234495 0.959408 1
-0.360956 0.244249 0.924284 1
-0.374083 0.105738 0.985203 1
-0.370595 0.120718 0.935997 1
-0.373783 0.097032 0.935524 1
-0.378555 0.242706 0.918444 1
-0.355900 0.262110 0.928494 1
-0.382114 0.128491 0.931153 1
-0.358665 0.265027 0.926982 1
-0.365000 0.248599 0.921867 1
-0.352419 0.258217 0.932578 1
-0.347531 0.260861 0.942128 1
-0.349003 0.271447 0.955463 1
-0.359673 0.177750 0.925274 1
-0.369195 0.089116 0.941036 1
-0.347280 0.208715 0.960231 1
-0.373826 0.254467 0.919037 1
-0.389590 0.115778 0.937015 1
-0.394511 0.271070 0.924779 1
-0.548330 0.430920 1.384895 1
-0.399300 0.210904 0.924280 1
-0.356614 0.161024 0.934754 1
-0.347024 0.196960 0.945378 1
-0.363446 0.100054 0.948179 1
-0.406233 0.089780 0.985595 1
-0.348478 0.214514 0.940099 1
-0.385264 0.095262 0.934720 1
-0.359622 0.219445 0.925143 1
-0.373738 0.186455 0.918821 1
-0.367272 0.127490 0.936135 1
-0.357511 0.145212 0.941557 1
-0.392560 0.151500 0.928053 1
-0.367637 0.272601 0.924315 1
-0.369660 0.097279 0.937908 1
-0.358178 0.140379 0.943315 1
-0.365378 0.173950 0.922822 1
-0.387242 0.091959 0.935425 1
-0.408359 0.214704 0.933555 1
-0.391777 0.267007 0.922269 1
-0.370740 0.148129 0.927909 1
-0.424434 0.299862 0.986578 1
-0.358860 0.276498 0.931829 1
-0.378459 0.187987 0.918210 1
-0.392774 0.272690 0.924616 1
-0.375233 0.102030 0.934933 1
-0.380055 0.147846 0.926137 1
-0.399630 0.262805 0.925044 1
-0.347261 0.210435 0.960176 1
-0.391037 0.274310 0.924453 1
-0.364943 0.182056 0.921723 1
-0.371721 0.283176 0.926183 1
-0.362288 0.273599 0.927696 1
-0.375318 0.222871 0.918629 1
-0.358366 0.177930 0.926208 1
-0.372248 0.219701 0.919234 1
-0.377275 0.143046 0.927514 1
-0.349456 0.168256 0.956702 1
-0.378462 0.189645 0.918217 1
-0.391881 0.156251 0.926448 1
-0.394222 0.154843 0.928025 1
-0.367808 0.198434 0.920571 1
-0.349394 0.192040 0.938005 1
-0.380435 0.128491 0.931154 1
-0.384725 0.270056 0.921318 1
-0.347558 0.184613 0.960999 1
-0.353496 0.154708 0.958298 1
-0.390854 0.229865 0.920096 1
-0.373033 0.268351 0.921171 1
-0.352422 0.253172 0.932585 1
-0.370778 0.162476 0.923833 1
-0.390957 0.176802 0.920338 1
-0.350282 0.228738 0.935857 1
-0.353846 0.264754 0.931905 1
-0.383460 0.204567 0.918287 1
-0.346930 0.239527 0.945122 1
-0.366152 0.108395 0.946334 1
-0.377633 0.087966 0.985191 1
-0.355900 0.191767 0.928492 1
-0.364163 0.099782 0.945600 1
-0.375611 0.128565 0.931688 1
-0.352441 0.214493 0.932636 1
-0.376779 0.103677 0.934584 1
-0.383464 0.206226 0.918296 1
-0.384393 0.139855 0.928544 1
-0.401943 0.256542 0.926529 1
-0.404515 0.198489 0.928597 1
-0.369270 0.243137 0.920076 1
-0.377177 0.174911 0.919122 1
-0.364969 0.211998 0.921788 1
-0.404811 0.243892 0.929277 1
-0.346924 0.239645 0.959244 1
-0.351234 0.161516 0.947533 1
-0.362301 0.119620 0.954174 1
-0.365079 0.274853 0.926285 1
-0.351352 0.245188 0.934212 1
-0.368480 0.279911 0.926435 1
-0.364959 0.200353 0.921762 1
-0.364957 0.198690 0.921759 1
-0.395656 0.147006 0.931401 1
-0.380700 0.157445 0.923648 1
-0.350304 0.184859 0.935915 1
-0.355474 0.153558 0.940663 1
-0.397184 0.262291 0.923236 1
-0.362819 0.172652 0.924783 1
-0.352924 0.174356 0.933913 1
-0.366229 0.272794 0.924970 1
-0.352453 0.190947 0.932667 1
-0.394873 0.102752 0.941551 1
-0.375337 0.237796 0.918677 1
-0.364444 0.121481 0.941919 1
-0.387065 0.201407 0.918982 1
-0.369949 0.127249 0.934365 1
-0.380662 0.173330 0.919531 1
-0.354030 0.174072 0.932390 1
-0.347062 0.179926 0.945480 1
-0.366989 0.144840 0.985240 1
-0.378526 0.226122 0.918373 1
-0.354628 0.258639 0.985463 1
-0.365052 0.091050 0.943488 1
-0.349384 0.200494 0.937979 1
-0.360945 0.220902 0.924257 1
-0.383533 0.236084 0.918462 1
-0.431416 0.182351 0.986267 1
-0.375226 0.093596 0.934915 1
-0.392368 0.281936 0.927600 1
-0.362506 0.175836 0.923986 1
-0.362106 0.166418 0.927229 1
-0.404701 0.227069 0.929025 1
-0.404537 0.201850 0.928647 1
-0.381855 0.236071 0.918411 1
-0.365871 0.129280 0.936870 1
-0.366404 0.221836 0.921215 1
-0.362010 0.133105 0.940011 1
-0.351375 0.198017 0.934275 1
-0.370750 0.247996 0.919631 1
-0.348451 0.238235 0.940025 1
-0.363571 0.195513 0.922459 1
-0.394506 0.140474 0.932654 1
-0.390879 0.238179 0.920156 1
-0.408527 0.163920 0.941706 1
-0.359635 0.247823 0.925175 1
-0.367821 0.213386 0.920604 1
-0.404449 0.188408 0.928446 1
-0.387907 0.112400 0.937033 1
-0.388902 0.213108 0.919405 1
-0.376870 0.226122 0.918375 1
-0.352456 0.184219 0.932676 1
-0.347647 0.182748 0.942442 1
-0.373822 0.251149 0.919026 1
-0.352015 0.157503 0.954284 1
-0.358461 0.154349 0.935175 1
-0.360935 0.199223 0.924233 1
-0.363786 0.137580 0.935855 1
-0.389715 0.266734 0.921327 1
-0.375933 0.125311 0.932488 1
-0.380091 0.131731 0.930314 1
-0.388864 0.178264 0.919315 1
-0.382241 0.143027 0.927385 1
-0.374076 0.100405 0.985184 1
-0.364438 0.269367 0.924660 1
-0.363585 0.227137 0.922495 1
-0.350690 0.168977 0.941484 1
-0.367249 0.089004 0.958102 1
-0.372437 0.115700 0.936384 1
-0.357727 0.160767 0.933259 1
-0.363583 0.223808 0.922491 1
-0.376920 0.254317 0.918496 1
-0.347561 0.235390 0.942209 1
-0.398522 0.268188 0.926346 1
-0.373803 0.236217 0.918979 1
-0.364707 0.153428 0.929596 1
-0.391674 0.092208 0.937959 1
-0.394508 0.153280 0.928698 1
-0.350712 0.270889 0.941543 1
-0.376364 0.136631 0.929398 1
-0.397077 0.237247 0.922987 1
-0.398222 0.171143 0.925649 1
-0.358312 0.187926 0.926069 1
-0.365532 0.172358 0.923209 1
-0.367897 0.162676 0.924970 1
-0.348498 0.197567 0.940153 1
-0.385659 0.113926 0.935680 1
-0.377171 0.128524 0.931389 1
-0.363571 0.197177 0.922461 1
-0.351189 0.160568 0.952044 1
-0.346900 0.253144 0.945040 1
-0.360958 0.249253 0.924290 1
-0.366430 0.251765 0.921280 1
-0.350657 0.162836 0.955274 1
-0.389446 0.144891 0.928610 1
-0.364997 0.245272 0.921860 1
-0.356571 0.267638 0.930243 1
-0.373792 0.227922 0.918952 1
-0.367321 0.140372 0.931975 1
-0.395846 0.277009 0.927909 1
-0.377597 0.139820 0.928307 1
-0.388357 0.089757 0.985346 1
-0.361013 0.177588 0.924430 1
-0.381239 0.269941 0.920926 1
-0.347543 0.250673 0.942160 1
-0.363574 0.202170 0.922466 1
-0.400150 0.274317 0.930132 1
-0.370693 0.203176 0.919489 1
-0.372293 0.254552 0.919344 1
-0.389348 0.095437 0.936434 1
-0.553912 0.419408 1.355758 1
-0.422646 0.301636 0.986559 1
-0.386081 0.279346 0.924563 1
-0.386567 0.087977 0.985315 1
-0.359211 0.147910 0.937130 1
-0.381822 0.217829 0.918333 1
-0.388992 0.251310 0.919618 1
-0.364169 0.145500 0.932514 1
-0.373777 0.216310 0.918916 1
-0.347636 0.187842 0.942411 1
-0.379817 0.271773 0.921505 1
-0.399408 0.235976 0.924529 1
-0.358633 0.274644 0.931242 1
-0.374120 0.264622 0.919760 1
-0.358312 0.186255 0.926069 1
-0.404406 0.181689 0.928345 1
-0.372289 0.251233 0.919334 1
-0.382684 0.280969 0.924417 1
-0.369606 0.144993 0.929266 1
-0.346904 0.251442 0.945050 1
-0.375672 0.159098 0.923573 1
-0.397430 0.150401 0.931620 1
-0.346398 0.189960 0.953039 1
-0.379612 0.120365 0.933261 1
-0.389205 0.160849 0.924062 1
-0.354689 0.208789 0.929709 1
-0.370763 0.257958 0.919663 1
-0.364783 0.166114 0.925536 1
-0.371053 0.144903 0.928692 1
-0.363457 0.094926 0.948209 1
-0.369220 0.185025 0.919950 1
-0.360295 0.171370 0.926875 1
-0.392333 0.153085 0.927518 1
-0.408673 0.238463 0.934273 1
-0.380530 0.159040 0.923235 1
-0.391629 0.172117 0.921921 1
-0.346379 0.219801 0.948280 1
-0.394792 0.200305 0.921542 1
-0.351365 0.218234 0.934248 1
-0.362281 0.257345 0.923413 1
-0.385215 0.183081 0.918524 1
-0.365359 0.134162 0.935559 1
-0.363586 0.230465 0.922499 1
-0.394794 0.151715 0.929372 1
-0.415227 0.125368 0.985844 1
-0.350268 0.257426 0.935818 1
-0.371731 0.109233 0.938867 1
-0.379269 0.123620 0.932417 1
-0.359605 0.181054 0.925099 1
-0.382069 0.144634 0.926969 1
-0.376908 0.247683 0.918468 1
-0.388925 0.223072 0.919460 1
-0.359767 0.283938 0.934185 1
-0.375328 0.231162 0.918656 1
-0.350305 0.181484 0.935919 1
-0.381755 0.179698 0.918170 1
-0.392950 0.176952 0.921119 1
-0.350366 0.163618 0.949814 1
-0.367434 0.167470 0.923805 1
-0.392713 0.180166 0.920563 1
-0.357799 0.171777 0.929074 1
-0.378329 0.096899 0.934250 1
-0.388972 0.243004 0.919571 1
-0.347300 0.206994 0.960285 1
-0.394839 0.215291 0.921651 1
-0.397105 0.243924 0.923054 1
-0.400882 0.276499 0.931833 1
-0.381819 0.216171 0.918326 1
-0.383510 0.226130 0.918407 1
-0.384247 0.279225 0.924164 1
-0.353516 0.205728 0.931036 1
-0.373788 0.224604 0.918942 1
-0.364296 0.132702 0.937167 1
-0.356361 0.142715 0.947532 1
-0.385809 0.277482 0.923912 1
-0.388981 0.162423 0.923531 1
-0.357107 0.186499 0.927279 1
-0.424215 0.153856 0.986068 1
-0.397020 0.121572 0.942617 1
-0.356581 0.145526 0.943590 1
-0.347221 0.213874 0.960066 1
-0.354407 0.283016 0.942336 1
-0.368822 0.112766 0.940084 1
-0.352426 0.244764 0.932596 1
-0.367818 0.210063 0.920597 1
-0.353507 0.224195 0.931012 1
-0.370025 0.268580 0.921956 1
-0.356716 0.142514 0.957662 1
-0.378794 0.112204 0.935397 1
-0.401558 0.191179 0.925643 1
-0.363092 0.102147 0.951735 1
-0.353528 0.182222 0.931067 1
-0.394777 0.195311 0.921505 1
-0.350275 0.242239 0.935839 1
-0.352437 0.222902 0.932625 1
-0.372384 0.176654 0.919569 1
-0.369138 0.149832 0.928090 1
-0.381875 0.247681 0.918460 1
-0.347320 0.205274 0.960340 1
-0.395913 0.134222 0.935980 1
-0.395094 0.137314 0.934044 1
-0.361596 0.128473 0.943352 1
-0.373212 0.152791 0.925737 1
-0.398973 0.270164 0.927395 1
-0.403855 0.267837 0.930937 1
-0.366377 0.190250 0.921147 1
-0.381653 0.095203 0.934135 1
-0.384866 0.120428 0.933754 1
-0.353499 0.239305 0.930992 1
-0.385287 0.105385 0.934776 1
-0.560035 0.409578 1.323981 1
-0.404789 0.240527 0.929226 1
-0.370272 0.152956 0.926737 1
-0.390771 0.203267 0.919902 1
-0.353476 0.169567 0.935374 1
-0.353511 0.215801 0.931023 1
-0.355873 0.279796 0.937244 1
-0.376632 0.149484 0.925934 1
-0.354689 0.212143 0.929709 1
-0.379580 0.269942 0.920931 1
-0.394756 0.188652 0.921456 1
-0.369664 0.107431 0.937920 1
-0.389896 0.141704 0.929684 1
-0.400082 0.264773 0.926090 1
-0.369183 0.164174 0.924013 1
-0.380243 0.260951 0.918519 1
-0.401878 0.246474 0.926379 1
-0.355850 0.143197 0.950732 1
-0.352428 0.239719 0.932603 1
-0.370757 0.119081 0.936406 1
-0.383529 0.234425 0.918453 1
-0.397070 0.235578 0.922971 1
-0.346383 0.218093 0.948290 1
-0.367817 0.208402 0.920593 1
-0.385328 0.231197 0.918792 1
-0.388917 0.219751 0.919442 1
-0.360865 0.153936 0.932669 1
-0.378325 0.093528 0.934239 1
-0.385544 0.160713 0.923279 1
-0.371295 0.279514 0.925122 1
-0.399372 0.227617 0.924446 1
-0.559307 0.413192 1.327922 1
-0.346964 0.224205 0.945214 1
-0.361488 0.123914 0.947531 1
-0.387887 0.141583 0.928889 1
-0.366384 0.198562 0.921165 1
-0.375341 0.241113 0.918687 1
-0.372647 0.089130 0.941181 1
-0.426214 0.292744 0.986578 1
-0.356066 0.156466 0.937753 1
-0.354735 0.262487 0.929830 1
-0.381383 0.151051 0.925306 1
-0.358312 0.238040 0.926070 1
-0.393360 0.146776 0.929944 1
-0.394761 0.190316 0.921468 1
-0.402892 0.173386 0.928716 1
-0.349406 0.181894 0.938037 1
-0.348188 0.171955 0.948546 1
-0.401617 0.278690 0.933540 1
-0.346882 0.261653 0.944988 1
-0.394782 0.196975 0.921517 1
-0.352900 0.282833 0.947417 1
-0.375831 0.157499 0.923966 1
-0.431585 0.292766 0.986653 1
-0.388984 0.247988 0.919599 1
-0.400334 0.141344 0.938429 1
-0.372287 0.249573 0.919329 1
-0.395150 0.116421 0.942213 1
-0.353223 0.163482 0.939187 1
-0.354624 0.255080 0.985451 1
-0.347538 0.186336 0.960944 1
-0.360673 0.128751 0.945393 1
-0.372916 0.110775 0.937588 1
-0.358312 0.202960 0.926069 1
-0.399936 0.174502 0.925751 1
-0.415222 0.121810 0.985831 1
-0.372229 0.204767 0.919186 1
-0.349356 0.224163 0.937904 1
-0.377796 0.089046 0.958552 1
-0.381893 0.257633 0.918503 1
-0.354626 0.256860 0.985457 1
-0.363598 0.257098 0.922529 1
-0.397020 0.223896 0.922855 1
-0.391655 0.157831 0.925915 1
-0.426020 0.164538 0.986130 1
-0.394772 0.193646 0.921493 1
-0.431400 0.171671 0.986230 1
-0.391205 0.160986 0.924849 1
-0.426216 0.294525 0.986584 1
-0.357696 0.276899 0.933180 1
-0.388348 0.123833 0.934027 1
-0.399178 0.182505 0.923997 1
-0.385343 0.237836 0.918829 1
-0.362280 0.255678 0.923411 1
-0.374488 0.139909 0.928901 1
-0.373781 0.219628 0.918926 1
-0.381640 0.117104 0.934105 1
-0.363584 0.225472 0.922493 1
-0.367849 0.244956 0.920672 1
-0.346440 0.192466 0.948445 1
-0.387108 0.219665 0.919084 1
-0.380170 0.219488 0.918342 1
-0.376130 0.301438 0.985911 1
-0.378529 0.227780 0.918380 1
-0.349341 0.237687 0.937862 1
-0.404471 0.191768 0.928496 1
-0.357107 0.209916 0.927279 1
-0.381775 0.191302 0.918220 1
-0.369603 0.264951 0.920905 1
-0.379419 0.087968 0.985216 1
-0.346300 0.255664 0.948063 1
-0.386569 0.089755 0.985321 1
-0.367854 0.251602 0.920686 1
-0.363136 0.091857 0.951851 1
-0.358296 0.166981 0.930367 1
-0.558531 0.411992 1.331785 1
-0.366388 0.203549 0.921176 1
-0.397840 0.148875 0.932582 1
-0.346215 0.232815 0.952535 1
-0.376821 0.197935 0.918255 1
-0.352418 0.259898 0.932576 1
-0.431577 0.287421 0.986634 1
-0.346458 0.183922 0.948496 1
-0.363108 0.144064 0.934112 1
-0.358453 0.134313 0.948544 1
-0.352192 0.159467 0.945515 1
-0.365041 0.099557 0.943462 1
-0.366437 0.260079 0.921298 1
-0.369256 0.226532 0.920040 1
-0.351180 0.268250 0.938255 1
-0.355618 0.277906 0.936574 1
-0.374079 0.102183 0.985191 1
-0.370670 0.184920 0.919431 1
-0.347654 0.179352 0.942462 1
-0.353491 0.256092 0.930970 1
-0.387370 0.275741 0.923660 1
-0.396795 0.166236 0.926216 1
-0.358891 0.286268 0.936296 1
-0.375322 0.226187 0.918640 1
-0.392723 0.183492 0.920587 1
-0.387116 0.222986 0.919103 1
-0.359636 0.249492 0.925177 1
-0.353500 0.237626 0.930994 1
-0.351384 0.181169 0.934297 1
-0.351374 0.199702 0.934273 1
-0.357383 0.283034 0.936770 1
-0.359540 0.282074 0.933595 1
-0.403118 0.265673 0.929239 1
-0.388383 0.270288 0.922111 1
-0.352443 0.211129 0.932640 1
-0.353492 0.252734 0.930974 1
-0.347592 0.208216 0.942294 1
-0.404707 0.167436 0.932901 1
-0.362576 0.161610 0.928434 1
-0.390778 0.149784 0.927796 1
-0.368424 0.100787 0.939070 1
-0.396803 0.153520 0.930151 1
-0.362939 0.145681 0.933677 1
-0.366151 0.284039 0.929005 1
-0.355900 0.196792 0.928492 1
-0.382163 0.112202 0.935385 1
-0.364947 0.187046 0.921733 1
-0.397082 0.164685 0.926886 1
-0.377707 0.154251 0.924477 1
-0.397291 0.087991 0.985465 1
-0.391911 0.128951 0.934488 1
-0.372265 0.232977 0.919276 1
-0.385246 0.196351 0.918598 1
-0.401813 0.236410 0.926229 1
-0.369960 0.156168 0.925957 1
-0.427815 0.168102 0.986167 1
-0.395080 0.162877 0.926113 1
-0.363599 0.258763 0.922531 1
-0.362068 0.120689 0.949050 1
-0.408875 0.253756 0.934736 1
-0.404493 0.195128 0.928547 1
-0.380179 0.224463 0.918364 1
-0.353488 0.261128 0.930963 1
-0.376847 0.212857 0.918319 1
-0.367853 0.249941 0.920683 1
-0.379885 0.149449 0.925721 1
-0.346417 0.202718 0.948383 1
-0.374008 0.144750 0.927712 1
-0.370313 0.283377 0.926840 1
-0.394787 0.198640 0.921529 1
-0.381647 0.091831 0.934121 1
-0.372598 0.264719 0.920099 1
-0.363446 0.166266 0.926382 1
-0.404669 0.222023 0.928949 1
-0.386825 0.272025 0.922362 1
-0.385239 0.193034 0.918579 1
-0.366428 0.250102 0.921276 1
-0.363644 0.120079 0.944252 1
-0.357107 0.183153 0.927279 1
-0.359728 0.262910 0.925415 1
-0.366379 0.193575 0.921154 1
-0.378567 0.249341 0.918472 1
-0.373015 0.170308 0.921127 1
-0.362271 0.234019 0.923387 1
-0.352556 0.177540 0.932941 1
-0.391339 0.132130 0.933126 1
-0.390818 0.218227 0.920011 1
-0.364940 0.178729 0.921715 1
-0.372203 0.184858 0.919123 1
-0.364549 0.155038 0.929193 1
-0.359633 0.244484 0.925172 1
-0.376801 0.186330 0.918207 1
-0.376882 0.232756 0.918404 1
-0.352098 0.274042 0.940708 1
-0.408314 0.211313 0.933452 1
-0.355855 0.271728 0.932764 1
-0.359096 0.131755 0.954805 1
-0.374240 0.173429 0.920055 1
-0.353497 0.244341 0.930985 1
-0.369267 0.239816 0.920069 1
-0.364967 0.210334 0.921784 1
-0.351378 0.192963 0.934281 1
-0.370428 0.151349 0.927127 1
-0.347539 0.254069 0.942150 1
-0.359775 0.143063 0.938602 1
-0.385283 0.103698 0.934767 1
-0.348455 0.234847 0.940035 1
-0.350278 0.237176 0.935845 1
-0.383579 0.255996 0.918573 1
-0.392967 0.261701 0.921158 1
-0.370156 0.168858 0.922284 1
-0.392806 0.210106 0.920782 1
-0.350642 0.276913 0.950563 1
-0.401802 0.234732 0.926204 1
-0.391716 0.102371 0.938058 1
-0.563011 0.407209 1.308695 1
-0.352457 0.182537 0.932678 1
-0.390864 0.233191 0.920120 1
-0.397646 0.174231 0.924312 1
-0.388968 0.241343 0.919562 1
-0.371210 0.143289 0.929084 1
-0.358312 0.243051 0.926070 1
-0.431414 0.180571 0.986261 1
-0.364949 0.188709 0.921737 1
-0.370714 0.219775 0.919541 1
-0.363568 0.190520 0.922453 1
-0.376089 0.281025 0.924601 1
-0.396963 0.210548 0.922722 1
-0.374064 0.091517 0.985153 1
-0.388780 0.164004 0.923053 1
-0.397177 0.260621 0.923219 1
-0.374060 0.087962 0.985141 1
-0.424217 0.155635 0.986074 1
-0.347598 0.181167 0.961109 1
-0.379966 0.093517 0.934131 1
-0.362252 0.192368 0.923339 1
-0.351195 0.171790 0.938297 1
-0.359633 0.242815 0.925170 1
-0.397098 0.242255 0.923037 1
-0.427999 0.289188 0.986590 1
-0.364952 0.192036 0.921744 1
-0.429803 0.298103 0.986646 1
-0.428007 0.294533 0.986609 1
-0.380149 0.207881 0.918293 1
-0.347643 0.184446 0.942432 1
-0.376856 0.217831 0.918340 1
-0.394975 0.258605 0.921968 1
-0.388937 0.228055 0.919488 1
-0.392904 0.241723 0.921012 1
-0.363568 0.284641 0.930972 1
-0.370718 0.223095 0.919552 1
-0.350295 0.201736 0.935892 1
-0.351350 0.164190 0.943256 1
-0.381787 0.197933 0.918248 1
-0.550760 0.426994 1.372279 1
-0.391874 0.089102 0.959154 1
-0.365045 0.096154 0.943473 1
-0.399192 0.185845 0.924031 1
-0.403295 0.153032 0.937441 1
-0.353869 0.150674 0.954643 1
-0.388976 0.244665 0.919580 1
-0.375356 0.252723 0.918724 1
-0.378532 0.229438 0.918387 1
-0.361119 0.124969 0.955598 1
-0.381825 0.219487 0.918340 1
-0.374088 0.109294 0.985215 1
-0.374399 0.171842 0.920445 1
-0.353514 0.209086 0.931032 1
-0.367864 0.148319 0.929100 1
-0.408179 0.201144 0.933144 1
-0.367641 0.137129 0.932786 1
-0.356647 0.141119 0.948291 1
-0.365023 0.150205 0.930403 1
-0.376841 0.209540 0.918305 1
-0.369237 0.204947 0.919993 1
-0.349310 0.172530 0.942344 1
-0.350300 0.193298 0.935904 1
-0.374869 0.120464 0.934028 1
-0.397141 0.252272 0.923136 1
-0.364984 0.230298 0.921827 1
-0.352365 0.169845 0.936907 1
-0.358312 0.217994 0.926069 1
-0.383995 0.112245 0.935737 1
-0.381667 0.103632 0.934171 1
-0.385829 0.143117 0.927970 1
-0.392716 0.283861 0.928422 1
-0.393401 0.173828 0.922176 1
-0.369215 0.180044 0.919940 1
-0.542410 0.437757 1.415073 1
-0.366108 0.101083 0.941828 1
-0.356803 0.143913 0.944178 1
-0.373753 0.198064 0.918858 1
-0.349378 0.205566 0.937963 1
-0.353319 0.284880 0.948543 1
-0.376850 0.214515 0.918326 1
-0.346435 0.181384 0.953139 1
-0.365733 0.119648 0.940863 1
-0.394739 0.127635 0.937201 1
-0.397041 0.228902 0.922904 1
-0.346915 0.264683 0.949746 1
-0.366113 0.090891 0.941841 1
-0.367838 0.233324 0.920647 1
-0.363048 0.156790 0.929642 1
-0.399264 0.202549 0.924197 1
-0.350038 0.173748 0.939733 1
-0.363791 0.275143 0.927262 1
-0.388831 0.183223 0.919238 1
-0.385266 0.204647 0.918644 1
-0.368503 0.141861 0.930714 1
-0.431403 0.173451 0.986236 1
-0.358312 0.234699 0.926070 1
-0.346245 0.225961 0.952615 1
-0.346098 0.260218 0.952212 1
-0.347023 0.231060 0.959518 1
-0.385231 0.189716 0.918561 1
-0.395366 0.161323 0.926784 1
-0.360931 0.189218 0.924221 1
-0.415219 0.120031 0.985825 1
-0.385289 0.214602 0.918699 1
-0.388823 0.179903 0.919219 1
-0.359023 0.149523 0.936641 1
-0.377228 0.112240 0.935699 1
-0.384290 0.125294 0.932359 1
-0.372235 0.209745 0.919202 1
-0.424439 0.303425 0.986590 1
-0.367481 0.138751 0.932380 1
-0.360950 0.230908 0.924269 1
-0.346451 0.187340 0.948476 1
-0.350269 0.254051 0.935823 1
-0.364169 0.112250 0.950065 1
-0.346186 0.239667 0.952454 1
-0.411600 0.091565 0.985676 1
-0.386400 0.168686 0.921349 1
-0.369248 0.120829 0.936863 1
-0.388863 0.196504 0.919312 1
-0.363590 0.238788 0.922508 1
-0.390859 0.231528 0.920108 1
-0.427996 0.287407 0.986584 1
-0.399336 0.219260 0.924363 1
-0.387455 0.115646 0.935941 1
-0.372382 0.262906 0.919563 1
-0.360928 0.182548 0.924213 1
-0.364508 0.142268 0.933382 1
-0.429616 0.175226 0.986217 1
-0.367207 0.104311 0.940292 1
-0.387046 0.193109 0.918936 1
-0.350285 0.221988 0.935866 1
-0.357108 0.251732 0.927280 1
-0.374443 0.155948 0.924654 1
-0.380208 0.241047 0.918434 1
-0.352064 0.278753 0.945174 1
-0.354613 0.246185 0.985420 1
-0.351356 0.236765 0.934223 1
-0.394865 0.223619 0.921712 1
-0.373734 0.183138 0.918810 1
-0.368423 0.090624 0.939069 1
-0.395400 0.173976 0.922960 1
-0.360140 0.172967 0.926474 1
-0.385359 0.244475 0.918866 1
-0.394855 0.220288 0.921687 1
-0.346805 0.249942 0.958916 1
-0.372272 0.237955 0.919292 1
-0.367597 0.112911 0.941290 1
-0.362733 0.160005 0.928837 1
-0.401910 0.251507 0.926454 1
-0.381206 0.087971 0.985241 1
-0.395506 0.089767 0.985446 1
-0.350303 0.186547 0.935913 1
-0.372338 0.100472 0.936135 1
-0.385277 0.209624 0.918671 1
-0.383433 0.096912 0.934367 1
-0.374393 0.125358 0.932840 1
-0.409197 0.176334 0.935471 1
-0.348490 0.204346 0.940132 1
-0.401405 0.157364 0.933049 1
-0.358316 0.261429 0.926080 1
-0.374371 0.110706 0.936996 1
-0.362263 0.217358 0.923368 1
-0.376818 0.196277 0.918248 1
-0.404658 0.220342 0.928924 1
-0.397134 0.250602 0.923120 1
-0.391931 0.089762 0.985396 1
-0.363469 0.089798 0.948239 1
-0.355900 0.230288 0.928493 1
-0.373758 0.201382 0.918868 1
-0.361425 0.160168 0.929781 1
-0.347617 0.196331 0.942361 1
-0.346296 0.257371 0.948053 1
-0.360363 0.158761 0.931370 1
-0.349410 0.178512 0.938048 1
-0.370993 0.090424 0.937004 1
-0.405793 0.173911 0.931530 1
-0.426009 0.157419 0.986105 1
-0.349329 0.247829 0.937830 1
-0.363430 0.106891 0.948139 1
-0.357172 0.156210 0.936218 1
-0.369115 0.285415 0.928031 1
-0.351348 0.251926 0.934203 1
-0.369889 0.279713 0.925778 1
-0.352452 0.192629 0.932665 1
-0.383417 0.090166 0.934329 1
-0.399357 0.224274 0.924413 1
-0.383466 0.178067 0.918302 1
-0.385275 0.100323 0.934748 1
-0.396324 0.132671 0.936951 1
-0.376865 0.222806 0.918361 1
-0.358482 0.144918 0.939652 1
-0.404712 0.228751 0.929050 1
-0.367856 0.253264 0.920690 1
-0.390181 0.125566 0.934384 1
-0.364963 0.205344 0.921773 1
-0.348449 0.239929 0.940019 1
-0.380528 0.264463 0.919208 1
-0.364809 0.111920 0.947278 1
-0.389000 0.254633 0.919636 1
-0.381772 0.189644 0.918213 1
-0.372325 0.127070 0.985253 1
-0.367847 0.243294 0.920668 1
-0.355900 0.210190 0.928493 1
-0.360934 0.195888 0.924229 1
-0.398251 0.147345 0.933546 1
-0.364126 0.134330 0.936729 1
-0.348431 0.255177 0.939971 1
-0.357108 0.243368 0.927280 1
-0.368362 0.157869 0.926137 1
-0.357680 0.136381 0.951038 1
-0.385394 0.259416 0.918949 1
-0.355900 0.250386 0.928494 1
-0.369280 0.254762 0.920101 1
-0.381852 0.234412 0.918404 1
-0.347062 0.227624 0.959628 1
-0.377009 0.176490 0.918713 1
-0.389055 0.176692 0.919766 1
-0.348006 0.264621 0.943415 1
-0.375281 0.194682 0.918540 1
-0.367280 0.169065 0.923417 1
-0.346844 0.246510 0.959025 1
-0.361821 0.126850 0.943940 1
-0.350406 0.268956 0.940722 1
-0.360361 0.268389 0.927043 1
-0.348441 0.246706 0.939998 1
-0.375650 0.277365 0.923521 1
-0.374102 0.119961 0.985253 1
-0.398663 0.145811 0.934512 1
-0.390733 0.178360 0.919811 1
-0.367959 0.120961 0.937886 1
-0.374338 0.266436 0.920295 1
-0.353606 0.151546 0.949313 1
-0.417024 0.130709 0.985887 1
-0.374082 0.175014 0.919666 1
-0.391229 0.146606 0.928868 1
-0.347579 0.220105 0.942257 1
-0.366419 0.240125 0.921255 1
-0.369244 0.213249 0.920011 1
-0.368282 0.130626 0.934412 1
-0.346387 0.216385 0.948300 1
-0.394886 0.230281 0.921761 1
-0.369659 0.095587 0.937907 1
-0.366110 0.097686 0.941832 1
-0.357289 0.146819 0.940973 1
-0.346384 0.193390 0.952998 1
-0.374052 0.113989 0.936199 1
-0.360473 0.279808 0.931656 1
-0.372225 0.201449 0.919176 1
-0.363565 0.183863 0.922445 1
-0.356137 0.148745 0.942417 1
-0.359939 0.264734 0.925957 1
-0.358312 0.214653 0.926069 1
-0.373787 0.102095 0.935535 1
-0.357283 0.263569 0.927735 1
-0.373790 0.105471 0.935543 1
-0.380226 0.146241 0.926553 1
-0.381813 0.115471 0.934529 1
-0.399233 0.134773 0.939821 1
-0.346706 0.258516 0.958642 1
-0.427802 0.159203 0.986136 1
-0.415224 0.123589 0.985838 1
-0.381953 0.275439 0.922650 1
-0.383822 0.144665 0.927164 1
-0.362251 0.190702 0.923337 1
-0.360939 0.207561 0.924242 1
-0.379969 0.095203 0.934138 1
-0.346413 0.186530 0.953079 1
-0.374168 0.143138 0.928108 1
-0.384775 0.136641 0.929466 1
-0.354541 0.153889 0.942692 1
-0.346406 0.188245 0.953059 1
-0.396064 0.267656 0.924510 1
-0.360935 0.197555 0.924231 1
-0.362390 0.129849 0.940997 1
-0.392946 0.255041 0.921110 1
-0.381828 0.221146 0.918347 1
-0.346353 0.231757 0.948208 1
-0.352430 0.236355 0.932607 1
-0.393442 0.276495 0.926188 1
-0.373053 0.154395 0.925343 1
-0.380184 0.227779 0.918378 1
-0.354999 0.175401 0.930522 1
-0.386117 0.125341 0.932708 1
-0.383556 0.246039 0.918518 1
-0.369814 0.266764 0.921430 1
-0.390102 0.154537 0.926192 1
-0.376923 0.255976 0.918503 1
-0.375882 0.114631 0.985259 1
-0.346421 0.201010 0.948393 1
-0.382195 0.159040 0.923235 1
-0.363365 0.271480 0.926176 1
-0.404186 0.151675 0.939511 1
-0.359464 0.155740 0.933398 1
-0.363453 0.096636 0.948199 1
-0.350101 0.267026 0.939903 1
-0.368410 0.172146 0.922077 1
-0.354689 0.215497 0.929709 1
-0.378188 0.165405 0.921586 1
-0.373820 0.249489 0.919021 1
-0.381817 0.214513 0.918319 1
-0.376914 0.251000 0.918482 1
-0.422417 0.148513 0.986024 1
-0.363569 0.192184 0.922455 1
-0.369894 0.114269 0.938504 1
-0.362260 0.210694 0.923360 1
-0.373798 0.232899 0.918968 1
-0.352673 0.156073 0.956069 1
-0.366114 0.089192 0.941843 1
-0.405159 0.158173 0.937841 1
-0.359637 0.252831 0.925181 1
-0.346113 0.256793 0.952253 1
-0.389237 0.131987 0.932121 1
-0.357107 0.196534 0.927279 1
-0.408561 0.229973 0.934016 1
-0.350279 0.233801 0.935850 1
-0.381834 0.224462 0.918361 1
-0.346991 0.212287 0.945285 1
-0.355900 0.218564 0.928493 1
-0.387062 0.199747 0.918973 1
-0.358312 0.249733 0.926070 1
-0.347054 0.183333 0.945459 1
-0.394892 0.231947 0.921773 1
-0.362272 0.123599 0.945117 1
-0.390144 0.089760 0.985371 1
-0.363565 0.182198 0.922444 1
-0.368442 0.128997 0.934820 1
-0.429786 0.287414 0.986609 1
-0.362602 0.148911 0.932808 1
-0.353497 0.242662 0.930987 1
-0.399487 0.254370 0.924712 1
-0.392879 0.233401 0.920952 1
-0.351347 0.255295 0.934199 1
-0.404876 0.176871 0.929425 1
-0.394951 0.273042 0.925810 1
-0.379956 0.117104 0.934106 1
-0.368517 0.156264 0.926527 1
-0.354871 0.280339 0.939065 1
-0.362382 0.139378 0.936589 1
-0.357108 0.255077 0.927281 1
-0.431386 0.162771 0.986199 1
-0.431389 0.164550 0.986205 1
-0.398798 0.168047 0.926989 1
-0.381811 0.211197 0.918305 1
-0.348427 0.258565 0.939960 1
-0.373250 0.270170 0.921708 1
-0.378157 0.271774 0.921510 1
-0.388929 0.224733 0.919469 1
-0.364808 0.127810 0.938483 1
-0.359115 0.268709 0.928146 1
-0.357922 0.278758 0.933769 1
-0.400539 0.266747 0.927147 1
-0.377828 0.089150 0.941399 1
-0.397410 0.273586 0.927652 1
-0.359627 0.231129 0.925156 1
-0.399429 0.240992 0.924579 1
-0.366378 0.191912 0.921150 1
-0.357107 0.221624 0.927280 1
-0.381481 0.284650 0.925543 1
-0.351352 0.243503 0.934214 1
-0.362254 0.195700 0.923343 1
-0.369762 0.143377 0.929659 1
-0.368766 0.137732 0.985240 1
-0.388206 0.168749 0.921690 1
-0.389383 0.103892 0.936517 1
-0.396870 0.188867 0.922507 1
-0.366206 0.151678 0.929147 1
-0.375641 0.264524 0.919421 1
-0.404690 0.225387 0.929000 1
-0.404680 0.223705 0.928974 1
-0.366454 0.162776 0.925539 1
-0.367615 0.124229 0.937010 1
-0.391430 0.159410 0.925382 1
-0.356122 0.263950 0.929074 1
-0.361324 0.174404 0.925228 1
-0.376904 0.115516 0.934894 1
-0.380173 0.221146 0.918349 1
-0.389301 0.275929 0.924290 1
-0.347553 0.242182 0.942187 1
-0.368101 0.175326 0.921305 1
-0.367161 0.141991 0.931570 1
-0.360150 0.266561 0.926500 1
-0.363877 0.113872 0.949303 1
-0.384782 0.089753 0.985296 1
-0.394853 0.101048 0.941503 1
-0.354689 0.195372 0.929709 1
-0.369276 0.249780 0.920090 1
-0.399278 0.205891 0.924230 1
-0.385252 0.090201 0.934692 1
-0.399081 0.089771 0.985496 1
-0.363100 0.100432 0.951755 1
-0.381869 0.244363 0.918446 1
-0.380108 0.184671 0.918194 1
-0.366775 0.132376 0.934867 1
-0.381671 0.105317 0.934179 1
-0.387247 0.093648 0.935437 1
-0.346362 0.198535 0.952938 1
-0.346915 0.246336 0.945081 1
-0.362279 0.252346 0.923408 1
-0.347588 0.211613 0.942284 1
-0.370545 0.132401 0.985246 1
-0.367069 0.280110 0.927092 1
-0.369279 0.253101 0.920097 1
-0.348037 0.267655 0.948136 1
-0.366110 0.095987 0.941834 1
-0.408336 0.213008 0.933503 1
-0.358312 0.194607 0.926069 1
-0.379511 0.168579 0.920763 1
-0.358312 0.199619 0.926069 1
-0.370311 0.167264 0.922671 1
-0.429800 0.296322 0.986640 1
-0.380190 0.231096 0.918392 1
-0.390710 0.183327 0.919756 1
-0.352755 0.156305 0.947028 1
-0.366511 0.177022 0.921484 1
-0.364970 0.213661 0.921791 1
-0.399271 0.204220 0.924213 1
-0.388548 0.151241 0.926469 1
-0.363918 0.161462 0.927584 1
-0.376517 0.271790 0.921565 1
-0.402565 0.163884 0.931838 1
-0.350299 0.194986 0.935901 1
-0.348040 0.176147 0.943507 1
-0.385227 0.188057 0.918551 1
-0.390807 0.214903 0.919987 1
-0.394944 0.248607 0.921895 1
-0.398593 0.156920 0.930412 1
-0.372894 0.155998 0.924949 1
-0.376824 0.199592 0.918262 1
-0.354689 0.237298 0.929710 1
-0.378564 0.247682 0.918465 1
-0.360911 0.127129 0.946017 1
-0.372376 0.275742 0.923664 1
-0.378491 0.206224 0.918288 1
-0.374100 0.118184 0.985246 1
-0.387252 0.176627 0.919426 1
-0.355792 0.145900 0.946018 1
-0.346447 0.189049 0.948465 1
-0.408920 0.257156 0.934839 1
-0.413430 0.120028 0.985800 1
-0.390800 0.135309 0.931840 1
-0.383525 0.232766 0.918444 1
-0.373786 0.222945 0.918937 1
-0.348433 0.253483 0.939977 1
-0.361706 0.145863 0.934843 1
-0.348492 0.202651 0.940137 1
-0.383552 0.244380 0.918509 1
-0.362516 0.264178 0.924011 1
-0.380397 0.144634 0.926969 1
-0.346428 0.197592 0.948414 1
-0.391688 0.095596 0.937992 1
-0.386590 0.167107 0.921802 1
-0.355126 0.146329 0.948798 1
-0.358130 0.168581 0.929936 1
-0.376577 0.165428 0.921713 1
-0.362730 0.136129 0.937487 1
-0.400910 0.169906 0.928007 1
-0.346443 0.190758 0.948455 1
-0.365924 0.110033 0.945743 1
-0.363592 0.242117 0.922512 1
-0.359604 0.179385 0.925097 1
-0.349400 0.186967 0.938021 1
-0.386467 0.089185 0.941762 1
-0.353855 0.272781 0.936377 1
-0.357108 0.253404 0.927280 1
-0.355900 0.223589 0.928493 1
-0.365011 0.261910 0.921895 1
-0.354274 0.151100 0.946523 1
-0.347575 0.223502 0.942246 1
-0.378543 0.236072 0.918415 1
-0.378331 0.098585 0.934255 1
-0.370738 0.238035 0.919599 1
-0.407910 0.180826 0.932530 1
-0.387672 0.128663 0.932402 1
-0.362264 0.219024 0.923370 1
-0.365009 0.258582 0.921888 1
-0.372278 0.242934 0.919307 1
-0.385351 0.241155 0.918847 1
-0.350305 0.183171 0.935917 1
-0.360956 0.245917 0.924286 1
-0.363432 0.157280 0.985234 1
-0.372242 0.214723 0.919218 1
-0.390813 0.216565 0.919999 1
-0.370663 0.179942 0.919415 1
-0.369732 0.115912 0.938093 1
-0.367844 0.239971 0.920661 1
-0.399647 0.176045 0.925082 1
-0.351345 0.258664 0.934194 1
-0.346105 0.258506 0.952233 1
-0.376838 0.207882 0.918298 1
-0.390869 0.234853 0.920132 1
-0.363563 0.178870 0.922440 1
-0.404734 0.232115 0.929100 1
-0.390730 0.189973 0.919805 1
-0.349380 0.203876 0.937968 1
-0.376830 0.202908 0.918276 1
-0.378342 0.107014 0.934282 1
-0.369248 0.218230 0.920022 1
-0.375361 0.256041 0.918734 1
-0.355900 0.260435 0.928494 1
-0.401573 0.194525 0.925676 1
-0.380205 0.239388 0.918427 1
-0.550739 0.424502 1.372225 1
-0.399415 0.237648 0.924546 1
-0.351368 0.213180 0.934255 1
-0.357108 0.260095 0.927281 1
-0.347624 0.192936 0.942381 1
-0.370678 0.191558 0.919452 1
-0.390161 0.112563 0.938389 1
-0.372335 0.097094 0.936127 1
-0.418820 0.136050 0.985931 1
-0.349821 0.175334 0.939151 1
-0.364966 0.208671 0.921780 1
-0.383917 0.264513 0.919382 1
-0.359629 0.234468 0.925160 1
-0.351367 0.214865 0.934252 1
-0.395935 0.170877 0.924210 1
-0.411595 0.088008 0.985664 1
-0.401726 0.222995 0.926028 1
-0.381846 0.231095 0.918389 1
-0.388827 0.181563 0.919229 1
-0.354689 0.188664 0.929708 1
-0.377009 0.130148 0.930990 1
-0.387447 0.130270 0.931861 1
-0.365054 0.089349 0.943494 1
-0.364325 0.112829 0.954967 1
-0.350276 0.240551 0.935841 1
-0.346289 0.260785 0.948033 1
-0.560780 0.408381 1.320114 1
-0.380164 0.216172 0.918328 1
-0.369250 0.219890 0.920026 1
-0.380951 0.123620 0.932417 1
-0.346864 0.244794 0.959080 1
-0.555492 0.419354 1.347724 1
-0.365492 0.088997 0.958027 1
-0.379339 0.280961 0.924391 1
-0.372263 0.231317 0.919271 1
-0.346310 0.210536 0.952797 1
-0.350274 0.245613 0.935834 1
-0.390715 0.184988 0.919768 1
-0.373749 0.194747 0.918847 1
-0.367983 0.109630 0.942279 1
-0.373371 0.151186 0.926131 1
-0.396970 0.212217 0.922739 1
-0.379960 0.090146 0.934116 1
-0.362251 0.189036 0.923335 1
-0.362262 0.164817 0.927631 1
-0.348514 0.184009 0.940196 1
-0.375298 0.207947 0.918582 1
-0.378552 0.241047 0.918437 1
-0.350761 0.174958 0.937137 1
-0.375129 0.133435 0.930492 1
-0.351485 0.270178 0.939071 1
-0.431588 0.294548 0.986659 1
-0.346455 0.185631 0.948486 1
-0.363870 0.118450 0.944840 1
-0.428004 0.292751 0.986603 1
-0.404833 0.247258 0.929327 1
-0.404442 0.088000 0.985564 1
-0.378482 0.201250 0.918267 1
-0.385285 0.212943 0.918690 1
-0.368269 0.278080 0.925904 1
-0.392951 0.256706 0.921122 1
-0.378450 0.183014 0.918189 1
-0.354689 0.203758 0.929709 1
-0.394933 0.245274 0.921870 1
-0.353525 0.187259 0.931061 1
-0.375358 0.254382 0.918729 1
-0.367834 0.228339 0.920636 1
-0.383421 0.091853 0.934339 1
-0.363617 0.139204 0.935419 1
-0.353494 0.249377 0.930979 1
-0.348425 0.260259 0.939955 1
-0.346171 0.243093 0.952414 1
-0.557010 0.414435 1.339681 1
-0.355900 0.211865 0.928493 1
-0.368476 0.116049 0.939204 1
-0.376764 0.091873 0.934547 1
-0.362940 0.267825 0.925092 1
-0.375266 0.183077 0.918503 1
-0.373966 0.160747 0.923475 1
-0.408718 0.241860 0.934376 1
-0.375401 0.146315 0.927020 1
-0.352449 0.199356 0.932656 1
-0.375237 0.107090 0.934945 1
-0.364626 0.167711 0.925136 1
-0.385256 0.091888 0.934701 1
-0.375305 0.212921 0.918598 1
-0.394985 0.261938 0.921992 1
-0.366455 0.135630 0.934052 1
-0.385223 0.186398 0.918542 1
-0.358378 0.282486 0.934958 1
-0.370701 0.209815 0.919510 1
-0.371292 0.266632 0.920974 1
-0.378725 0.144635 0.926970 1
-0.387097 0.273882 0.923011 1
-0.382537 0.155849 0.924062 1
-0.364994 0.241944 0.921852 1
-0.388353 0.089088 0.959004 1
-0.351697 0.279818 0.948783 1
-0.369247 0.216570 0.920018 1
-0.399200 0.187515 0.924047 1
-0.364946 0.185383 0.921730 1
-0.383410 0.179698 0.918168 1
-0.380176 0.222804 0.918356 1
-0.362044 0.142623 0.935715 1
-0.348445 0.243318 0.940009 1
-0.373805 0.237876 0.918984 1
-0.347201 0.215594 0.960011 1
-0.351840 0.265779 0.935512 1
-0.396863 0.187200 0.922490 1
-0.354689 0.255745 0.929710 1
-0.359105 0.140076 0.941283 1
-0.363299 0.131262 0.938960 1
-0.350302 0.188235 0.935910 1
-0.399508 0.259388 0.924762 1
-0.399076 0.144275 0.935480 1
-0.375363 0.257699 0.918740 1
-0.347399 0.198390 0.960560 1
-0.346470 0.178795 0.948527 1
-0.366664 0.175433 0.921870 1
-0.380135 0.199591 0.918257 1
-0.561521 0.407192 1.316269 1
-0.358313 0.254745 0.926072 1
-0.388980 0.246326 0.919590 1
-0.559285 0.410781 1.327872 1
-0.366392 0.208536 0.921186 1
-0.375236 0.105403 0.934941 1
-0.362269 0.230686 0.923383 1
-0.347598 0.204819 0.942310 1
-0.360936 0.200891 0.924234 1
-0.355880 0.158075 0.937263 1
-0.384482 0.123674 0.932823 1
-0.347123 0.175704 0.950315 1
-0.386625 0.283080 0.925868 1
-0.346934 0.237825 0.945132 1
-0.376885 0.234414 0.918411 1
-0.381872 0.246022 0.918453 1
-0.367207 0.094134 0.940292 1
-0.372197 0.179881 0.919107 1
-0.363363 0.153569 0.930449 1
-0.362265 0.220690 0.923372 1
-0.347380 0.200111 0.960505 1
-0.366431 0.253427 0.921283 1
-0.375300 0.209605 0.918587 1
-0.354631 0.260418 0.985469 1
-0.376848 0.131771 0.930592 1
-0.383003 0.166993 0.921173 1
-0.346308 0.252249 0.948084 1
-0.363278 0.142445 0.934547 1
-0.350334 0.178121 0.935995 1
-0.359640 0.259508 0.925189 1
-0.349402 0.185276 0.938026 1
-0.347549 0.245579 0.942176 1
-0.409809 0.089785 0.985645 1
-0.397904 0.285178 0.932731 1
-0.359396 0.132319 0.946522 1
-0.367793 0.180160 0.920532 1
-0.383487 0.216177 0.918352 1
-0.370704 0.211475 0.919515 1
-0.390843 0.226540 0.920071 1
-0.374530 0.109062 0.937395 1
-0.349362 0.219092 0.937920 1
-0.380226 0.250999 0.918477 1
-0.371173 0.128774 0.933207 1
-0.353108 0.172761 0.934399 1
-0.360950 0.232575 0.924271 1
-0.378695 0.160633 0.922823 1
-0.390699 0.180004 0.919732 1
-0.353661 0.160292 0.940352 1
-0.367007 0.267141 0.922732 1
-0.358312 0.221335 0.926070 1
-0.380240 0.259292 0.918512 1
-0.392863 0.228409 0.920915 1
-0.380217 0.246023 0.918456 1
-0.378468 0.115479 0.934593 1
-0.354620 0.251522 0.985438 1
-0.352436 0.224583 0.932623 1
-0.380153 0.178068 0.918303 1
-0.388866 0.198164 0.919321 1
-0.361538 0.147481 0.934407 1
-0.364637 0.129442 0.938044 1
-0.398236 0.158456 0.929579 1
-0.364978 0.126176 0.938922 1
-0.376777 0.101991 0.934579 1
-0.369846 0.172041 0.921512 1
-0.383420 0.117133 0.934335 1
-0.376418 0.167020 0.921323 1
-0.396913 0.198872 0.922606 1
-0.351344 0.279185 0.952464 1
-0.374279 0.089032 0.958402 1
-0.390447 0.110951 0.939077 1
-0.350330 0.262536 0.935985 1
-0.369233 0.199966 0.919983 1
-0.387206 0.261177 0.919316 1
-0.355900 0.208515 0.928493 1
-0.394907 0.236944 0.921809 1
-0.357593 0.139111 0.946270 1
-0.397027 0.225564 0.922871 1
-0.388224 0.281358 0.925697 1
-0.359627 0.229460 0.925155 1
-0.366972 0.172252 0.922643 1
-0.347629 0.262634 0.942394 1
-0.366935 0.130747 0.935275 1
-0.377980 0.120381 0.933389 1
-0.370721 0.224755 0.919557 1
-0.359610 0.191069 0.925111 1
-0.346726 0.256802 0.958697 1
-0.359618 0.209429 0.925132 1
-0.357108 0.238351 0.927280 1
-0.348476 0.216208 0.940094 1
-0.346288 0.215678 0.952736 1
-0.552356 0.424416 1.363995 1
-0.373759 0.131866 0.931261 1
-0.375285 0.197998 0.918550 1
-0.371934 0.285010 0.926714 1
-0.396221 0.169333 0.924877 1
-0.351849 0.167022 0.940043 1
-0.381867 0.242705 0.918439 1
-0.364678 0.140650 0.933816 1
-0.352428 0.241400 0.932600 1
-0.388898 0.211448 0.919395 1
-0.363109 0.132886 0.938468 1
-0.355900 0.205166 0.928493 1
-0.352943 0.159037 0.942967 1
-0.355791 0.286161 0.941500 1
-0.401566 0.192852 0.925659 1
-0.392915 0.245053 0.921037 1
-0.381283 0.089164 0.941544 1
-0.351601 0.159037 0.953163 1
-0.354689 0.183633 0.929708 1
-0.366387 0.201887 0.921172 1
-0.362498 0.121970 0.945706 1
-0.387223 0.131874 0.931321 1
-0.384975 0.165464 0.921915 1
-0.346347 0.201964 0.952897 1
-0.346785 0.251657 0.958861 1
-0.364976 0.220316 0.921805 1
-0.348423 0.261953 0.939950 1
-0.375313 0.219554 0.918619 1
-0.357471 0.275042 0.932591 1
-0.350294 0.205112 0.935888 1
-0.560056 0.411982 1.324032 1
-0.380473 0.112201 0.935376 1
-0.381766 0.186329 0.918198 1
-0.364000 0.147113 0.932080 1
-0.355406 0.268025 0.931589 1
-0.363594 0.247111 0.922518 1
-0.350272 0.248988 0.935830 1
-0.357733 0.143603 0.942142 1
-0.360784 0.272053 0.928131 1
-0.383437 0.273646 0.922216 1
-0.372812 0.141585 0.928902 1
-0.367820 0.211725 0.920600 1
-0.349372 0.210639 0.937947 1
-0.352455 0.185901 0.932674 1
-0.369450 0.146607 0.928874 1
-0.352444 0.209447 0.932643 1
-0.374999 0.284799 0.926027 1
-0.367071 0.117836 0.939943 1
-0.365240 0.114936 0.943976 1
-0.367837 0.231663 0.920643 1
-0.395398 0.275023 0.926858 1
-0.381980 0.176490 0.918711 1
-0.346281 0.217392 0.952716 1
-0.353529 0.180543 0.931070 1
-0.373601 0.133489 0.930867 1
-0.388874 0.201485 0.919340 1
-0.388786 0.135193 0.931041 1
-0.349325 0.251209 0.937819 1
-0.370746 0.244676 0.919621 1
-0.367207 0.095830 0.940292 1
-0.358440 0.263190 0.926401 1
-0.353526 0.185580 0.931063 1
-0.366410 0.228487 0.921229 1
-0.347559 0.237088 0.942203 1
-0.350581 0.264414 0.936655 1
-0.360995 0.273887 0.928676 1
-0.376917 0.252659 0.918489 1
-0.354689 0.227236 0.929709 1
-0.399759 0.281936 0.933136 1
-0.401652 0.177863 0.925859 1
-0.404548 0.203530 0.928672 1
-0.364954 0.195363 0.921751 1
-0.392889 0.236730 0.920976 1
-0.347353 0.176663 0.946272 1
-0.380528 0.277278 0.923231 1
-0.380263 0.130112 0.930734 1
-0.404888 0.255675 0.929453 1
-0.367804 0.193450 0.920561 1
-0.380158 0.212855 0.918314 1
-0.391725 0.104065 0.938080 1
-0.371366 0.141672 0.929477 1
-0.353427 0.155848 0.944258 1
-0.373417 0.120539 0.934608 1
-0.373730 0.179821 0.918800 1
-0.350301 0.189922 0.935908 1
-0.364159 0.103193 0.945589 1
-0.349343 0.235997 0.937867 1
-0.375507 0.113918 0.935616 1
-0.378508 0.216172 0.918331 1
-0.393843 0.267280 0.923212 1
-0.354108 0.274666 0.937048 1
-0.389429 0.159274 0.924594 1
-0.387034 0.188130 0.918908 1
-0.408695 0.240161 0.934325 1
-0.362260 0.209028 0.923358 1
-0.364944 0.183719 0.921726 1
-0.363144 0.118173 0.956394 1
-0.355900 0.188417 0.928492 1
-0.391929 0.087984 0.985390 1
-0.347028 0.195257 0.945388 1
-0.358107 0.148153 0.938668 1
-0.378340 0.105329 0.934277 1
-0.358312 0.196278 0.926069 1
-0.355900 0.228613 0.928493 1
-0.364584 0.110662 0.951149 1
-0.356428 0.162626 0.934267 1
-0.422649 0.303417 0.986565 1
-0.353493 0.251056 0.930976 1
-0.393932 0.143630 0.931297 1
-0.380231 0.254316 0.918491 1
-0.381715 0.273604 0.922074 1
-0.362076 0.271766 0.927152 1
-0.352418 0.261580 0.932574 1
-0.359086 0.278355 0.932417 1
-0.394792 0.095939 0.941359 1
-0.385641 0.174990 0.919538 1
-0.354690 0.260776 0.929710 1
-0.346293 0.259078 0.948043 1
-0.391681 0.093902 0.937975 1
-0.353495 0.247698 0.930981 1
-0.390294 0.281647 0.926648 1
-0.367859 0.256588 0.920697 1
-0.348715 0.263869 0.940736 1
-0.386880 0.149571 0.926478 1
-0.360952 0.235911 0.924275 1
-0.401100 0.139919 0.940223 1
-0.362247 0.180707 0.923326 1
-0.392775 0.200124 0.920709 1
-0.346193 0.237954 0.952474 1
-0.346252 0.224247 0.952635 1
-0.354689 0.220528 0.929709 1
-0.378549 0.239389 0.918430 1
-0.371000 0.175125 0.920250 1
-0.401758 0.228025 0.926103 1
-0.348508 0.189093 0.940180 1
-0.390936 0.256474 0.920290 1
-0.378666 0.176490 0.918712 1
-0.381243 0.282804 0.924964 1
-0.387015 0.179833 0.918862 1
-0.408112 0.196062 0.932991 1
-0.372285 0.247913 0.919323 1
-0.356253 0.154856 0.938244 1
-0.386555 0.122114 0.933766 1
-0.388110 0.268436 0.921463 1
-0.347479 0.191503 0.960779 1
-0.351384 0.179484 0.934299 1
-0.392962 0.260036 0.921146 1
-0.352439 0.219538 0.932629 1
-0.382995 0.089751 0.985272 1
-0.393434 0.159546 0.926171 1
-0.392728 0.185155 0.920599 1
-0.358312 0.201289 0.926069 1
-0.395178 0.284427 0.930274 1
-0.374234 0.126987 0.932445 1
-0.351363 0.223288 0.934241 1
-0.399029 0.279740 0.931430 1
-0.366384 0.124384 0.938184 1
-0.354689 0.235621 0.929710 1
-0.381805 0.207881 0.918290 1
-0.371508 0.268450 0.921511 1
-0.356242 0.164225 0.933781 1
-0.359630 0.236137 0.925162 1
-0.429597 0.162766 0.986174 1
-0.346953 0.229313 0.945183 1
-0.381831 0.222804 0.918354 1
-0.367801 0.135506 0.933192 1
-0.408988 0.262258 0.934993 1
-0.401693 0.217967 0.925953 1
-0.431566 0.280295 0.986609 1
-0.388120 0.154413 0.925448 1
-0.377114 0.144658 0.927119 1
-0.352425 0.246445 0.932594 1
-0.380132 0.197933 0.918250 1
-0.365004 0.253591 0.921878 1
-0.369261 0.233174 0.920054 1
-0.401639 0.209587 0.925828 1
-0.362248 0.182373 0.923328 1
-0.346223 0.231101 0.952555 1
-0.394881 0.228615 0.921748 1
-0.408024 0.091561 0.985626 1
-0.348496 0.199262 0.940148 1
-0.387097 0.214685 0.919056 1
-0.348595 0.173019 0.945013 1
-0.392910 0.243388 0.921025 1
-0.371995 0.135195 0.931050 1
-0.372261 0.162396 0.923377 1
-0.362771 0.147297 0.933242 1
-0.373924 0.176598 0.919277 1
-0.367803 0.191789 0.920557 1
-0.359621 0.216106 0.925139 1
-0.363603 0.164666 0.926782 1
-0.364956 0.197026 0.921755 1
-0.374071 0.096850 0.985172 1
-0.348429 0.256871 0.939966 1
-0.360957 0.247585 0.924288 1
-0.354689 0.197049 0.929709 1
-0.367841 0.236647 0.920654 1
-0.367847 0.274426 0.924844 1
-0.390910 0.248158 0.920229 1
-0.369657 0.090511 0.937901 1
-0.391682 0.143421 0.929943 1
-0.352740 0.175949 0.933427 1
-0.351325 0.274765 0.943189 1
-0.367491 0.283780 0.928157 1
-0.378323 0.091842 0.934234 1
-0.365035 0.104660 0.943446 1
-0.381314 0.089060 0.958703 1
-0.395503 0.135770 0.935011 1
-0.362266 0.224022 0.923375 1
-0.357879 0.137514 0.947027 1
-0.378476 0.197934 0.918253 1
-0.357546 0.152992 0.937197 1
-0.407978 0.185903 0.932683 1
-0.380360 0.160633 0.922822 1
-0.431397 0.169890 0.986224 1
-0.382585 0.139807 0.928220 1
-0.426015 0.160978 0.986118 1
-0.347499 0.189781 0.960834 1
-0.368672 0.154658 0.926918 1
-0.385164 0.163882 0.922369 1
-0.357107 0.203225 0.927279 1
-0.388574 0.122219 0.934570 1
-0.364157 0.104898 0.945584 1
-0.376309 0.282858 0.925142 1
-0.387455 0.144773 0.927856 1
-0.358520 0.133263 0.953273 1
-0.390952 0.261464 0.920326 1
-0.369217 0.181704 0.919943 1
-0.364973 0.216989 0.921798 1
-0.373331 0.167126 0.921909 1
-0.387136 0.231287 0.919149 1
-0.375277 0.191366 0.918529 1
-0.361768 0.121162 0.952769 1
-0.360311 0.147668 0.935597 1
-0.402657 0.089776 0.985545 1
-0.386781 0.165526 0.922257 1
-0.401737 0.224672 0.926053 1
-0.383494 0.219495 0.918370 1
-0.413386 0.089789 0.985695 1
-0.353504 0.229232 0.931005 1
-0.355900 0.221914 0.928493 1
-0.383479 0.212860 0.918333 1
-0.363800 0.263901 0.923041 1
-0.397169 0.258951 0.923203 1
-0.359634 0.246153 0.925174 1
-0.382847 0.122006 0.932938 1
-0.390531 0.165705 0.923256 1
-0.352067 0.165429 0.940626 1
-0.369227 0.193325 0.919968 1
-0.357108 0.240023 0.927280 1
-0.367702 0.285618 0.928691 1
-0.352713 0.277921 0.942351 1
-0.382880 0.152652 0.924890 1
-0.385060 0.284828 0.926121 1
-0.348482 0.211124 0.940110 1
-0.360020 0.276099 0.930483 1
-0.372341 0.146426 0.927727 1
-0.354689 0.249037 0.929710 1
-0.359609 0.189400 0.925109 1
-0.390874 0.236516 0.920144 1
-0.388949 0.233038 0.919516 1
-0.370859 0.132029 0.932416 1
-0.354689 0.207112 0.929709 1
-0.373917 0.130241 0.931655 1
-0.366402 0.220174 0.921211 1
-0.358182 0.270943 0.930070 1
-0.349374 0.208948 0.937952 1
-0.371089 0.159277 0.924609 1
-0.370725 0.228075 0.919568 1
-0.422420 0.150293 0.986030 1
-0.381881 0.250998 0.918474 1
-0.384739 0.089178 0.941689 1
-0.360451 0.169772 0.927276 1
-0.375354 0.251065 0.918719 1
-0.549145 0.429603 1.380664 1
-0.424431 0.298081 0.986572 1
-0.369006 0.089011 0.958176 1
-0.404526 0.200169 0.928622 1
-0.347002 0.207178 0.945316 1
-0.408090 0.194368 0.932939 1
-0.401269 0.268909 0.928838 1
-0.383425 0.093539 0.934348 1
-0.357107 0.191517 0.927279 1
-0.366798 0.265325 0.922206 1
-0.386780 0.120500 0.934309 1
-0.348506 0.190788 0.940174 1
-0.399087 0.166496 0.927661 1
-0.383583 0.257655 0.918583 1
-0.391695 0.097289 0.938008 1
-0.392899 0.240059 0.921000 1
-0.376737 0.163835 0.922104 1
-0.347006 0.205475 0.945326 1
-0.348518 0.180619 0.940206 1
-0.384305 0.155889 0.924304 1
-0.368052 0.161075 0.925358 1
-0.360961 0.257591 0.924299 1
-0.408516 0.226579 0.933914 1
-0.372159 0.273915 0.923125 1
-0.392832 0.218424 0.920842 1
-0.350290 0.211862 0.935879 1
-0.389875 0.114172 0.937701 1
-0.377910 0.282807 0.924974 1
-0.399314 0.214246 0.924313 1
-0.363587 0.232130 0.922501 1
-0.355900 0.190092 0.928492 1
-0.353481 0.277190 0.939875 1
-0.373173 0.168717 0.921518 1
-0.389011 0.259617 0.919664 1
-0.369238 0.206608 0.919997 1
-0.392484 0.125764 0.935855 1
-0.349319 0.256280 0.937803 1
-0.347909 0.173527 0.947787 1
-0.394959 0.253605 0.921931 1
-0.360953 0.237579 0.924277 1
-0.404460 0.178364 0.928470 1
-0.371871 0.151255 0.926556 1
-0.399753 0.163421 0.929208 1
-0.355900 0.248711 0.928494 1
-0.399458 0.247681 0.924646 1
-0.347609 0.199727 0.942340 1
-0.381864 0.241046 0.918432 1
-0.376844 0.211198 0.918312 1
-0.367126 0.170659 0.923030 1
-0.358295 0.146537 0.939160 1
-0.373771 0.211334 0.918900 1
-0.369028 0.165771 0.923625 1
-0.381947 0.262640 0.918632 1
-0.354099 0.285839 0.946056 1
-0.349335 0.242758 0.937846 1
-0.352421 0.254853 0.932583 1
-0.370697 0.206496 0.919499 1
-0.353846 0.175662 0.931906 1
-0.351376 0.196332 0.934277 1
-0.366295 0.137255 0.933645 1
-0.380211 0.242705 0.918441 1
-0.366843 0.145226 0.930760 1
-0.393640 0.132337 0.934593 1
-0.373778 0.091968 0.935513 1
-0.350271 0.250676 0.935827 1
-0.383431 0.191301 0.918217 1
-0.347547 0.247277 0.942171 1
-0.376853 0.216173 0.918333 1
-0.356128 0.281688 0.937916 1
-0.375827 0.110637 0.936412 1
-0.391625 0.130542 0.933807 1
-0.346318 0.208822 0.952817 1
-0.376133 0.303218 0.985917 1
-0.366300 0.164376 0.925150 1
-0.377438 0.279120 0.923818 1
-0.383452 0.201250 0.918268 1
-0.366615 0.134004 0.934459 1
-0.369144 0.135381 0.932333 1
-0.367811 0.201756 0.920579 1
-0.353524 0.190617 0.931056 1
-0.370686 0.178294 0.919471 1
-0.380111 0.186329 0.918201 1
-0.372857 0.171896 0.920737 1
-0.372252 0.223020 0.919244 1
-0.389026 0.118986 0.935658 1
-0.408785 0.246957 0.934530 1
-0.377513 0.171748 0.919942 1
-0.355900 0.236988 0.928493 1
-0.404592 0.210254 0.928773 1
-0.350279 0.235489 0.935848 1
-0.392827 0.216761 0.920830 1
-0.379172 0.171748 0.919941 1
-0.378320 0.090157 0.934229 1
-0.375991 0.155899 0.924359 1
-0.364339 0.143884 0.932947 1
-0.349337 0.241068 0.937851 1
-0.543284 0.436408 1.410712 1
-0.346354 0.200250 0.952918 1
-0.382354 0.110570 0.935853 1
-0.363956 0.135956 0.936292 1
-0.354690 0.259099 0.929710 1
-0.346893 0.256547 0.945019 1
-0.393635 0.089109 0.959229 1
-0.363004 0.118724 0.947026 1
-0.394732 0.090831 0.941216 1
-0.349404 0.183585 0.938032 1
-0.396991 0.217222 0.922788 1
-0.362261 0.212360 0.923362 1
-0.359614 0.201083 0.925122 1
-0.357107 0.206570 0.927279 1
-0.359775 0.135235 0.943040 1
-0.378517 0.221147 0.918352 1
-0.399243 0.197538 0.924147 1
-0.364953 0.193699 0.921748 1
-0.365414 0.159712 0.927137 1
-0.365075 0.286185 0.930535 1
-0.378538 0.232755 0.918401 1
-0.369168 0.109477 0.940967 1
-0.372102 0.163991 0.922985 1
-0.394772 0.094236 0.941312 1
-0.381342 0.166993 0.921173 1
-0.374341 0.279297 0.924402 1
-0.431411 0.178791 0.986255 1
-0.408381 0.216400 0.933606 1
-0.370761 0.256298 0.919657 1
-0.358312 0.204630 0.926069 1
-0.365839 0.169169 0.923985 1
-0.366589 0.263512 0.921680 1
-0.365158 0.124544 0.939385 1
-0.367588 0.165873 0.924193 1
-0.348435 0.251789 0.939982 1
-0.359090 0.131123 0.950230 1
-0.402002 0.271079 0.930534 1
-0.351630 0.176237 0.934953 1
-0.404625 0.215297 0.928849 1
-0.378243 0.133350 0.929895 1
-0.403306 0.171887 0.929672 1
-0.358863 0.173158 0.927493 1
-0.385267 0.096949 0.934729 1
-0.372027 0.149647 0.926946 1
-0.348830 0.268659 0.945650 1
-0.388886 0.206466 0.919367 1
-0.348251 0.173693 0.958135 1
-0.378570 0.250999 0.918479 1
-0.352438 0.221220 0.932627 1
-0.362277 0.247348 0.923402 1
-0.346409 0.206135 0.948362 1
-0.394306 0.167559 0.924297 1
-0.375270 0.186393 0.918514 1
-0.359994 0.285803 0.934776 1
-0.346765 0.253372 0.958806 1
-0.378523 0.224463 0.918366 1
-0.347009 0.203772 0.945337 1
-0.366434 0.256753 0.921291 1
-0.380606 0.126869 0.931574 1
-0.347621 0.194634 0.942371 1
-0.388839 0.186543 0.919256 1
-0.362265 0.222356 0.923373 1
-0.394946 0.177102 0.921901 1
-0.358648 0.152742 0.935664 1
-0.390740 0.193296 0.919829 1
-0.348480 0.212819 0.940105 1
-0.370740 0.239695 0.919605 1
-0.397073 0.177309 0.922979 1
-0.366107 0.102782 0.941826 1
-0.354693 0.149299 0.956865 1
-0.376867 0.224464 0.918368 1
-0.359398 0.146296 0.937620 1
-0.381764 0.184671 0.918191 1
-0.361258 0.161770 0.929350 1
-0.384674 0.122052 0.933288 1
-0.379784 0.118735 0.933683 1
-0.379066 0.141417 0.927804 1
-0.347854 0.177831 0.961816 1
-0.354689 0.217174 0.929709 1
-0.364986 0.231961 0.921831 1
-0.376897 0.162241 0.922496 1
-0.385316 0.226218 0.918764 1
-0.374211 0.112348 0.936597 1
-0.429607 0.169886 0.986199 1
-0.355900 0.186743 0.928492 1
-0.388953 0.234698 0.919525 1
-0.349358 0.222473 0.937909 1
-0.408763 0.245258 0.934479 1
-0.388996 0.252972 0.919627 1
-0.347608 0.266929 0.951644 1
-0.365658 0.143742 0.932021 1
-0.378338 0.103643 0.934272 1
-0.385219 0.184740 0.918533 1
-0.383541 0.239402 0.918481 1
-0.388988 0.249649 0.919608 1
-0.363577 0.208828 0.922474 1
-0.408021 0.089782 0.985620 1
-0.381793 0.201249 0.918262 1
-0.346942 0.234420 0.945152 1
-0.346376 0.195105 0.952978 1
-0.361344 0.122737 0.951651 1
-0.349360 0.220782 0.937915 1
-0.400869 0.089773 0.985520 1
-0.354399 0.170886 0.933361 1
-0.347545 0.248975 0.942166 1
-0.401747 0.226348 0.926078 1
-0.399286 0.207562 0.924247 1
-0.380220 0.247681 0.918463 1
-0.366917 0.157967 0.926708 1
-0.381986 0.113837 0.934952 1
-0.361652 0.268107 0.926066 1
-0.349153 0.169881 0.946524 1
-0.401682 0.216291 0.925928 1
-0.355900 0.231963 0.928493 1
-0.384785 0.167045 0.921461 1
-0.375860 0.266338 0.919956 1
-0.362258 0.205696 0.923354 1
-0.356686 0.140096 0.952966 1
-0.371646 0.123882 0.934396 1
-0.404559 0.205211 0.928698 1
-0.362433 0.150523 0.932375 1
-0.361146 0.131712 0.942179 1
-0.353492 0.254413 0.930972 1
-0.393383 0.089212 0.942051 1
-0.347360 0.201832 0.960450 1
-0.366369 0.181939 0.921129 1
-0.394938 0.246940 0.921882 1
-0.390849 0.228202 0.920084 1
-0.378629 0.275442 0.922660 1
-0.360763 0.166571 0.928079 1
-0.392109 0.268898 0.923050 1
-0.400687 0.133562 0.943245 1
-0.359639 0.256169 0.925185 1
-0.370896 0.146517 0.928300 1
-0.379129 0.108926 0.936226 1
-0.385354 0.162298 0.922824 1
-0.372276 0.241275 0.919302 1
-0.396296 0.278999 0.928961 1
-0.349825 0.274187 0.953006 1
-0.399343 0.220931 0.924379 1
-0.362282 0.259011 0.923415 1
-0.371508 0.281344 0.925652 1
-0.378494 0.207882 0.918295 1
-0.546662 0.431046 1.393380 1
-0.375229 0.096969 0.934923 1
-0.381808 0.209539 0.918297 1
-0.378558 0.244365 0.918451 1
-0.394751 0.186987 0.921444 1
-0.431405 0.175231 0.986242 1
-0.384596 0.168624 0.921007 1
-0.363114 0.097002 0.951793 1
-0.347859 0.266721 0.957057 1
-0.367207 0.097526 0.940292 1
-0.561542 0.409582 1.316319 1
-0.374993 0.271891 0.921905 1
-0.370272 0.123986 0.935181 1
-0.372240 0.213064 0.919213 1
-0.397055 0.232240 0.922938 1
-0.366424 0.245113 0.921265 1
-0.401631 0.207913 0.925809 1
-0.365936 0.282198 0.928460 1
-0.357108 0.248386 0.927280 1
-0.373741 0.188113 0.918826 1
-0.390802 0.213240 0.919974 1
-0.358312 0.241380 0.926070 1
-0.392079 0.168985 0.922980 1
-0.367831 0.225016 0.920629 1
-0.352724 0.160638 0.942380 1
-0.429591 0.159207 0.986161 1
-0.378485 0.202908 0.918274 1
-0.376761 0.090187 0.934541 1
-0.354603 0.270375 0.933900 1
-0.357108 0.261768 0.927281 1
-0.388554 0.283268 0.926484 1
-0.349712 0.166733 0.948040 1
-0.382546 0.108937 0.936321 1
-0.377674 0.280962 0.924396 1
-0.547510 0.432244 1.389152 1
-0.378447 0.181357 0.918182 1
-0.366109 0.099385 0.941830 1
-0.372812 0.279400 0.924745 1
-0.361253 0.139594 0.938044 1
-0.356108 0.273606 0.933429 1
-0.379344 0.268114 0.920357 1
-0.388015 0.170328 0.921236 1
-0.347551 0.243880 0.942182 1
-0.363580 0.215485 0.922482 1
-0.369571 0.117552 0.937682 1
-0.402527 0.154429 0.935657 1
-0.383429 0.095225 0.934358 1
-0.385733 0.128578 0.931780 1
-0.346360 0.228341 0.948228 1
-0.383437 0.098598 0.934376 1
-0.357107 0.211588 0.927279 1
-0.367793 0.178500 0.920534 1
-0.355900 0.215215 0.928493 1
-0.353503 0.230911 0.931003 1
-0.363598 0.255434 0.922527 1
-0.366502 0.113097 0.942842 1
-0.366374 0.186925 0.921139 1
-0.383545 0.241062 0.918490 1
-0.358629 0.163777 0.931231 1
-0.381861 0.239388 0.918425 1
-0.404971 0.270261 0.933508 1
-0.355502 0.170607 0.931840 1
-0.362257 0.202364 0.923351 1
-0.352193 0.156816 0.950120 1
-0.562990 0.404834 1.308646 1
-0.357107 0.184826 0.927279 1
-0.363597 0.253769 0.922525 1
-0.396948 0.207212 0.922689 1
-0.379374 0.154251 0.924477 1
-0.351126 0.165786 0.942655 1
-0.347441 0.175014 0.955907 1
-0.366368 0.180276 0.921125 1
-0.366859 0.278278 0.926561 1
-0.399307 0.212575 0.924296 1
-0.360529 0.136577 0.940571 1
-0.390141 0.087982 0.985365 1
-0.351364 0.219919 0.934246 1
-0.562279 0.408392 1.312495 1
-0.372184 0.148037 0.927336 1
-0.360959 0.250920 0.924292 1
-0.368304 0.117688 0.938764 1
-0.372201 0.183199 0.919118 1
-0.387026 0.184811 0.918890 1
-0.346998 0.208881 0.945306 1
-0.346968 0.222503 0.945224 1
-0.396827 0.178863 0.922408 1
-0.346394 0.212968 0.948321 1
-0.392749 0.191808 0.920648 1
-0.399293 0.209233 0.924263 1
-0.376873 0.227781 0.918383 1
-0.381042 0.154251 0.924476 1
-0.351361 0.226657 0.934237 1
-0.380199 0.236071 0.918413 1
-0.429789 0.289196 0.986615 1
-0.376806 0.189645 0.918220 1
-0.408650 0.236765 0.934222 1
-0.391324 0.119172 0.937120 1
-0.351280 0.277776 0.947657 1
-0.374602 0.154346 0.925047 1
-0.404899 0.257358 0.929478 1
-0.346462 0.182213 0.948507 1
-0.348541 0.170417 0.949509 1
-0.346983 0.215692 0.945265 1
-0.365037 0.102959 0.943452 1
-0.346312 0.250541 0.948094 1
-0.390466 0.123971 0.935066 1
-0.362269 0.229020 0.923381 1
-0.389925 0.089198 0.941907 1
-0.355900 0.226939 0.928493 1
-0.389393 0.264854 0.920567 1
-0.346120 0.255081 0.952273 1
-0.367807 0.196773 0.920568 1
-0.361199 0.125523 0.946774 1
-0.364218 0.278815 0.928350 1
-0.384789 0.282957 0.925468 1
-0.382287 0.126869 0.931574 1
-0.399214 0.190856 0.924080 1
-0.370723 0.226415 0.919563 1
-0.346963 0.236212 0.959354 1
-0.374875 0.167073 0.921616 1
-0.375283 0.196340 0.918545 1
-0.404087 0.275859 0.935359 1
-0.394824 0.210296 0.921615 1
-0.545854 0.434918 1.397745 1
-0.387282 0.105469 0.935523 1
-0.363566 0.185527 0.922447 1
-0.352424 0.248127 0.932592 1
-0.549933 0.425795 1.376404 1
-0.394766 0.191981 0.921481 1
-0.401432 0.147896 0.937041 1
-0.355695 0.151956 0.941247 1
-0.385274 0.207965 0.918662 1
-0.357108 0.228315 0.927280 1
-0.374774 0.270070 0.921368 1
-0.378514 0.219489 0.918345 1
-0.392756 0.164274 0.924573 1
-0.381001 0.170164 0.920351 1
-0.350908 0.167382 0.942069 1
-0.382150 0.174910 0.919121 1
-0.366608 0.161174 0.925928 1
-0.399465 0.249353 0.924662 1
-0.353020 0.153748 0.952351 1
-0.385741 0.264626 0.919776 1
-0.369264 0.236495 0.920061 1
-0.383587 0.259315 0.918592 1
-0.368423 0.094012 0.939069 1
-0.371523 0.140055 0.929869 1
-0.364233 0.158253 0.928388 1
-0.426017 0.162758 0.986124 1
-0.354098 0.281071 0.941514 1
-0.370075 0.140142 0.930445 1
-0.375333 0.234479 0.918666 1
-0.378584 0.130112 0.930734 1
-0.355900 0.253736 0.928494 1
-0.380910 0.139807 0.928221 1
-0.413389 0.091568 0.985701 1
-0.376580 0.118787 0.934091 1
-0.396849 0.183865 0.922457 1
-0.364950 0.190373 0.921741 1
-0.374328 0.141524 0.928505 1
-0.363434 0.105182 0.948149 1
-0.373766 0.178181 0.918888 1
-0.360356 0.126426 0.953581 1
-0.408606 0.233369 0.934119 1
-0.369282 0.256422 0.920105 1
-0.380300 0.113837 0.934953 1
-0.385541 0.130193 0.931316 1
-0.375224 0.091909 0.934912 1
-0.386282 0.268321 0.921067 1
-0.377436 0.141434 0.927910 1
-0.359631 0.239476 0.925166 1
-0.363604 0.114325 0.953077 1
-0.369254 0.274232 0.924190 1
-0.349093 0.174122 0.941758 1
-0.356800 0.159421 0.935242 1
-0.369228 0.178391 0.919971 1
-0.347571 0.226898 0.942235 1
-0.375227 0.095282 0.934919 1
-0.385235 0.191375 0.918570 1
-0.391975 0.115984 0.938678 1
-0.381849 0.232754 0.918397 1
-0.359971 0.129111 0.948037 1
-0.391923 0.141831 0.930516 1
-0.376809 0.191303 0.918227 1
-0.365033 0.106362 0.943441 1
-0.380766 0.279117 0.923808 1
-0.350978 0.173375 0.937716 1
-0.366365 0.150067 0.929550 1
-0.390782 0.206592 0.919926 1
-0.390756 0.198282 0.919865 1
-0.350526 0.276459 0.954918 1
-0.367991 0.263326 0.921030 1
-0.347938 0.172680 0.952547 1
-0.544152 0.435068 1.406379 1
-0.365685 0.170764 0.923597 1
-0.376876 0.229439 0.918390 1
-0.367705 0.149930 0.928698 1
-0.373766 0.208016 0.918889 1
-0.392982 0.162699 0.925105 1
-0.541532 0.439114 1.419460 1
-0.359873 0.167941 0.985221 1
-0.367545 0.151539 0.928295 1
-0.360929 0.184215 0.924215 1
-0.352423 0.249809 0.932589 1
-0.346825 0.248226 0.958970 1
-0.399494 0.256043 0.924729 1
-0.399480 0.252698 0.924695 1
-0.366438 0.274620 0.925499 1
-0.408134 0.197756 0.933042 1
-0.372208 0.188176 0.919134 1
-0.390792 0.209916 0.919950 1
-0.353349 0.269018 0.935039 1
-0.351413 0.170202 0.938878 1
-0.354030 0.164763 0.936840 1
-0.385374 0.251115 0.918903 1
-0.383926 0.159067 0.923392 1
-0.375279 0.193024 0.918535 1
-0.346746 0.255087 0.958752 1
-0.548308 0.428405 1.384840 1
-0.373734 0.117266 0.935403 1
-0.387089 0.211365 0.919038 1
-0.429613 0.173446 0.986211 1
-0.399257 0.200879 0.924180 1
-0.392941 0.253376 0.921098 1
-0.390552 0.151370 0.927260 1
-0.387443 0.175054 0.919878 1
-0.347021 0.198663 0.945367 1
-0.369234 0.201627 0.919986 1
-0.388957 0.236360 0.919534 1
-0.361064 0.141212 0.937554 1
-0.393928 0.130747 0.935276 1
-0.380128 0.115471 0.934529 1
-0.348439 0.248400 0.939993 1
-0.352445 0.206084 0.932647 1
-0.381425 0.134966 0.929475 1
-0.353662 0.177251 0.931422 1
-0.364646 0.282496 0.929441 1
-0.359109 0.133919 0.945766 1
-0.390725 0.188311 0.919793 1
-0.350289 0.215238 0.935874 1
-0.348660 0.177299 0.940589 1
-0.377682 0.170164 0.920352 1
-0.361480 0.172809 0.925628 1
-0.389015 0.261279 0.919673 1
-0.372522 0.089025 0.958327 1
-0.351359 0.230026 0.934232 1
-0.358315 0.258087 0.926076 1
-0.380123 0.192960 0.918229 1
-0.408202 0.202838 0.933196 1
-0.381554 0.149449 0.925721 1
-0.429589 0.157427 0.986155 1
-0.370752 0.249657 0.919636 1
-0.369228 0.194986 0.919972 1
-0.404636 0.216979 0.928874 1
-0.370995 0.093805 0.937007 1
-0.373849 0.146361 0.927316 1
-0.392744 0.190144 0.920636 1
-0.401780 0.231379 0.926154 1
-0.348304 0.269183 0.953550 1
-0.364980 0.225307 0.921816 1
-0.354857 0.272253 0.934567 1
-0.385250 0.198010 0.918607 1
-0.364651 0.271194 0.925201 1
-0.346919 0.244633 0.945091 1
-0.368983 0.151442 0.927699 1
-0.383652 0.176496 0.918747 1
-0.381840 0.227779 0.918375 1
-0.347577 0.221803 0.942252 1
-0.385349 0.131808 0.930853 1
-0.368024 0.146706 0.929503 1
-0.384584 0.138249 0.929005 1
-0.357107 0.219951 0.927280 1
-0.367207 0.100918 0.940292 1
-0.377635 0.089744 0.985197 1
-0.360549 0.125892 0.949558 1
-0.366412 0.231812 0.921237 1
-0.408943 0.258857 0.934890 1
-0.376525 0.135012 0.929796 1
-0.350284 0.223676 0.935863 1
-0.404438 0.186728 0.928421 1
-0.391854 0.170552 0.922451 1
-0.420623 0.144950 0.985987 1
-0.369663 0.104047 0.937916 1
-0.372218 0.196472 0.919160 1
-0.401580 0.196198 0.925692 1
-0.352181 0.171445 0.936417 1
-0.346315 0.248834 0.948105 1
0.188115 0.159631 0.657967 2
0.115129 0.098427 0.661406 2
0.113904 0.108063 0.647658 2
0.135429 0.109633 0.650037 2
0.180532 0.112158 0.665010 2
0.109157 0.178038 0.647220 2
0.121715 0.095333 0.664793 2
0.177867 0.153048 0.655190 2
0.165829 0.164649 0.654325 2
0.136641 0.121394 0.650229 2
0.256960 0.171570 0.876640 2
0.134234 0.117821 0.649932 2
0.264851 0.188953 0.876590 2
0.123630 0.196284 0.649650 2
0.091338 0.156496 0.645045 2
0.162129 0.189249 0.653683 2
0.108467 0.192895 0.650078 2
0.129482 0.178697 0.649617 2
0.141518 0.193193 0.651081 2
0.087942 0.158995 0.645744 2
0.163219 0.112544 0.653325 2
0.118732 0.167863 0.648505 2
0.142803 0.155732 0.651585 2
0.125873 0.163342 0.649132 2
0.103099 0.104290 0.660763 2
0.179984 0.190819 0.667426 2
0.122283 0.166749 0.648721 2
0.092511 0.137893 0.645111 2
0.092522 0.132092 0.645192 2
0.134690 0.200565 0.652138 2
0.148133 0.097379 0.654364 2
0.143924 0.187394 0.651337 2
0.171737 0.122163 0.654351 2
0.121072 0.146807 0.648503 2
0.142712 0.180299 0.651170 2
0.163283 0.179788 0.653584 2
0.260142 0.203211 0.876705 2
0.148687 0.115776 0.651618 2
0.125858 0.128200 0.649056 2
0.140259 0.128522 0.650688 2
0.124660 0.144559 0.648914 2
0.135492 0.185935 0.650342 2
0.139197 0.168564 0.651212 2
0.090275 0.132209 0.645764 2
0.145866 0.090938 0.676702 2
0.110318 0.132499 0.647180 2
0.163374 0.142142 0.653949 2
0.092558 0.129814 0.645442 2
0.143983 0.125177 0.651605 2
0.152445 0.127724 0.652609 2
0.096064 0.139148 0.645533 2
0.168645 0.107104 0.656097 2
0.160859 0.184428 0.653315 2
0.117503 0.171285 0.648175 2
0.106985 0.116443 0.655368 2
0.167901 0.094793 0.686947 2
0.105569 0.149896 0.646690 2
0.166896 0.146845 0.653880 2
0.139200 0.172092 0.651226 2
0.113925 0.177022 0.647776 2
0.104684 0.110599 0.655764 2
0.119865 0.133898 0.648306 2
0.140242 0.110902 0.650607 2
0.165656 0.120852 0.653642 2
0.141612 0.173343 0.651514 2
0.118441 0.098406 0.653351 2
0.130753 0.140134 0.650109 2
0.135550 0.126161 0.650618 2
0.141611 0.172166 0.651509 2
0.141469 0.102727 0.650855 2
0.181820 0.172344 0.656664 2
0.143993 0.136940 0.651652 2
0.144482 0.201096 0.653865 2
0.115116 0.173551 0.647903 2
0.164617 0.169338 0.654201 2
0.159596 0.132506 0.652967 2
0.146412 0.141708 0.651954 2
0.112579 0.100791 0.653528 2
0.126771 0.096110 0.653762 2
0.146338 0.188653 0.651625 2
0.159741 0.152668 0.653563 2
0.189607 0.161077 0.659027 2
0.177876 0.161329 0.655223 2
0.160869 0.187976 0.653357 2
0.084100 0.157025 0.652075 2
0.151154 0.167622 0.652118 2
0.122294 0.181977 0.648779 2
0.123490 0.178504 0.648915 2
0.093750 0.170614 0.645634 2
0.147495 0.131041 0.651542 2
0.117513 0.185331 0.648228 2
0.115131 0.189936 0.647984 2
0.082650 0.154002 0.659276 2
0.098446 0.155532 0.645876 2
0.153653 0.125395 0.652742 2
0.165788 0.124488 0.654163 2
0.116394 0.163186 0.648512 2
0.154747 0.130035 0.652389 2
0.188375 0.132516 0.658877 2
0.127141 0.125969 0.649630 2
0.181524 0.143682 0.655594 2
0.102009 0.160301 0.646312 2
0.148689 0.116953 0.651624 2
0.234870 0.135228 0.876821 2
0.082959 0.152385 0.652352 2
0.166889 0.140942 0.653856 2
0.118654 0.111640 0.648076 2
0.139043 0.116750 0.650492 2
0.109368 0.110538 0.648470 2
0.113887 0.122064 0.647560 2
0.157155 0.115953 0.652613 2
0.157290 0.126656 0.653174 2
0.185939 0.171682 0.658668 2
0.160928 0.190402 0.653595 2
0.110350 0.179245 0.647365 2
0.133085 0.181159 0.650043 2
0.090151 0.143660 0.644877 2
0.097473 0.180354 0.647154 2
0.117482 0.143200 0.648061 2
0.140307 0.187272 0.650912 2
0.145853 0.096251 0.654725 2
0.104365 0.127687 0.646463 2
0.136361 0.095040 0.654515 2
0.089001 0.154152 0.644974 2
0.153522 0.114700 0.652182 2
0.118733 0.192429 0.648507 2
0.153523 0.115877 0.652186 2
0.135786 0.098166 0.651754 2
0.165840 0.188267 0.654371 2
0.168115 0.150419 0.654036 2
0.175399 0.128154 0.654804 2
0.170526 0.128042 0.654233 2
0.114226 0.098677 0.663089 2
0.094633 0.116969 0.651714 2
0.090362 0.168481 0.646386 2
0.111500 0.118505 0.647263 2
0.099346 0.107674 0.659589 2
0.091383 0.132126 0.645362 2
0.174227 0.119892 0.654838 2
0.125890 0.152825 0.649222 2
0.123464 0.146869 0.648780 2
0.130659 0.151752 0.649642 2
0.266434 0.196861 0.876595 2
0.116385 0.150306 0.648461 2
0.121175 0.158640 0.649056 2
0.085158 0.140363 0.651171 2
0.087861 0.148375 0.645148 2
0.104031 0.115786 0.651673 2
0.152332 0.105280 0.652125 2
0.188265 0.117290 0.666907 2
0.164439 0.112573 0.653492 2
0.144918 0.091559 0.672300 2
0.180313 0.156665 0.655491 2
0.146335 0.185123 0.651612 2
0.124678 0.169164 0.649009 2
0.165714 0.181047 0.653873 2
0.112804 0.152549 0.648049 2
0.092312 0.120534 0.651924 2
0.139058 0.133190 0.650559 2
0.086397 0.163978 0.651659 2
0.189126 0.125885 0.661502 2
0.118780 0.193676 0.648766 2
0.169302 0.120930 0.654063 2
0.151097 0.108767 0.651873 2
0.190810 0.146823 0.659077 2
0.149382 0.097423 0.654664 2
0.179092 0.129443 0.655351 2
0.093016 0.115529 0.656896 2
0.143862 0.116851 0.651058 2
0.134301 0.176527 0.650254 2
0.173000 0.164734 0.654664 2
0.099625 0.143903 0.645969 2
0.156017 0.105385 0.652779 2
0.134309 0.195305 0.650294 2
0.098429 0.128715 0.645770 2
0.096082 0.168288 0.645648 2
0.157156 0.117131 0.652619 2
0.119897 0.176044 0.648475 2
0.171853 0.181302 0.654792 2
0.109154 0.173363 0.647201 2
0.133084 0.178813 0.650039 2
0.117465 0.118634 0.647964 2
0.107951 0.154633 0.646987 2
0.124676 0.164478 0.648995 2
0.149944 0.164056 0.651972 2
0.139045 0.117924 0.650497 2
0.110345 0.172232 0.647337 2
0.085730 0.148715 0.646627 2
0.153556 0.150026 0.652327 2
0.164609 0.161069 0.654167 2
0.103203 0.169673 0.646488 2
0.084036 0.147504 0.651581 2
0.162023 0.133743 0.653256 2
0.106773 0.173288 0.646921 2
0.154021 0.091431 0.680371 2
0.157333 0.171475 0.653353 2
0.082860 0.134126 0.660950 2
0.105565 0.144058 0.646667 2
0.104371 0.137024 0.646499 2
0.145127 0.183906 0.651466 2
0.158517 0.142017 0.653378 2
0.134247 0.133075 0.649995 2
0.131858 0.149439 0.649774 2
0.173008 0.171827 0.654693 2
0.130780 0.174178 0.650245 2
0.113879 0.111543 0.647514 2
0.099627 0.147401 0.645982 2
0.120900 0.095886 0.660345 2
0.194084 0.143921 0.662134 2
0.157204 0.166625 0.652819 2
0.145455 0.204824 0.658266 2
0.181613 0.166232 0.655917 2
0.122304 0.096307 0.655102 2
0.115191 0.151444 0.648325 2
0.171792 0.174153 0.654560 2
0.116320 0.187632 0.648098 2
0.105560 0.135886 0.646634 2
0.085300 0.161776 0.652261 2
0.120642 0.098279 0.652504 2
0.129631 0.197673 0.650365 2
0.189791 0.133865 0.659666 2
0.156012 0.187803 0.652758 2
0.162183 0.165721 0.653901 2
0.128256 0.148168 0.649344 2
0.159737 0.097980 0.658403 2
0.087866 0.151875 0.645187 2
0.143864 0.119202 0.651069 2
0.133176 0.164857 0.650490 2
0.164915 0.099425 0.660115 2
0.106353 0.106353 0.651492 2
0.172984 0.149368 0.654603 2
0.189364 0.145436 0.658182 2
0.129827 0.204522 0.657294 2
0.172994 0.158824 0.654641 2
0.158412 0.161946 0.652944 2
0.136693 0.183626 0.650475 2
0.174189 0.136399 0.654695 2
0.155988 0.160697 0.652656 2
0.165816 0.151653 0.654272 2
0.179085 0.150715 0.655324 2
0.112470 0.197263 0.652892 2
0.150070 0.175964 0.652518 2
0.158732 0.096904 0.659162 2
0.141595 0.153346 0.651434 2
0.159734 0.145588 0.653535 2
0.141445 0.103883 0.650745 2
0.082676 0.156430 0.659484 2
0.152471 0.156004 0.652722 2
0.105554 0.127715 0.646602 2
0.140367 0.127446 0.651189 2
0.166913 0.163374 0.653948 2
0.141839 0.093174 0.658017 2
0.120151 0.101396 0.649851 2
0.186453 0.175731 0.660489 2
0.176845 0.118882 0.655785 2
0.125978 0.101368 0.649672 2
0.171739 0.123345 0.654357 2
0.121040 0.107007 0.648335 2
0.124932 0.092341 0.669181 2
0.111510 0.132527 0.647320 2
0.140301 0.177871 0.650883 2
0.148702 0.131070 0.651684 2
0.166917 0.166917 0.653962 2
0.163406 0.174025 0.654077 2
0.137900 0.188366 0.650633 2
0.145222 0.161685 0.651893 2
0.149945 0.168761 0.651975 2
0.171747 0.131614 0.654391 2
0.113988 0.138539 0.648133 2
0.109120 0.121957 0.646996 2
0.156092 0.141955 0.653093 2
0.115179 0.133888 0.648255 2
0.101196 0.184260 0.648573 2
0.136793 0.174368 0.650952 2
0.140249 0.117950 0.650639 2
0.124676 0.165650 0.648998 2
0.115115 0.106934 0.647894 2
0.141972 0.097201 0.653170 2
0.147633 0.155868 0.652153 2
0.125863 0.149279 0.649079 2
0.094897 0.169418 0.645514 2
0.089442 0.128025 0.648170 2
0.156097 0.146672 0.653112 2
0.140374 0.135675 0.651222 2
0.134228 0.110782 0.649901 2
0.150198 0.197319 0.653077 2
0.124757 0.093417 0.668245 2
0.179098 0.162548 0.655372 2
0.101989 0.118307 0.646183 2
0.188949 0.171068 0.660885 2
0.171787 0.169425 0.654540 2
0.125624 0.096135 0.653931 2
0.137896 0.182492 0.650612 2
0.104211 0.193535 0.660263 2
0.091372 0.164702 0.645285 2
0.169343 0.161082 0.654222 2
0.266436 0.198443 0.876601 2
0.184013 0.149695 0.656036 2
0.153618 0.192463 0.652590 2
0.098431 0.131047 0.645779 2
0.119957 0.129319 0.648799 2
0.167349 0.191002 0.655655 2
0.175443 0.168354 0.654965 2
0.163396 0.163396 0.654034 2
0.142686 0.150907 0.651052 2
0.121067 0.142122 0.648478 2
0.148832 0.101770 0.652251 2
0.164607 0.158707 0.654158 2
0.095265 0.179425 0.648015 2
0.142898 0.198176 0.652019 2
0.099624 0.142736 0.645964 2
0.128762 0.200492 0.651903 2
0.258575 0.211130 0.876754 2
0.189433 0.156179 0.658424 2
0.131956 0.142513 0.650260 2
0.129934 0.200486 0.651882 2
0.112807 0.157229 0.648068 2
0.169349 0.166989 0.654246 2
0.160962 0.159783 0.653734 2
0.094129 0.182930 0.656397 2
0.130692 0.191642 0.649805 2
0.184037 0.140247 0.656121 2
0.111518 0.144214 0.647366 2
0.087889 0.155407 0.645355 2
0.111506 0.126685 0.647297 2
0.137018 0.093125 0.657666 2
0.134832 0.089684 0.676455 2
0.093707 0.160059 0.645336 2
0.093704 0.154233 0.645313 2
0.163217 0.114900 0.653321 2
0.185379 0.159320 0.656684 2
0.143859 0.114500 0.651046 2
0.258576 0.212713 0.876760 2
0.136768 0.143812 0.650830 2
0.168201 0.184726 0.654369 2
0.160976 0.173949 0.653791 2
0.139162 0.127419 0.651047 2
0.119901 0.181899 0.648499 2
0.083001 0.143044 0.652682 2
0.131950 0.196458 0.650228 2
0.121176 0.159812 0.649061 2
0.135591 0.175505 0.650815 2
0.131913 0.176471 0.650049 2
0.162100 0.188036 0.653568 2
0.167115 0.188373 0.654738 2
0.203348 0.111956 0.844440 2
0.092522 0.158859 0.645193 2
0.099707 0.180173 0.646502 2
0.147617 0.138207 0.652082 2
0.097949 0.188180 0.658195 2
0.155962 0.134775 0.652549 2
0.173270 0.183914 0.655685 2
0.146266 0.108672 0.651306 2
0.172985 0.150550 0.654608 2
0.157199 0.160731 0.652795 2
0.097267 0.168324 0.645786 2
0.109089 0.101935 0.660950 2
0.146330 0.176888 0.651587 2
0.154794 0.179514 0.652586 2
0.181760 0.126107 0.656448 2
0.110342 0.116180 0.647317 2
0.101993 0.133465 0.646206 2
0.152330 0.133510 0.652118 2
0.125951 0.137667 0.649535 2
0.171955 0.183773 0.655181 2
0.159764 0.176271 0.653658 2
0.156370 0.196495 0.654255 2
0.112799 0.144359 0.648016 2
0.129576 0.170619 0.650090 2
0.255381 0.168409 0.876651 2
0.128246 0.131759 0.649289 2
0.165792 0.128031 0.654178 2
0.123480 0.163274 0.648862 2
0.180378 0.128334 0.655726 2
0.131888 0.186987 0.649922 2
0.139042 0.115575 0.650486 2
0.151150 0.165265 0.652102 2
0.118680 0.145573 0.648217 2
0.134267 0.157720 0.650091 2
0.145199 0.135794 0.651789 2
0.162069 0.179749 0.653441 2
0.158992 0.101069 0.655333 2
0.130225 0.096048 0.653341 2
0.123479 0.166785 0.648861 2
0.117562 0.124580 0.648499 2
0.089072 0.161261 0.645490 2
0.099645 0.176564 0.646099 2
0.110311 0.121984 0.647137 2
0.106542 0.193660 0.652655 2
0.124635 0.112932 0.648783 2
0.114003 0.159604 0.648217 2
0.134369 0.153146 0.650585 2
0.182876 0.131978 0.656201 2
0.184023 0.153254 0.656072 2
0.149577 0.201604 0.655516 2
0.131283 0.093265 0.658653 2
0.154913 0.176118 0.653087 2
0.180643 0.184244 0.665419 2
0.146431 0.162897 0.652039 2
0.135326 0.092403 0.660992 2
0.109140 0.152330 0.647118 2
0.179793 0.108838 0.666717 2
0.126394 0.094350 0.657938 2
0.115192 0.152615 0.648330 2
0.127035 0.117668 0.649085 2
0.131388 0.202090 0.653266 2
0.125876 0.169201 0.649150 2
0.117589 0.162050 0.648648 2
0.137955 0.123866 0.650892 2
0.160942 0.139719 0.653654 2
0.086780 0.146187 0.645765 2
0.105582 0.170915 0.646772 2
0.180329 0.163774 0.655549 2
0.192451 0.142402 0.660628 2
0.160770 0.099072 0.657771 2
0.140241 0.109728 0.650602 2
0.164432 0.114925 0.653463 2
0.088201 0.166472 0.647644 2
0.141454 0.119150 0.650785 2
0.162192 0.175168 0.653938 2
0.141466 0.133248 0.650842 2
0.154863 0.124244 0.652879 2
0.161676 0.197210 0.656634 2
0.155950 0.121818 0.652499 2
0.128224 0.107146 0.649181 2
0.085257 0.160519 0.651933 2
0.082991 0.154798 0.652605 2
0.130645 0.132988 0.649573 2
0.135573 0.154354 0.650731 2
0.105863 0.108229 0.655738 2
0.164596 0.148077 0.654115 2
0.108764 0.194599 0.651856 2
0.179194 0.172097 0.655724 2
0.166930 0.181087 0.654015 2
0.171779 0.117471 0.654512 2
0.102375 0.188772 0.656124 2
0.135453 0.135453 0.650152 2
0.103546 0.187566 0.656045 2
0.117564 0.128092 0.648513 2
0.125832 0.112957 0.648924 2
0.153518 0.111168 0.652167 2
0.143905 0.163876 0.651253 2
0.133033 0.117796 0.649790 2
0.168086 0.120904 0.653922 2
0.118708 0.185371 0.648368 2
0.128180 0.093277 0.667237 2
0.189537 0.138439 0.658784 2
0.147651 0.175887 0.652233 2
0.140245 0.114426 0.650622 2
0.123456 0.136328 0.648736 2
0.135438 0.120194 0.650082 2
0.095535 0.116634 0.649850 2
0.085308 0.135905 0.652324 2
0.089003 0.142522 0.644992 2
0.135433 0.114326 0.650056 2
0.136765 0.140287 0.650816 2
0.099641 0.170730 0.646072 2
0.189498 0.139599 0.658648 2
0.136690 0.177756 0.650460 2
0.158427 0.177273 0.653005 2
0.121764 0.098235 0.652212 2
0.107952 0.155801 0.646992 2
0.177858 0.144768 0.655157 2
0.155983 0.155983 0.652637 2
0.193677 0.131317 0.664837 2
0.098438 0.142706 0.645825 2
0.181100 0.118160 0.658351 2
0.170523 0.124500 0.654223 2
0.111900 0.193921 0.649586 2
0.180495 0.113334 0.664871 2
0.174203 0.149401 0.654746 2
0.116269 0.116269 0.647814 2
0.193410 0.132333 0.663921 2
0.100823 0.162600 0.646182 2
0.116314 0.178270 0.648063 2
0.130900 0.099202 0.650839 2
0.146421 0.094255 0.657273 2
0.160927 0.124380 0.653592 2
0.137138 0.097115 0.652590 2
0.083903 0.138648 0.659777 2
0.119907 0.190096 0.648529 2
0.163394 0.162215 0.654029 2
0.150111 0.090067 0.679338 2
0.148015 0.199909 0.653840 2
0.142904 0.099386 0.652045 2
0.121087 0.167884 0.648584 2
0.181551 0.134241 0.655692 2
0.166221 0.095778 0.685129 2
0.171779 0.162334 0.654512 2
0.165789 0.125669 0.654168 2
0.163233 0.129054 0.653381 2
0.112818 0.191148 0.648130 2
0.122239 0.110542 0.648492 2
0.180304 0.148381 0.655458 2
0.118759 0.126949 0.648649 2
0.166884 0.096682 0.682787 2
0.146415 0.145239 0.651969 2
0.162956 0.097296 0.661831 2
0.159715 0.125532 0.653454 2
0.122302 0.103576 0.648822 2
0.176063 0.191580 0.661736 2
0.188244 0.134800 0.658419 2
0.134194 0.203952 0.655463 2
0.119954 0.125805 0.648785 2
0.153178 0.097584 0.655746 2
0.160946 0.143260 0.653668 2
0.121066 0.139781 0.648472 2
0.085850 0.140748 0.647536 2
0.154780 0.163019 0.652526 2
0.152462 0.095511 0.657762 2
0.127454 0.094257 0.657286 2
0.109141 0.153498 0.647123 2
0.143388 0.089694 0.676526 2
0.131117 0.092447 0.669947 2
0.116320 0.188801 0.648100 2
0.195558 0.273148 0.877847 2
0.154885 0.146640 0.652969 2
0.127819 0.092903 0.691323 2
0.090255 0.175201 0.654065 2
0.100800 0.125272 0.646033 2
0.111722 0.105872 0.648551 2
0.091789 0.174809 0.648235 2
0.173325 0.112987 0.655894 2
0.151280 0.176002 0.652660 2
0.148830 0.142947 0.652243 2
0.162159 0.142110 0.653806 2
0.124166 0.200667 0.652471 2
0.177873 0.158963 0.655214 2
0.091342 0.161158 0.645079 2
0.153524 0.117055 0.652192 2
0.169059 0.197734 0.662358 2
0.142819 0.173381 0.651656 2
0.112732 0.176984 0.647636 2
0.134380 0.166068 0.650636 2
0.130080 0.091359 0.670831 2
0.183375 0.184577 0.666621 2
0.188947 0.126958 0.660876 2
0.128244 0.128244 0.649280 2
0.085469 0.166812 0.653553 2
0.146318 0.165122 0.651535 2
0.112818 0.172442 0.648128 2
0.099720 0.117215 0.646584 2
0.119220 0.096681 0.657645 2
0.109138 0.148825 0.647104 2
0.154801 0.187762 0.652616 2
0.112806 0.154889 0.648058 2
0.100813 0.145100 0.646113 2
0.131823 0.107216 0.649604 2
0.110480 0.185303 0.648131 2
0.119320 0.099336 0.651716 2
0.133065 0.157685 0.649947 2
0.103189 0.146330 0.646396 2
0.123455 0.135157 0.648732 2
0.090150 0.147147 0.644870 2
0.191490 0.114894 0.696123 2
0.084204 0.167810 0.662143 2
0.158385 0.134834 0.652833 2
0.184019 0.152067 0.656057 2
0.155992 0.165410 0.652673 2
0.184199 0.132078 0.656698 2
0.141529 0.168542 0.651128 2
0.084048 0.163923 0.660917 2
0.139082 0.161382 0.650671 2
0.185743 0.169127 0.657972 2
0.191150 0.161376 0.660250 2
0.158559 0.093666 0.678781 2
0.118761 0.130462 0.648663 2
0.181671 0.168652 0.656126 2
0.136672 0.158962 0.650376 2
0.127037 0.121183 0.649099 2
0.166884 0.113811 0.653834 2
0.131966 0.154253 0.650306 2
0.107948 0.149961 0.646969 2
0.169734 0.188659 0.655731 2
0.170939 0.187501 0.655818 2
0.135495 0.189458 0.650355 2
0.129458 0.150546 0.649496 2
0.161230 0.194303 0.654821 2
0.130775 0.167133 0.650217 2
0.113985 0.133859 0.648115 2
0.084171 0.130734 0.661887 2
0.111530 0.162916 0.647440 2
0.095656 0.182510 0.650677 2
0.107963 0.172157 0.647056 2
0.140236 0.105031 0.650583 2
0.184410 0.170179 0.657451 2
0.148960 0.094361 0.658013 2
0.165595 0.196459 0.658086 2
0.135447 0.129584 0.650127 2
0.128247 0.134103 0.649294 2
0.127180 0.176412 0.649831 2
0.123490 0.180846 0.648918 2
0.139184 0.153279 0.651151 2
0.188002 0.142929 0.657572 2
0.176656 0.162476 0.655085 2
0.160797 0.120745 0.653064 2
0.131590 0.090355 0.672364 2
0.142164 0.096152 0.654051 2
0.118656 0.113980 0.648086 2
0.177868 0.154231 0.655195 2
0.181530 0.151965 0.655616 2
0.094146 0.119875 0.648357 2
0.148766 0.092605 0.662437 2
0.151136 0.148783 0.652038 2
0.100803 0.128771 0.646049 2
0.161796 0.095138 0.671887 2
0.160866 0.107833 0.653341 2
0.158415 0.165482 0.652956 2
0.116595 0.102533 0.649630 2
0.133158 0.142544 0.650401 2
0.091359 0.122009 0.653522 2
0.146414 0.144062 0.651964 2
0.158457 0.190266 0.653129 2
0.115075 0.115075 0.647669 2
0.148624 0.095332 0.656528 2
0.166318 0.104762 0.656254 2
0.109124 0.127798 0.647022 2
0.125955 0.142358 0.649554 2
0.107961 0.168652 0.647043 2
0.139040 0.113227 0.650476 2
0.098449 0.161363 0.645897 2
0.109768 0.103898 0.650842 2
0.192219 0.169464 0.663943 2
0.140246 0.115600 0.650627 2
0.180314 0.157849 0.655496 2
0.153700 0.174900 0.652940 2
0.178617 0.185834 0.666817 2
0.088988 0.150640 0.644882 2
0.122242 0.114054 0.648507 2
0.083120 0.139712 0.653620 2
0.110638 0.192592 0.649054 2
0.116772 0.097804 0.657222 2
0.169831 0.108289 0.656105 2
0.103193 0.153332 0.646424 2
0.102014 0.168470 0.646343 2
0.099616 0.128743 0.645909 2
0.111514 0.138370 0.647343 2
0.096082 0.169454 0.645653 2
0.098542 0.118367 0.646509 2
0.084069 0.154617 0.651839 2
0.087863 0.147214 0.645161 2
0.153607 0.104171 0.652546 2
0.125890 0.187957 0.649221 2
0.084803 0.151476 0.648459 2
0.104450 0.111532 0.654298 2
0.131982 0.174216 0.650386 2
0.113221 0.097646 0.664212 2
0.118978 0.196343 0.649846 2
0.180993 0.110039 0.666707 2
0.184122 0.134391 0.656426 2
0.183264 0.173775 0.657595 2
0.111558 0.185152 0.647602 2
0.145483 0.098363 0.653063 2
0.175405 0.132882 0.654824 2
0.107961 0.169820 0.647047 2
0.103185 0.140495 0.646373 2
0.176776 0.176776 0.655528 2
0.146428 0.159365 0.652025 2
0.168100 0.135070 0.653978 2
0.189879 0.132737 0.659973 2
0.163630 0.096004 0.669473 2
0.122576 0.197646 0.650277 2
0.162169 0.151554 0.653844 2
0.171744 0.128070 0.654376 2
0.160805 0.128998 0.653096 2
0.167019 0.110362 0.654363 2
0.140403 0.168601 0.651353 2
0.141505 0.176735 0.651022 2
0.092671 0.171936 0.646226 2
0.158403 0.152514 0.652904 2
0.186684 0.115852 0.665557 2
0.172977 0.142278 0.654578 2
0.154839 0.192519 0.652778 2
0.142793 0.143968 0.651538 2
0.091332 0.146015 0.645004 2
0.147540 0.181633 0.651742 2
0.141497 0.167330 0.650981 2
0.189905 0.122809 0.664228 2
0.183112 0.109384 0.670059 2
0.118756 0.123436 0.648635 2
0.136667 0.151918 0.650351 2
0.162158 0.140930 0.653801 2
0.128830 0.091330 0.670623 2
0.157157 0.118310 0.652625 2
0.119904 0.186582 0.648513 2
0.181635 0.129570 0.655994 2
0.156079 0.127808 0.653036 2
0.189645 0.136140 0.659161 2
0.121171 0.152780 0.649033 2
0.171749 0.132795 0.654395 2
0.172979 0.119845 0.654584 2
0.116308 0.098596 0.654613 2
0.140252 0.121473 0.650653 2
0.142754 0.195626 0.651361 2
0.127691 0.097092 0.652438 2
0.110469 0.113976 0.648067 2
0.179522 0.119089 0.656922 2
0.123583 0.175124 0.649403 2
0.090249 0.164777 0.645578 2
0.139174 0.141523 0.651104 2
0.107953 0.111492 0.654066 2
0.110308 0.118479 0.647123 2
0.168099 0.115015 0.653975 2
0.087890 0.142602 0.645358 2
0.100799 0.124106 0.646028 2
0.187340 0.170688 0.659417 2
0.130776 0.169482 0.650226 2
0.165817 0.152835 0.654277 2
0.089328 0.168730 0.647344 2
0.181900 0.116297 0.661260 2
0.177845 0.132940 0.655109 2
0.168107 0.142153 0.654003 2
0.179283 0.122481 0.656051 2
0.189964 0.166144 0.660269 2
0.173003 0.167098 0.654674 2
0.266437 0.200026 0.876606 2
0.152317 0.119384 0.652062 2
0.133330 0.199115 0.651243 2
0.158235 0.199720 0.657101 2
0.104796 0.105980 0.656466 2
0.095355 0.184195 0.656686 2
0.122345 0.122345 0.649052 2
0.143860 0.103931 0.651048 2
0.105584 0.174418 0.646786 2
0.157198 0.159553 0.652792 2
0.117490 0.137364 0.648106 2
0.169319 0.137461 0.654131 2
0.092799 0.174509 0.647123 2
0.120045 0.102477 0.649274 2
0.113986 0.135029 0.648120 2
0.103190 0.148664 0.646406 2
0.192449 0.155508 0.660621 2
0.127073 0.166893 0.649282 2
0.260124 0.185803 0.876645 2
0.124728 0.102476 0.649268 2
0.086885 0.139366 0.646543 2
0.149887 0.095382 0.656874 2
0.187972 0.145278 0.657467 2
0.123881 0.099222 0.650972 2
0.155949 0.120640 0.652494 2
0.131870 0.163518 0.649833 2
0.105559 0.191657 0.653854 2
0.090310 0.131095 0.646016 2
0.142821 0.175734 0.651665 2
0.137894 0.180142 0.650604 2
0.086858 0.140489 0.646346 2
0.160931 0.127919 0.653606 2
0.127058 0.148137 0.649206 2
0.156075 0.124271 0.653022 2
0.113991 0.143220 0.648152 2
0.156284 0.094010 0.663915 2
0.084796 0.150293 0.648405 2
0.159752 0.163289 0.653606 2
0.116380 0.143282 0.648433 2
0.116398 0.167870 0.648531 2
0.134372 0.100339 0.650596 2
0.143856 0.110975 0.651032 2
0.157287 0.124298 0.653164 2
0.107981 0.180357 0.647163 2
0.150877 0.096443 0.656029 2
0.160926 0.123200 0.653587 2
0.131867 0.161171 0.649821 2
0.142701 0.166191 0.651119 2
0.127072 0.165721 0.649279 2
0.106740 0.123072 0.646721 2
0.154515 0.200693 0.656404 2
0.116331 0.105809 0.648162 2
0.162011 0.120772 0.653206 2
0.142788 0.138087 0.651515 2
0.128283 0.181002 0.649479 2
0.130632 0.117745 0.649508 2
0.162182 0.164541 0.653896 2
0.096084 0.171787 0.645665 2
0.177853 0.128219 0.655139 2
0.188140 0.137099 0.658053 2
0.089129 0.163694 0.645903 2
0.131845 0.131845 0.649711 2
0.165671 0.112609 0.653701 2
0.179338 0.184136 0.665028 2
0.151207 0.193569 0.652347 2
0.134290 0.185895 0.650200 2
0.144027 0.174595 0.651803 2
0.123460 0.139844 0.648760 2
0.176700 0.122330 0.655245 2
0.117505 0.173626 0.648184 2
0.168136 0.170496 0.654119 2
0.158432 0.183169 0.653026 2
0.135495 0.176554 0.650355 2
0.147623 0.145271 0.652111 2
0.187025 0.166838 0.658309 2
0.123459 0.141013 0.648755 2
0.111509 0.131359 0.647315 2
0.110308 0.117311 0.647118 2
0.164621 0.172881 0.654215 2
0.150022 0.194734 0.652310 2
0.099638 0.166063 0.646054 2
0.134288 0.183547 0.650192 2
0.162171 0.153915 0.653853 2
0.160860 0.185608 0.653320 2
0.142647 0.106251 0.650871 2
0.130664 0.157618 0.649669 2
0.129469 0.163448 0.649553 2
0.152486 0.171326 0.652783 2
0.170423 0.097296 0.687123 2
0.121096 0.177256 0.648633 2
0.171773 0.156426 0.654488 2
0.161244 0.103362 0.654879 2
0.122269 0.149179 0.648647 2
0.143890 0.148589 0.651186 2
0.169337 0.155176 0.654198 2
0.162280 0.105630 0.654294 2
0.154732 0.114725 0.652324 2
0.158504 0.127864 0.653321 2
0.141521 0.194372 0.651096 2
0.151133 0.146429 0.652028 2
0.117456 0.108107 0.647919 2
0.122370 0.155158 0.649183 2
0.149197 0.098482 0.653850 2
0.104683 0.109415 0.655759 2
0.118755 0.097485 0.655080 2
0.125831 0.110614 0.648914 2
0.157881 0.099932 0.655628 2
0.139394 0.098223 0.652132 2
0.085947 0.138567 0.648263 2
0.094883 0.144944 0.645417 2
0.096069 0.146141 0.645560 2
0.223830 0.125756 0.876942 2
0.152787 0.099695 0.654074 2
0.160796 0.119566 0.653058 2
0.136823 0.197894 0.651091 2
0.124906 0.197621 0.650193 2
0.118706 0.181860 0.648359 2
0.135489 0.181238 0.650325 2
0.111576 0.108071 0.647704 2
0.163359 0.126795 0.653887 2
0.153265 0.092686 0.671679 2
0.151134 0.147606 0.652033 2
0.162549 0.194468 0.655377 2
0.151279 0.174824 0.652655 2
0.157223 0.186665 0.652896 2
0.190838 0.144466 0.659174 2
0.184245 0.166472 0.656862 2
0.165665 0.132650 0.653680 2
0.100823 0.161433 0.646177 2
0.162391 0.193097 0.654739 2
0.102002 0.147465 0.646261 2
0.185461 0.134504 0.656975 2
0.169013 0.104966 0.657530 2
0.128377 0.171755 0.649953 2
0.093695 0.137923 0.645250 2
0.136750 0.196615 0.650745 2
0.147620 0.141739 0.652097 2
0.184862 0.175351 0.659063 2
0.117520 0.191189 0.648269 2
0.127603 0.092402 0.696954 2
0.137323 0.096067 0.653473 2
0.143878 0.134482 0.651129 2
0.107933 0.126602 0.646877 2
0.140364 0.123920 0.651175 2
0.099621 0.120594 0.645943 2
0.090154 0.154134 0.644901 2
0.136652 0.134306 0.650280 2
0.187006 0.131201 0.658239 2
0.166885 0.136220 0.653837 2
0.154865 0.125423 0.652884 2
0.180307 0.150748 0.655468 2
0.135431 0.111979 0.650047 2
0.127047 0.103628 0.649149 2
0.112811 0.161910 0.648086 2
0.186667 0.140445 0.657047 2
0.102017 0.173137 0.646360 2
0.111530 0.161747 0.647436 2
0.133182 0.171905 0.650518 2
0.092547 0.167050 0.645364 2
0.108089 0.100923 0.662130 2
0.140377 0.139202 0.651236 2
0.123571 0.159881 0.649342 2
0.105557 0.132384 0.646621 2
0.151122 0.134657 0.651980 2
0.147213 0.091015 0.677281 2
0.146270 0.112199 0.651320 2
0.157221 0.184308 0.652888 2
0.180063 0.116652 0.663282 2
0.176655 0.161294 0.655080 2
0.157219 0.181950 0.652879 2
0.148719 0.148719 0.651756 2
0.155090 0.095669 0.658845 2
0.084037 0.151032 0.651590 2
0.142696 0.094144 0.656498 2
0.107967 0.185845 0.654153 2
0.133097 0.194075 0.650102 2
0.110320 0.134835 0.647189 2
0.119900 0.178388 0.648494 2
0.147592 0.091714 0.673436 2
0.182819 0.161520 0.655999 2
0.133031 0.115450 0.649780 2
0.143876 0.132131 0.651121 2
0.119541 0.098342 0.652923 2
0.111512 0.136033 0.647334 2
0.147606 0.126436 0.652035 2
0.133169 0.155461 0.650453 2
0.131827 0.111907 0.649623 2
0.098430 0.129881 0.645774 2
0.184806 0.123006 0.658863 2
0.093709 0.162389 0.645346 2
0.191173 0.136382 0.660331 2
0.179068 0.134153 0.655262 2
0.260135 0.196880 0.876683 2
0.144269 0.199622 0.652901 2
0.084040 0.134106 0.660854 2
0.183107 0.171256 0.657033 2
0.104394 0.172045 0.646637 2
0.135895 0.200607 0.652276 2
0.128370 0.176436 0.649920 2
0.162162 0.144471 0.653815 2
0.162184 0.166902 0.653905 2
0.141506 0.177910 0.651024 2
0.142688 0.152083 0.651058 2
0.172150 0.186348 0.655923 2
0.117860 0.101442 0.650146 2
0.133044 0.128355 0.649842 2
0.129549 0.136584 0.649954 2
0.130755 0.142482 0.650118 2
0.172960 0.125735 0.654511 2
0.185306 0.145047 0.656423 2
0.122257 0.133956 0.648587 2
0.104381 0.152198 0.646559 2
0.186694 0.139280 0.657142 2
0.146205 0.091605 0.672641 2
0.147542 0.183986 0.651750 2
0.116271 0.118608 0.647824 2
0.167039 0.187108 0.654444 2
0.107044 0.109409 0.655727 2
0.128225 0.104805 0.649185 2
0.094882 0.142613 0.645407 2
0.106746 0.131245 0.646756 2
0.112746 0.188690 0.647717 2
0.129055 0.202127 0.653387 2
0.107964 0.173325 0.647061 2
0.192331 0.148268 0.660218 2
0.149960 0.186421 0.652042 2
0.094884 0.147274 0.645426 2
0.147635 0.158223 0.652162 2
0.175414 0.141158 0.654857 2
0.179138 0.116829 0.664288 2
0.093704 0.155398 0.645318 2
0.180305 0.149565 0.655463 2
0.190115 0.130518 0.660793 2
0.129455 0.147028 0.649480 2
0.137855 0.134336 0.650422 2
0.185548 0.118727 0.661508 2
0.177844 0.130577 0.655109 2
0.173001 0.118680 0.654668 2
0.180350 0.166158 0.655625 2
0.170518 0.120956 0.654203 2
0.117566 0.130434 0.648522 2
0.085208 0.159251 0.651556 2
0.173567 0.110775 0.656808 2
0.168712 0.191207 0.656358 2
0.123630 0.101365 0.649655 2
0.152314 0.117029 0.652050 2
0.130627 0.103681 0.649481 2
0.106318 0.192077 0.651280 2
0.177372 0.101444 0.690050 2
0.154795 0.180692 0.652590 2
0.155515 0.199272 0.655625 2
0.261708 0.195293 0.876656 2
0.102003 0.149799 0.646271 2
0.156009 0.184267 0.652745 2
0.125886 0.180924 0.649198 2
0.181465 0.181465 0.659679 2
0.129457 0.149373 0.649491 2
0.157195 0.156018 0.652781 2
0.127047 0.134073 0.649151 2
0.088305 0.130410 0.648406 2
0.186189 0.116742 0.663794 2
0.159825 0.192852 0.653907 2
0.152428 0.193624 0.652535 2
0.154797 0.183049 0.652599 2
0.114001 0.157263 0.648208 2
0.113999 0.153752 0.648194 2
0.110349 0.178076 0.647360 2
0.137898 0.186016 0.650624 2
0.137853 0.129640 0.650409 2
0.130658 0.102534 0.649635 2
0.179115 0.167293 0.655435 2
0.170794 0.111695 0.655259 2
0.169357 0.174078 0.654275 2
0.152441 0.123012 0.652590 2
0.129434 0.120063 0.649376 2
0.127398 0.199022 0.650941 2
0.107928 0.119596 0.646849 2
0.117515 0.188843 0.648243 2
0.108326 0.109497 0.649235 2
0.157188 0.150124 0.652752 2
0.166156 0.105843 0.655616 2
0.151110 0.121712 0.651930 2
0.159749 0.160928 0.653596 2
0.129424 0.108342 0.649327 2
0.158433 0.184348 0.653030 2
0.157331 0.169116 0.653344 2
0.082984 0.130744 0.661938 2
0.096184 0.176628 0.646334 2
0.144009 0.154589 0.651722 2
0.181562 0.133066 0.655731 2
0.119846 0.108154 0.648200 2
0.116383 0.146794 0.648447 2
0.164571 0.123281 0.654015 2
0.109528 0.186841 0.649415 2
0.258542 0.179477 0.876645 2
0.108289 0.191409 0.649013 2
0.105586 0.177922 0.646798 2
0.181526 0.148414 0.655602 2
0.118788 0.166771 0.648807 2
0.086119 0.162279 0.649563 2
0.149981 0.102928 0.652131 2
0.149957 0.182889 0.652030 2
0.113878 0.110374 0.647509 2
0.110708 0.104851 0.649469 2
0.162170 0.152735 0.653848 2
0.171745 0.129251 0.654381 2
0.082722 0.158898 0.659851 2
0.091600 0.172114 0.646896 2
0.182845 0.133140 0.656092 2
0.093818 0.173068 0.646102 2
0.135460 0.147188 0.650188 2
0.130818 0.094118 0.656321 2
0.147392 0.089903 0.678103 2
0.127030 0.111809 0.649060 2
0.163391 0.158672 0.654015 2
0.185736 0.128769 0.657948 2
0.096057 0.127494 0.645485 2
0.153980 0.197637 0.654127 2
0.121078 0.104700 0.648538 2
0.084150 0.138288 0.652465 2
0.145072 0.103958 0.651218 2
0.146440 0.172317 0.652077 2
0.146402 0.195791 0.651912 2
0.143890 0.147413 0.651182 2
0.183489 0.121732 0.658403 2
0.175415 0.142340 0.654862 2
0.085026 0.156566 0.650167 2
0.139085 0.164907 0.650688 2
0.094674 0.181703 0.651995 2
0.139081 0.160207 0.650665 2
0.175976 0.103904 0.665925 2
0.174615 0.182902 0.656296 2
0.099644 0.175397 0.646094 2
0.147496 0.132217 0.651545 2
0.151998 0.092175 0.676827 2
0.108485 0.188236 0.650184 2
0.135424 0.104939 0.650017 2
0.130644 0.130644 0.649567 2
0.134292 0.188243 0.650209 2
0.096545 0.181973 0.648763 2
0.181510 0.105413 0.691587 2
0.174204 0.150583 0.654751 2
0.120187 0.096505 0.656449 2
0.191556 0.124302 0.665803 2
0.116317 0.184121 0.648084 2
0.149928 0.149928 0.651904 2
0.087872 0.153049 0.645228 2
0.124504 0.096181 0.654246 2
0.083962 0.161375 0.660246 2
0.123400 0.096240 0.654649 2
0.147474 0.109871 0.651452 2
0.174692 0.098847 0.689298 2
0.260122 0.184220 0.876639 2
0.083018 0.156028 0.652823 2
0.100801 0.126438 0.646038 2
0.174185 0.132853 0.654681 2
0.134289 0.094061 0.655924 2
0.104366 0.128854 0.646467 2
0.151168 0.184107 0.652176 2
0.159841 0.104398 0.653972 2
0.179129 0.168488 0.655485 2
0.146425 0.155834 0.652011 2
0.110332 0.152363 0.647258 2
0.145201 0.138147 0.651798 2
0.086636 0.129071 0.653465 2
0.160944 0.140899 0.653658 2
0.094886 0.150770 0.645439 2
0.177002 0.117804 0.656369 2
0.133095 0.192900 0.650095 2
0.083027 0.141911 0.652890 2
0.118760 0.128120 0.648654 2
0.162001 0.112517 0.653168 2
0.119980 0.160949 0.648925 2
0.193203 0.164492 0.663209 2
0.117569 0.135117 0.648541 2
0.137969 0.100395 0.650959 2
0.093709 0.163555 0.645351 2
0.131854 0.145919 0.649758 2
0.135470 0.158928 0.650236 2
0.116375 0.136258 0.648405 2
0.096071 0.149637 0.645574 2
0.099630 0.152067 0.646001 2
0.142672 0.134452 0.650988 2
0.162008 0.118413 0.653194 2
0.146427 0.158188 0.652020 2
0.116395 0.164357 0.648517 2
0.109137 0.146488 0.647095 2
0.102012 0.164969 0.646331 2
0.158659 0.194048 0.653962 2
0.145206 0.142854 0.651817 2
0.101991 0.131132 0.646197 2
0.096160 0.121803 0.646177 2
0.082915 0.165233 0.661390 2
0.143918 0.180338 0.651312 2
0.147493 0.128689 0.651536 2
0.186654 0.141620 0.657001 2
0.082618 0.150376 0.659018 2
0.140309 0.189623 0.650921 2
0.134214 0.091765 0.692148 2
0.111539 0.175776 0.647491 2
0.144864 0.092403 0.660987 2
0.097265 0.164826 0.645771 2
0.111511 0.134864 0.647329 2
0.156090 0.139597 0.653083 2
0.139203 0.175619 0.651240 2
0.133032 0.116623 0.649786 2
0.124632 0.109419 0.648768 2
0.206664 0.112936 0.851831 2
0.133019 0.203962 0.655496 2
0.101983 0.119466 0.646147 2
0.106748 0.133580 0.646765 2
0.172725 0.190532 0.658115 2
0.170541 0.142215 0.654289 2
0.139175 0.142699 0.651108 2
0.137971 0.142668 0.650967 2
0.096141 0.175384 0.646046 2
0.171778 0.161153 0.654507 2
0.116386 0.151477 0.648466 2
0.093702 0.150738 0.645300 2
0.118757 0.124607 0.648640 2
0.084143 0.159459 0.652410 2
0.141510 0.183786 0.651041 2
0.160317 0.196994 0.655918 2
0.131865 0.152963 0.649810 2
0.166186 0.192208 0.655734 2
0.159731 0.142048 0.653520 2
0.129553 0.196382 0.649974 2
0.175731 0.190028 0.660491 2
0.127516 0.098134 0.651544 2
0.134588 0.098149 0.651643 2
0.144018 0.100518 0.651762 2
0.189361 0.151370 0.658172 2
0.130428 0.090390 0.672625 2
0.145084 0.134511 0.651271 2
0.151289 0.091264 0.679127 2
0.133067 0.160032 0.649957 2
0.148693 0.120482 0.651641 2
0.099634 0.159065 0.646029 2
0.166872 0.122058 0.653788 2
0.160107 0.102209 0.655061 2
0.164623 0.175244 0.654224 2
0.104393 0.170878 0.646633 2
0.177397 0.116060 0.666751 2
0.149947 0.171116 0.651983 2
0.159759 0.170370 0.653634 2
0.151166 0.181752 0.652168 2
0.122468 0.101373 0.649703 2
0.100822 0.118305 0.646170 2
0.136650 0.129612 0.650268 2
0.164272 0.101410 0.657540 2
0.112814 0.166591 0.648105 2
0.137853 0.102656 0.650410 2
0.134268 0.158894 0.650097 2
0.160791 0.116029 0.653040 2
0.119976 0.155090 0.648901 2
0.153829 0.196265 0.653488 2
0.166904 0.155109 0.653914 2
0.086975 0.161692 0.647214 2
0.175406 0.134065 0.654829 2
0.122237 0.108201 0.648482 2
0.180672 0.175933 0.656798 2
0.118702 0.177176 0.648339 2
0.131824 0.108389 0.649609 2
0.264864 0.201613 0.876634 2
0.180316 0.159033 0.655501 2
0.131984 0.100308 0.650397 2
0.109385 0.111751 0.655583 2
0.122283 0.167920 0.648724 2
0.154877 0.138388 0.652936 2
0.170547 0.148122 0.654312 2
0.145083 0.133335 0.651266 2
0.111272 0.101852 0.652777 2
0.135437 0.119020 0.650078 2
0.140390 0.154488 0.651297 2
0.156003 0.177196 0.652721 2
0.162073 0.184469 0.653458 2
0.151248 0.141832 0.652523 2
0.169322 0.141003 0.654141 2
0.141494 0.164978 0.650969 2
0.122270 0.151521 0.648655 2
0.172980 0.106403 0.659086 2
0.177847 0.135306 0.655119 2
0.134270 0.160068 0.650103 2
0.185963 0.113744 0.667278 2
0.162165 0.148013 0.653829 2
0.177881 0.166061 0.655242 2
0.099636 0.162564 0.646041 2
0.133060 0.150645 0.649921 2
0.122385 0.176259 0.649267 2
0.170559 0.159936 0.654359 2
0.148701 0.128717 0.651678 2
0.266429 0.192113 0.876579 2
0.179069 0.136518 0.655267 2
0.141515 0.190840 0.651067 2
0.125370 0.094473 0.658793 2
0.082865 0.163942 0.660992 2
0.160633 0.096141 0.662098 2
0.106773 0.172120 0.646917 2
0.122295 0.184320 0.648787 2
0.109791 0.114488 0.650979 2
0.097249 0.124036 0.645667 2
0.173010 0.174191 0.654702 2
0.163355 0.123254 0.653873 2
0.165950 0.100522 0.659496 2
0.115119 0.177061 0.647917 2
0.185293 0.147406 0.656378 2
0.176659 0.164842 0.655094 2
0.143877 0.133306 0.651125 2
0.185293 0.148590 0.656379 2
0.155978 0.150092 0.652613 2
0.098445 0.154366 0.645871 2
0.109399 0.114130 0.655665 2
0.091339 0.158825 0.645055 2
0.133047 0.134219 0.649857 2
0.165790 0.126850 0.654173 2
0.245912 0.149445 0.876717 2
0.162177 0.159818 0.653877 2
0.111524 0.153565 0.647403 2
0.170417 0.101054 0.662990 2
0.135490 0.182412 0.650329 2
0.164500 0.182188 0.653734 2
0.178031 0.121250 0.655796 2
0.126442 0.200543 0.652068 2
0.104390 0.166207 0.646614 2
0.261713 0.200041 0.876672 2
0.163386 0.153949 0.653996 2
0.140262 0.102702 0.650700 2
0.130671 0.165829 0.649700 2
0.084080 0.132978 0.661171 2
0.166879 0.130319 0.653815 2
0.118705 0.179520 0.648356 2
0.118678 0.144402 0.648209 2
0.107941 0.139449 0.646928 2
0.117731 0.097616 0.655961 2
0.130164 0.092974 0.665075 2
0.149944 0.166409 0.651973 2
0.094881 0.141448 0.645403 2
0.127177 0.171718 0.649812 2
0.177908 0.170816 0.655344 2
0.166691 0.195165 0.657728 2
0.118710 0.188884 0.648385 2
0.092618 0.119754 0.654086 2
0.097257 0.150835 0.645718 2
0.130668 0.162310 0.649688 2
0.096431 0.117471 0.647999 2
0.137980 0.153246 0.651009 2
0.184040 0.155635 0.656131 2
0.152327 0.128801 0.652103 2
0.145203 0.140500 0.651808 2
0.106981 0.101005 0.662666 2
0.110321 0.136004 0.647194 2
0.112795 0.139679 0.647998 2
0.123458 0.137500 0.648747 2
0.103181 0.134661 0.646351 2
0.116388 0.153819 0.648475 2
0.147497 0.133393 0.651550 2
0.086797 0.143886 0.645893 2
0.104388 0.163872 0.646605 2
0.147510 0.147510 0.651610 2
0.175413 0.123439 0.654855 2
0.143393 0.096185 0.654275 2
0.090349 0.129987 0.646299 2
0.139176 0.143874 0.651113 2
0.164615 0.166975 0.654191 2
0.181527 0.149597 0.655607 2
0.168126 0.161047 0.654080 2
0.115204 0.170175 0.648400 2
0.140582 0.199403 0.652185 2
0.160940 0.137359 0.653644 2
0.117463 0.116294 0.647955 2
0.148825 0.137060 0.652220 2
0.165807 0.143385 0.654239 2
0.113882 0.109210 0.647531 2
0.180120 0.104083 0.691042 2
0.179068 0.135335 0.655262 2
0.134286 0.180025 0.650181 2
0.122263 0.139812 0.648616 2
0.124782 0.176335 0.649549 2
0.092515 0.144881 0.645138 2
0.145233 0.173456 0.651940 2
0.138577 0.202263 0.653826 2
0.124779 0.172816 0.649535 2
0.197278 0.138155 0.668913 2
0.143917 0.179162 0.651308 2
0.083316 0.138860 0.655163 2
0.093705 0.156563 0.645322 2
0.194642 0.137148 0.664037 2
0.169340 0.115057 0.654211 2
0.109148 0.164014 0.647164 2
0.112817 0.171272 0.648124 2
0.171746 0.130433 0.654386 2
0.132087 0.099212 0.650905 2
0.157509 0.195264 0.654086 2
0.177467 0.188295 0.667014 2
0.158105 0.098890 0.656560 2
0.186832 0.134637 0.657626 2
0.175407 0.135247 0.654833 2
0.182257 0.184663 0.666931 2
0.107007 0.112919 0.655499 2
0.125885 0.178581 0.649195 2
0.116391 0.158502 0.648494 2
0.171781 0.163516 0.654517 2
0.125977 0.171681 0.649671 2
0.159648 0.156113 0.653181 2
0.179070 0.132973 0.655270 2
0.123505 0.094866 0.661536 2
0.146429 0.160543 0.652030 2
0.093021 0.121103 0.648668 2
0.165383 0.098513 0.661987 2
0.133070 0.153001 0.649971 2
0.112816 0.168931 0.648114 2
0.141587 0.143937 0.651396 2
0.140408 0.174481 0.651377 2
0.130804 0.204196 0.656249 2
0.176654 0.160111 0.655075 2
0.133143 0.123758 0.650326 2
0.092512 0.140223 0.645120 2
0.086600 0.167898 0.653192 2
0.129550 0.137757 0.649959 2
0.179749 0.118053 0.657755 2
0.171758 0.142247 0.654432 2
0.146398 0.126408 0.651893 2
0.258541 0.177895 0.876639 2
0.172990 0.155278 0.654627 2
0.118698 0.171322 0.648315 2
0.151619 0.198815 0.654122 2
0.103504 0.110601 0.655780 2
0.089011 0.125558 0.653590 2
0.123489 0.177333 0.648913 2
0.099618 0.132241 0.645923 2
0.188104 0.122417 0.662107 2
0.092523 0.160024 0.645198 2
0.084990 0.142432 0.649891 2
0.133026 0.103725 0.649754 2
0.136650 0.130785 0.650271 2
0.112733 0.178153 0.647641 2
0.119846 0.106984 0.648199 2
0.134225 0.107263 0.649886 2
0.140391 0.155664 0.651302 2
0.082977 0.144179 0.652493 2
0.175425 0.151799 0.654899 2
0.166874 0.124419 0.653796 2
0.152316 0.118207 0.652056 2
0.108030 0.187134 0.654537 2
0.100814 0.147433 0.646122 2
0.188705 0.110966 0.695117 2
0.127610 0.091323 0.670568 2
0.163400 0.168120 0.654053 2
0.122254 0.130444 0.648571 2
0.125954 0.141185 0.649549 2
0.185120 0.120834 0.659982 2
0.123453 0.132814 0.648722 2
0.158502 0.126684 0.653316 2
0.180782 0.120324 0.657196 2
0.234980 0.253968 0.877232 2
0.146466 0.100585 0.652196 2
0.102024 0.180146 0.646407 2
0.154883 0.144282 0.652960 2
0.084867 0.153930 0.648946 2
0.180325 0.162588 0.655536 2
0.121097 0.181938 0.648639 2
0.090243 0.133327 0.645540 2
0.165663 0.130290 0.653671 2
0.194105 0.154687 0.662206 2
0.127084 0.180963 0.649339 2
0.095415 0.180879 0.649038 2
0.105909 0.189926 0.656024 2
0.091553 0.119905 0.654910 2
0.158362 0.111265 0.652736 2
0.119871 0.142091 0.648338 2
0.180494 0.124866 0.656148 2
0.109280 0.109280 0.647944 2
0.163373 0.140961 0.653944 2
0.110334 0.155869 0.647272 2
0.093692 0.133264 0.645231 2
0.157836 0.094221 0.665411 2
0.165666 0.133830 0.653684 2
0.151107 0.118181 0.651914 2
0.123547 0.128231 0.649216 2
0.158542 0.166793 0.653477 2
0.185733 0.109439 0.693381 2
0.170554 0.155210 0.654340 2
0.193060 0.116339 0.697260 2
0.150059 0.101805 0.652471 2
0.107967 0.179168 0.647084 2
0.112690 0.116194 0.647394 2
0.089014 0.156502 0.645071 2
0.148756 0.191090 0.651919 2
0.134285 0.177679 0.650178 2
0.162002 0.113696 0.653173 2
0.162167 0.150373 0.653839 2
0.162067 0.177389 0.653432 2
0.136790 0.170841 0.650938 2
0.119977 0.157434 0.648911 2
0.113882 0.115050 0.647529 2
0.128380 0.175276 0.649967 2
0.092514 0.143717 0.645134 2
0.142677 0.102751 0.651010 2
0.142791 0.141616 0.651529 2
0.162175 0.157457 0.653867 2
0.181524 0.144865 0.655595 2
0.154729 0.112370 0.652314 2
0.169323 0.142184 0.654146 2
0.124400 0.094352 0.666330 2
0.155943 0.107689 0.652469 2
0.109154 0.172194 0.647197 2
0.092510 0.134402 0.645107 2
0.107377 0.189524 0.650581 2
0.127033 0.115325 0.649076 2
0.146590 0.198397 0.652747 2
0.127034 0.116496 0.649080 2
0.180448 0.170982 0.655983 2
0.184162 0.164028 0.656567 2
0.144423 0.097264 0.653596 2
0.179101 0.164915 0.655384 2
0.181971 0.122697 0.657210 2
0.085244 0.138154 0.651832 2
0.163686 0.193233 0.655198 2
0.122372 0.158674 0.649197 2
0.152442 0.124190 0.652595 2
0.196792 0.139018 0.667266 2
0.103180 0.132327 0.646341 2
0.117578 0.146826 0.648588 2
0.159760 0.171550 0.653639 2
0.148738 0.171078 0.651841 2
0.122259 0.104710 0.648594 2
0.175411 0.138793 0.654847 2
0.128338 0.122478 0.649756 2
0.190805 0.150385 0.659060 2
0.116318 0.185291 0.648088 2
0.115203 0.167834 0.648390 2
0.144028 0.196936 0.651808 2
0.121048 0.105844 0.648378 2
0.121096 0.179597 0.648636 2
0.111508 0.115011 0.647312 2
0.165801 0.137479 0.654216 2
0.104711 0.107077 0.655932 2
0.140274 0.147317 0.650756 2
0.096078 0.162459 0.645623 2
0.145234 0.174633 0.651944 2
0.116446 0.193687 0.648801 2
0.160895 0.189184 0.653460 2
0.125966 0.157605 0.649615 2
0.139087 0.166082 0.650693 2
0.135488 0.178891 0.650320 2
0.085277 0.137031 0.652083 2
0.146572 0.099480 0.652665 2
0.140302 0.180220 0.650887 2
0.137973 0.145018 0.650976 2
0.139037 0.109704 0.650461 2
0.136779 0.156738 0.650882 2
0.180301 0.146015 0.655449 2
0.160799 0.121924 0.653070 2
0.113924 0.174683 0.647767 2
0.124753 0.138810 0.649399 2
0.164937 0.094514 0.684929 2
0.106750 0.137083 0.646779 2
0.128360 0.196350 0.649868 2
0.139470 0.089529 0.675283 2
0.112812 0.163080 0.648091 2
0.089037 0.139084 0.645235 2
0.104389 0.165040 0.646609 2
0.142702 0.167366 0.651122 2
0.098454 0.169527 0.645929 2
0.179345 0.121339 0.656276 2
0.158408 0.156052 0.652925 2
0.096062 0.134486 0.645514 2
0.169989 0.107206 0.656717 2
0.131856 0.148265 0.649768 2
0.160954 0.151521 0.653701 2
0.139038 0.110878 0.650466 2
0.127166 0.157639 0.649756 2
0.189467 0.157394 0.658542 2
0.133107 0.176499 0.650152 2
0.165657 0.122032 0.653647 2
0.184193 0.117430 0.660928 2
0.097853 0.110901 0.657555 2
0.188264 0.176311 0.662670 2
0.093931 0.175611 0.646881 2
0.194511 0.138253 0.663592 2
0.179108 0.128272 0.655410 2
0.115186 0.144421 0.648297 2
0.163360 0.127975 0.653892 2
0.166905 0.156290 0.653919 2
0.102183 0.115029 0.647410 2
0.179072 0.138884 0.655277 2
0.100816 0.150933 0.646136 2
0.158024 0.092847 0.681756 2
0.141613 0.174519 0.651519 2
0.105660 0.113923 0.654478 2
0.159712 0.123173 0.653445 2
0.191464 0.133011 0.661336 2
0.158490 0.105464 0.653265 2
0.175441 0.108833 0.659398 2
0.175429 0.155346 0.654913 2
0.128227 0.110662 0.649196 2
0.125856 0.103612 0.649047 2
0.098440 0.121740 0.645840 2
0.144124 0.198245 0.652246 2
0.154775 0.159483 0.652506 2
0.155153 0.092601 0.679955 2
0.136788 0.168491 0.650928 2
0.109140 0.151161 0.647114 2
0.131887 0.185814 0.649918 2
0.150021 0.122958 0.652305 2
0.083062 0.140793 0.653163 2
0.099628 0.148568 0.645987 2
0.148112 0.093388 0.659523 2
0.174556 0.115384 0.656073 2
0.160925 0.106694 0.653584 2
0.156812 0.098821 0.656103 2
0.140303 0.181396 0.650891 2
0.113947 0.189911 0.647898 2
0.104367 0.130021 0.646472 2
0.164590 0.142173 0.654091 2
0.134286 0.181199 0.650184 2
0.127154 0.142389 0.649695 2
0.173078 0.180166 0.654957 2
0.196285 0.156668 0.665547 2
0.150489 0.092000 0.675536 2
0.161413 0.195705 0.655563 2
0.093021 0.177266 0.648669 2
0.147636 0.159400 0.652167 2
0.138217 0.093133 0.657727 2
0.183474 0.185880 0.666981 2
0.123511 0.093387 0.668025 2
0.176646 0.153014 0.655047 2
0.122285 0.170262 0.648732 2
0.127069 0.159860 0.649259 2
0.146478 0.197068 0.652246 2
0.131847 0.135363 0.649720 2
0.100831 0.175435 0.646232 2
0.116374 0.135088 0.648400 2
0.099640 0.169563 0.646068 2
0.137842 0.119072 0.650361 2
0.168168 0.112702 0.654240 2
0.186632 0.143973 0.656925 2
0.170530 0.131585 0.654247 2
0.123496 0.189048 0.648947 2
0.188018 0.155990 0.657627 2
0.101996 0.139298 0.646229 2
0.174187 0.134035 0.654685 2
0.126078 0.100276 0.650191 2
0.165811 0.146928 0.654253 2
0.182754 0.117272 0.660037 2
0.111507 0.127853 0.647302 2
0.130791 0.100293 0.650297 2
0.143035 0.098300 0.652645 2
0.142671 0.133277 0.650983 2
0.175650 0.107772 0.660187 2
0.119973 0.151576 0.648887 2
0.179327 0.186524 0.664988 2
0.086241 0.135521 0.650482 2
0.129430 0.115375 0.649357 2
0.158430 0.180810 0.653017 2
0.148828 0.140592 0.652234 2
0.141490 0.161452 0.650953 2
0.170555 0.156391 0.654345 2
0.141506 0.179085 0.651025 2
0.142400 0.095130 0.655137 2
0.147531 0.169866 0.651700 2
0.239601 0.139965 0.876771 2
0.151120 0.132303 0.651971 2
0.092522 0.157694 0.645188 2
0.099626 0.145069 0.645973 2
0.180852 0.116390 0.661790 2
0.094926 0.125210 0.645713 2
0.092513 0.142552 0.645130 2
0.141492 0.162627 0.650959 2
0.106772 0.170952 0.646912 2
0.096077 0.160128 0.645614 2
0.157384 0.096806 0.658496 2
0.158547 0.172693 0.653501 2
0.087861 0.171594 0.653806 2
0.149081 0.198578 0.653343 2
0.115126 0.187591 0.647957 2
0.177902 0.124708 0.655320 2
0.151203 0.102959 0.652330 2
0.088423 0.169234 0.649275 2
0.134382 0.168417 0.650645 2
0.089207 0.166170 0.646468 2
0.148826 0.138237 0.652224 2
0.162188 0.170444 0.653920 2
0.175347 0.102031 0.677417 2
0.133109 0.195265 0.650160 2
0.152346 0.149993 0.652185 2
0.131892 0.191684 0.649946 2
0.112788 0.129151 0.647956 2
0.111526 0.155902 0.647412 2
0.186238 0.174338 0.659726 2
0.148842 0.155902 0.652295 2
0.140301 0.179046 0.650884 2
0.121072 0.149147 0.648507 2
0.127142 0.127142 0.649634 2
0.110328 0.146520 0.647235 2
0.125886 0.182096 0.649201 2
0.098447 0.159031 0.645889 2
0.171788 0.170607 0.654545 2
0.127119 0.195072 0.649517 2
0.115188 0.146762 0.648307 2
0.132163 0.092694 0.663069 2
0.159727 0.138509 0.653506 2
0.149893 0.113449 0.651751 2
0.140275 0.149666 0.650764 2
0.131821 0.104871 0.649594 2
0.097110 0.113589 0.652558 2
0.165825 0.161104 0.654310 2
0.154925 0.103087 0.653141 2
0.188627 0.168396 0.659759 2
0.162173 0.156276 0.653863 2
0.168462 0.101792 0.660018 2
0.088987 0.147149 0.644874 2
0.115072 0.111567 0.647655 2
0.104363 0.124186 0.646447 2
0.145130 0.187435 0.651479 2
0.091334 0.136711 0.645022 2
0.105583 0.172083 0.646777 2
0.128290 0.190385 0.649516 2
0.156121 0.172617 0.653216 2
0.119955 0.126977 0.648790 2
0.158429 0.179631 0.653013 2
0.141447 0.112101 0.650754 2
0.143443 0.091828 0.665459 2
0.147621 0.142916 0.652101 2
0.163285 0.182148 0.653592 2
0.170682 0.183675 0.654831 2
0.099629 0.150900 0.645996 2
0.119894 0.172530 0.648460 2
0.127085 0.182135 0.649342 2
0.098455 0.171860 0.645940 2
0.122605 0.095093 0.663122 2
0.100819 0.155599 0.646154 2
0.158548 0.173873 0.653505 2
0.133153 0.136673 0.650378 2
0.154783 0.105347 0.652542 2
0.117699 0.194994 0.649258 2
0.141610 0.170990 0.651505 2
0.129470 0.164620 0.649556 2
0.092569 0.168253 0.645514 2
0.159717 0.127891 0.653464 2
0.141479 0.148524 0.650902 2
0.096849 0.114458 0.650804 2
0.158369 0.118335 0.652767 2
0.141513 0.188489 0.651058 2
0.148857 0.172392 0.652361 2
0.182798 0.136655 0.655921 2
0.173004 0.168280 0.654678 2
0.092623 0.170683 0.645896 2
0.136935 0.199232 0.651627 2
0.153568 0.160628 0.652378 2
0.095397 0.117637 0.648913 2
0.109904 0.112255 0.651648 2
0.116384 0.149136 0.648456 2
0.118761 0.129291 0.648659 2
0.158519 0.143197 0.653382 2
0.135729 0.199187 0.651480 2
0.091329 0.141357 0.644986 2
0.184349 0.128629 0.657234 2
0.122368 0.152813 0.649174 2
0.109157 0.176869 0.647215 2
0.154750 0.133568 0.652402 2
0.106558 0.107735 0.652748 2
0.138148 0.199285 0.651802 2
0.090206 0.162371 0.645273 2
0.130682 0.177563 0.649756 2
0.147099 0.096294 0.655013 2
0.094894 0.163590 0.645490 2
0.147472 0.107520 0.651443 2
0.169321 0.139822 0.654136 2
0.096060 0.132156 0.645505 2
0.182763 0.152007 0.655797 2
0.170558 0.116263 0.654356 2
0.093691 0.132099 0.645227 2
0.111503 0.123179 0.647281 2
0.145112 0.166262 0.651397 2
0.176619 0.128182 0.654947 2
0.168091 0.124446 0.653942 2
0.159581 0.118361 0.652909 2
0.110339 0.162881 0.647300 2
0.152312 0.114675 0.652039 2
0.096074 0.155465 0.645596 2
0.124742 0.195019 0.649339 2
0.184636 0.182246 0.662517 2
0.185363 0.158121 0.656627 2
0.103198 0.160335 0.646451 2
0.174844 0.192746 0.661642 2
0.174212 0.157676 0.654779 2
0.131860 0.151785 0.649784 2
0.169317 0.135099 0.654120 2
0.125837 0.118814 0.648949 2
0.157197 0.157197 0.652787 2
0.168096 0.131528 0.653962 2
0.098459 0.175361 0.645961 2
0.100812 0.143934 0.646108 2
0.139185 0.154455 0.651155 2
0.170522 0.123318 0.654217 2
0.145065 0.114525 0.651188 2
0.113982 0.129179 0.648096 2
0.175435 0.122273 0.654937 2
0.128245 0.130587 0.649286 2
0.162028 0.110179 0.653276 2
0.168093 0.127986 0.653948 2
0.180335 0.130669 0.655571 2
0.130644 0.131816 0.649570 2
0.174223 0.168317 0.654822 2
0.157195 0.106563 0.652781 2
0.117587 0.159708 0.648639 2
0.106763 0.158103 0.646861 2
0.130622 0.106020 0.649458 2
0.090227 0.163573 0.645424 2
0.159621 0.157265 0.653072 2
0.133070 0.163553 0.649971 2
0.159738 0.149128 0.653549 2
0.157302 0.139628 0.653226 2
0.149892 0.112272 0.651746 2
0.110324 0.141846 0.647217 2
0.121091 0.173739 0.648606 2
0.148859 0.174748 0.652371 2
0.114012 0.172479 0.648269 2
0.124744 0.127087 0.649352 2
0.168099 0.133889 0.653973 2
0.171245 0.100343 0.666212 2
0.123451 0.130472 0.648712 2
0.148856 0.195926 0.652359 2
0.142223 0.091815 0.665369 2
0.171771 0.154062 0.654479 2
0.147603 0.122905 0.652021 2
0.106754 0.142922 0.646802 2
0.189353 0.150176 0.658144 2
0.168147 0.181127 0.654160 2
0.153536 0.128829 0.652244 2
0.089162 0.164921 0.646144 2
0.096697 0.186868 0.657755 2
0.178740 0.191980 0.667276 2
0.124637 0.115275 0.648794 2
0.137981 0.154421 0.651014 2
0.137996 0.172054 0.651084 2
0.109143 0.155835 0.647132 2
0.129538 0.122504 0.649898 2
0.146333 0.182770 0.651604 2
0.128542 0.099195 0.650791 2
0.184015 0.150881 0.656044 2
0.187527 0.125613 0.660075 2
0.179881 0.107688 0.667043 2
0.147474 0.105171 0.651451 2
0.116310 0.173588 0.648043 2
0.149925 0.146398 0.651890 2
0.122246 0.118736 0.648526 2
0.139055 0.128494 0.650547 2
0.170524 0.125680 0.654224 2
0.158434 0.185527 0.653034 2
0.159683 0.200049 0.658182 2
0.164730 0.106868 0.654647 2
0.112809 0.159569 0.648077 2
0.143917 0.177987 0.651306 2
0.141179 0.095104 0.654957 2
0.110316 0.128994 0.647166 2
0.170544 0.145759 0.654303 2
0.159584 0.120719 0.652921 2
0.160941 0.138539 0.653649 2
0.149962 0.188776 0.652052 2
0.173011 0.175373 0.654707 2
0.153571 0.165339 0.652393 2
0.139129 0.195485 0.650890 2
0.194884 0.162503 0.664863 2
0.147480 0.115751 0.651477 2
0.119982 0.163292 0.648934 2
0.171796 0.177700 0.654576 2
0.169361 0.178803 0.654292 2
0.106781 0.102009 0.661428 2
0.152359 0.162948 0.652242 2
0.115117 0.174721 0.647907 2
0.207977 0.115035 0.844682 2
0.110401 0.188675 0.647668 2
0.185406 0.136833 0.656780 2
0.181527 0.115626 0.664258 2
0.089245 0.131242 0.646742 2
0.154793 0.178336 0.652582 2
0.164585 0.137449 0.654073 2
0.090236 0.123264 0.653927 2
0.186946 0.165581 0.658029 2
0.148679 0.106367 0.651580 2
0.131975 0.165995 0.650353 2
0.116316 0.180612 0.648077 2
0.105577 0.162740 0.646740 2
0.154975 0.092985 0.673846 2
0.109287 0.108118 0.647987 2
0.119906 0.188925 0.648526 2
0.183633 0.187246 0.667562 2
0.115181 0.137399 0.648269 2
0.122248 0.121078 0.648536 2
0.150022 0.124136 0.652310 2
0.157195 0.154840 0.652779 2
0.118778 0.152714 0.648751 2
0.188067 0.139419 0.657800 2
0.156006 0.180732 0.652732 2
0.128236 0.121209 0.649240 2
0.088990 0.151807 0.644898 2
0.170570 0.170570 0.654403 2
0.147552 0.193405 0.651795 2
0.093699 0.144913 0.645278 2
0.088064 0.134720 0.646635 2
0.103175 0.125326 0.646312 2
0.129845 0.092209 0.695497 2
0.101991 0.129965 0.646193 2
0.151246 0.139476 0.652514 2
0.149911 0.132275 0.651829 2
0.151167 0.182929 0.652172 2
0.264853 0.190536 0.876595 2
0.117565 0.129263 0.648518 2
0.174308 0.179035 0.655143 2
0.153563 0.157093 0.652357 2
0.113981 0.191137 0.648090 2
0.180318 0.160217 0.655508 2
0.180597 0.174676 0.656523 2
0.103194 0.154499 0.646428 2
0.157160 0.120666 0.652637 2
0.102134 0.113942 0.654583 2
0.121041 0.108177 0.648341 2
0.131884 0.182293 0.649906 2
0.113982 0.130349 0.648101 2
0.139100 0.183706 0.650758 2
0.128228 0.111834 0.649201 2
0.166901 0.151567 0.653899 2
0.115071 0.110398 0.647649 2
0.125908 0.102483 0.649313 2
0.141586 0.142761 0.651392 2
0.152395 0.192407 0.652397 2
0.169309 0.128014 0.654091 2
0.180297 0.135370 0.655432 2
0.142713 0.181475 0.651174 2
0.180234 0.102902 0.691480 2
0.112740 0.187510 0.647678 2
0.136769 0.144987 0.650835 2
0.263280 0.192123 0.876623 2
0.096091 0.124044 0.645709 2
0.092827 0.180332 0.655561 2
0.117568 0.132775 0.648531 2
0.087670 0.130034 0.652387 2
0.170517 0.119775 0.654197 2
0.139104 0.188407 0.650775 2
0.173230 0.114107 0.655534 2
0.110567 0.099809 0.662663 2
0.124769 0.159916 0.649483 2
0.157189 0.151302 0.652757 2
0.094880 0.139118 0.645393 2
0.136762 0.100370 0.650801 2
0.129469 0.162276 0.649551 2
0.149944 0.165233 0.651972 2
0.098441 0.148536 0.645848 2
0.103181 0.133494 0.646346 2
0.180639 0.106934 0.669855 2
0.131872 0.164693 0.649842 2
0.181432 0.117188 0.659561 2
0.112961 0.104767 0.648952 2
0.137904 0.191891 0.650650 2
0.122288 0.164416 0.648752 2
0.176732 0.175550 0.655365 2
0.159650 0.187927 0.653190 2
0.159436 0.098981 0.657164 2
0.129456 0.148201 0.649485 2
0.175646 0.180378 0.655726 2
0.122385 0.175086 0.649262 2
0.160788 0.112493 0.653026 2
0.160959 0.156242 0.653720 2
0.109304 0.188799 0.648091 2
0.091333 0.147179 0.645009 2
0.139099 0.182531 0.650754 2
0.118783 0.159742 0.648779 2
0.140387 0.100444 0.651279 2
0.140381 0.196768 0.651254 2
0.158938 0.201798 0.660018 2
0.153582 0.177119 0.652437 2
0.163385 0.152768 0.653991 2
0.127179 0.174065 0.649821 2
0.116265 0.110422 0.647790 2
0.124663 0.149245 0.648932 2
0.177878 0.163695 0.655233 2
0.091948 0.176282 0.649354 2
0.194141 0.142768 0.662329 2
0.131833 0.118943 0.649654 2
0.174178 0.125762 0.654652 2
0.154780 0.164196 0.652528 2
0.115178 0.132718 0.648251 2
0.182941 0.167548 0.656435 2
0.132215 0.098133 0.651533 2
0.130765 0.155394 0.650170 2
0.121150 0.124661 0.648921 2
0.174210 0.156494 0.654775 2
0.117560 0.122239 0.648490 2
0.166932 0.182268 0.654022 2
0.098431 0.132213 0.645784 2
0.113880 0.112712 0.647520 2
0.114901 0.198572 0.653322 2
0.119851 0.114004 0.648226 2
0.148687 0.105197 0.651615 2
0.106755 0.145257 0.646811 2
0.103192 0.150998 0.646415 2
0.147545 0.187517 0.651763 2
0.196131 0.155346 0.665026 2
0.096067 0.143810 0.645551 2
0.157172 0.133626 0.652686 2
0.160963 0.160963 0.653739 2
0.189421 0.141918 0.658382 2
0.156085 0.104253 0.653062 2
0.141517 0.192016 0.651073 2
0.264861 0.198448 0.876623 2
0.168083 0.118542 0.653909 2
0.122301 0.192521 0.648818 2
0.169336 0.153995 0.654193 2
0.127035 0.118840 0.649090 2
0.150050 0.154758 0.652433 2
0.115339 0.103630 0.649159 2
0.169467 0.097982 0.683268 2
0.128679 0.098125 0.651483 2
0.179079 0.144799 0.655301 2
0.112800 0.099670 0.661741 2
0.110458 0.186435 0.648001 2
0.195845 0.149130 0.664057 2
0.105552 0.124213 0.646587 2
0.151453 0.197419 0.653408 2
0.192709 0.171097 0.665636 2
0.142685 0.149732 0.651048 2
0.151860 0.200313 0.655163 2
0.124677 0.166821 0.649001 2
0.133034 0.118969 0.649795 2
0.115458 0.102564 0.649824 2
0.133273 0.099221 0.650964 2
0.162022 0.132563 0.653252 2
0.183629 0.120637 0.658906 2
0.137354 0.202199 0.653618 2
0.110420 0.100871 0.661786 2
0.158544 0.169153 0.653487 2
0.155981 0.153626 0.652627 2
0.151483 0.090154 0.679995 2
0.101144 0.111790 0.655816 2
0.176628 0.136459 0.654981 2
0.155961 0.133597 0.652544 2
0.133183 0.173079 0.650523 2
0.109401 0.099836 0.662841 2
0.163364 0.107926 0.653908 2
0.154728 0.111193 0.652309 2
0.125033 0.099204 0.650855 2
0.123437 0.111737 0.648638 2
0.086512 0.132416 0.652528 2
0.147498 0.104013 0.651558 2
0.145144 0.194505 0.651543 2
0.123567 0.155191 0.649324 2
0.148746 0.179318 0.651875 2
0.176947 0.112166 0.665060 2
0.154748 0.131212 0.652393 2
0.116371 0.130406 0.648382 2
0.092592 0.169460 0.645676 2
0.122269 0.150350 0.648651 2
0.127155 0.143562 0.649700 2
0.152526 0.101881 0.652958 2
0.130657 0.149406 0.649632 2
0.147707 0.197139 0.652479 2
0.168108 0.143334 0.654007 2
0.181706 0.127253 0.656250 2
0.134527 0.199147 0.651347 2
0.084095 0.165207 0.661285 2
0.130684 0.182254 0.649765 2
0.093708 0.161224 0.645341 2
0.087744 0.128965 0.652933 2
0.107959 0.166315 0.647033 2
0.135461 0.148362 0.650192 2
0.181542 0.135417 0.655659 2
0.136750 0.122664 0.650745 2
0.111520 0.147720 0.647380 2
0.158394 0.107755 0.652868 2
0.084076 0.142870 0.651888 2
0.105779 0.186148 0.655221 2
0.112799 0.145529 0.648021 2
0.167165 0.196910 0.659598 2
0.165652 0.119670 0.653628 2
0.147954 0.098439 0.653570 2
0.118652 0.109300 0.648065 2
0.125893 0.190303 0.649235 2
0.158373 0.121871 0.652784 2
0.082649 0.143298 0.659269 2
0.153528 0.120587 0.652210 2
0.103204 0.170841 0.646492 2
0.117511 0.182990 0.648220 2
0.170549 0.150485 0.654322 2
0.117457 0.109276 0.647924 2
0.117558 0.104691 0.648477 2
0.129428 0.113030 0.649346 2
0.154802 0.188941 0.652621 2
0.112796 0.140849 0.648002 2
0.139033 0.105008 0.650441 2
0.094886 0.127485 0.645437 2
0.135488 0.180064 0.650322 2
0.166877 0.127958 0.653806 2
0.143992 0.135764 0.651647 2
0.127045 0.129387 0.649138 2
0.105553 0.125380 0.646592 2
0.118704 0.178349 0.648351 2
0.116392 0.170201 0.648497 2
0.127167 0.158812 0.649761 2
0.130630 0.115400 0.649498 2
0.260127 0.188968 0.876656 2
0.176644 0.150649 0.655038 2
0.099623 0.141570 0.645959 2
0.091485 0.169569 0.646089 2
0.172982 0.147005 0.654594 2
0.130625 0.109538 0.649473 2
0.122294 0.183149 0.648783 2
0.153572 0.166516 0.652395 2
0.117567 0.131605 0.648527 2
0.144014 0.160473 0.651746 2
0.173005 0.169462 0.654683 2
0.111538 0.174607 0.647486 2
0.091574 0.126570 0.646711 2
0.142711 0.176773 0.651164 2
0.132560 0.202081 0.653238 2
0.180368 0.167358 0.655692 2
0.171742 0.126889 0.654371 2
0.129423 0.107170 0.649322 2
0.134227 0.109609 0.649896 2
0.121309 0.101384 0.649774 2
0.139859 0.091839 0.665542 2
0.089069 0.136805 0.645465 2
0.158512 0.136120 0.653354 2
0.145057 0.105122 0.651151 2
0.166915 0.098713 0.663332 2
0.142696 0.161487 0.651094 2
0.162189 0.171625 0.653924 2
0.185466 0.162949 0.656991 2
0.082954 0.146493 0.652313 2
0.139111 0.194286 0.650807 2
0.130220 0.202106 0.653317 2
0.162163 0.145652 0.653820 2
0.166928 0.178725 0.654007 2
0.104383 0.155700 0.646573 2
0.106774 0.174456 0.646926 2
0.094048 0.120919 0.647685 2
0.137550 0.095045 0.654550 2
0.160794 0.118387 0.653052 2
0.136753 0.126188 0.650759 2
0.177849 0.136488 0.655124 2
0.162185 0.168083 0.653910 2
0.184089 0.136735 0.656309 2
0.175418 0.144705 0.654873 2
0.187887 0.123468 0.661341 2
0.117506 0.175967 0.648193 2
0.189459 0.140758 0.658513 2
0.136752 0.125014 0.650755 2
0.110703 0.101231 0.656385 2
0.139071 0.149634 0.650622 2
0.135450 0.102614 0.650140 2
0.145111 0.165086 0.651394 2
0.153586 0.183009 0.652456 2
0.155957 0.128885 0.652528 2
0.184751 0.112536 0.667249 2
0.152461 0.145398 0.652679 2
0.086792 0.126940 0.654637 2
0.148755 0.189912 0.651914 2
0.113927 0.179362 0.647787 2
0.123546 0.127059 0.649212 2
0.136632 0.110830 0.650183 2
0.091478 0.120987 0.654372 2
0.088557 0.128437 0.650260 2
0.119864 0.105831 0.648296 2
0.125388 0.097131 0.652703 2
0.109146 0.160509 0.647150 2
0.100827 0.168433 0.646203 2
0.113085 0.098725 0.663413 2
0.123444 0.121104 0.648677 2
0.130757 0.144829 0.650128 2
0.137956 0.125041 0.650896 2
0.179333 0.175781 0.656230 2
0.087989 0.136936 0.646084 2
0.097757 0.111976 0.656908 2
0.148692 0.119306 0.651636 2
0.146303 0.147478 0.651467 2
0.157304 0.141986 0.653235 2
0.143936 0.194461 0.651394 2
0.119902 0.183069 0.648501 2
0.181069 0.188288 0.666987 2
0.086774 0.148505 0.645716 2
0.169325 0.143365 0.654150 2
0.176640 0.147101 0.655023 2
0.162153 0.136209 0.653782 2
0.260145 0.206376 0.876716 2
0.151118 0.129950 0.651964 2
0.143078 0.093209 0.658257 2
0.091349 0.162334 0.645126 2
0.177889 0.168433 0.655273 2
0.137833 0.108506 0.650315 2
0.159586 0.121898 0.652927 2
0.139805 0.202334 0.654056 2
0.165717 0.183409 0.653884 2
0.179093 0.157814 0.655353 2
0.154770 0.153593 0.652484 2
0.135381 0.203958 0.655484 2
0.181596 0.165033 0.655853 2
0.135501 0.194159 0.650384 2
0.082659 0.155209 0.659350 2
0.100825 0.164933 0.646190 2
0.110313 0.125489 0.647152 2
0.176008 0.100132 0.689583 2
0.154767 0.150059 0.652471 2
0.158405 0.153694 0.652914 2
0.100809 0.139268 0.646090 2
0.139188 0.157982 0.651169 2
0.119953 0.124634 0.648780 2
0.117116 0.095495 0.665921 2
0.149894 0.114625 0.651755 2
0.171742 0.125708 0.654370 2
0.156362 0.093576 0.669377 2
0.122236 0.107030 0.648476 2
0.182761 0.148456 0.655789 2
0.105574 0.111472 0.653947 2
0.103182 0.135827 0.646355 2
0.178173 0.110983 0.665160 2
0.110328 0.147688 0.647240 2
0.128285 0.183347 0.649487 2
0.140305 0.183746 0.650899 2
0.145191 0.126381 0.651751 2
0.151155 0.168799 0.652121 2
0.100430 0.107561 0.658893 2
0.146336 0.186299 0.651616 2
0.133149 0.196497 0.650355 2
0.117830 0.196383 0.649978 2
0.129426 0.110686 0.649337 2
0.140237 0.106205 0.650588 2
0.093779 0.171831 0.645832 2
0.111535 0.169931 0.647468 2
0.133027 0.110758 0.649760 2
0.090190 0.161179 0.645161 2
0.107940 0.137113 0.646919 2
0.098524 0.178975 0.646389 2
0.110333 0.154700 0.647267 2
0.169841 0.196062 0.660749 2
0.134272 0.162417 0.650116 2
0.155959 0.131241 0.652535 2
0.152880 0.090255 0.680757 2
0.102120 0.182650 0.647015 2
0.134359 0.141400 0.650538 2
0.200007 0.110947 0.836833 2
0.094886 0.149605 0.645434 2
0.148815 0.126463 0.652177 2
0.175432 0.158893 0.654927 2
0.129427 0.111858 0.649341 2
0.111522 0.150058 0.647389 2
0.133144 0.124932 0.650331 2
0.133024 0.107239 0.649745 2
0.157330 0.167936 0.653339 2
0.089422 0.170078 0.648030 2
0.137852 0.128466 0.650406 2
0.140462 0.198057 0.651629 2
0.143998 0.142823 0.651675 2
0.098464 0.120604 0.645997 2
0.141571 0.126298 0.651326 2
0.115185 0.143251 0.648293 2
0.112735 0.108062 0.647650 2
0.194176 0.155938 0.662447 2
0.128575 0.199028 0.650958 2
0.125835 0.115300 0.648935 2
0.116317 0.182950 0.648080 2
0.131865 0.157652 0.649810 2
0.128226 0.109490 0.649191 2
0.142790 0.140439 0.651524 2
0.142722 0.192058 0.651214 2
0.157286 0.123119 0.653159 2
0.134743 0.097086 0.652396 2
0.084032 0.148673 0.651553 2
0.128376 0.170582 0.649948 2
0.169353 0.170533 0.654261 2
0.261700 0.187380 0.876628 2
0.128870 0.092762 0.690275 2
0.128339 0.101382 0.649763 2
0.147531 0.171042 0.651704 2
0.129556 0.144798 0.649987 2
0.169327 0.145727 0.654160 2
0.089013 0.141373 0.645059 2
0.137967 0.137967 0.650948 2
0.148734 0.165194 0.651821 2
0.109928 0.101609 0.658833 2
0.150066 0.172429 0.652503 2
0.236555 0.252378 0.877204 2
0.174182 0.123403 0.654666 2
0.170642 0.096180 0.688005 2
0.112789 0.130321 0.647961 2
0.264863 0.200031 0.876628 2
0.111533 0.166423 0.647454 2
0.113929 0.181701 0.647795 2
0.192371 0.144725 0.660356 2
0.102048 0.116043 0.646554 2
0.130683 0.181081 0.649760 2
0.139074 0.151984 0.650634 2
0.096407 0.180544 0.647835 2
0.136692 0.182452 0.650471 2
0.118784 0.160914 0.648784 2
0.157332 0.170296 0.653349 2
0.151263 0.158326 0.652589 2
0.180599 0.185399 0.665255 2
0.121048 0.116370 0.648376 2
0.092704 0.125355 0.646461 2
0.136663 0.148394 0.650334 2
0.121149 0.123490 0.648916 2
0.171563 0.106262 0.658211 2
0.113984 0.132689 0.648110 2
0.136690 0.176583 0.650462 2
0.121065 0.138611 0.648470 2
0.160536 0.094108 0.681982 2
0.158410 0.159588 0.652935 2
0.122293 0.180807 0.648777 2
0.197543 0.110414 0.832811 2
0.144025 0.173418 0.651798 2
0.152331 0.134687 0.652122 2
0.166924 0.174002 0.653990 2
0.114004 0.161945 0.648227 2
0.141989 0.200905 0.653245 2
0.189584 0.137285 0.658947 2
0.264856 0.193701 0.876606 2
0.116312 0.175929 0.648053 2
0.102004 0.152132 0.646280 2
0.141570 0.125122 0.651321 2
0.118705 0.180690 0.648357 2
0.142730 0.101615 0.651253 2
0.111516 0.141876 0.647357 2
0.143855 0.109800 0.651027 2
0.100808 0.136935 0.646081 2
0.113987 0.137369 0.648129 2
0.126804 0.202297 0.653936 2
0.128354 0.142420 0.649836 2
0.096072 0.151968 0.645583 2
0.127070 0.161033 0.649265 2
0.141512 0.187313 0.651054 2
0.192562 0.157985 0.661011 2
0.157220 0.183129 0.652883 2
0.148685 0.113424 0.651609 2
0.187248 0.109593 0.694360 2
0.082627 0.151582 0.659092 2
0.145346 0.099447 0.652449 2
0.166903 0.153928 0.653909 2
0.113986 0.136199 0.648124 2
0.135618 0.197849 0.650945 2
0.091333 0.148344 0.645013 2
0.090613 0.125689 0.648183 2
0.247574 0.238082 0.877001 2
0.146287 0.129837 0.651398 2
0.150056 0.160648 0.652456 2
0.183126 0.116318 0.661380 2
0.169614 0.187343 0.655268 2
0.139170 0.196717 0.651085 2
0.100053 0.110710 0.656424 2
0.163380 0.148045 0.653972 2
0.175460 0.121109 0.655032 2
0.090223 0.134461 0.645393 2
0.130634 0.120090 0.649518 2
0.152376 0.182969 0.652314 2
0.141801 0.199462 0.652381 2
0.192196 0.128730 0.663864 2
0.126157 0.092354 0.669276 2
0.141581 0.136881 0.651368 2
0.176389 0.105833 0.662961 2
0.164593 0.145715 0.654106 2
0.167534 0.192397 0.656379 2
0.137834 0.109680 0.650320 2
0.103506 0.114152 0.655793 2
0.125835 0.116471 0.648939 2
0.263278 0.190541 0.876617 2
0.181525 0.147230 0.655597 2
0.146288 0.131013 0.651401 2
0.169695 0.109385 0.655580 2
0.134232 0.115475 0.649921 2
0.098455 0.170693 0.645935 2
0.114411 0.097639 0.664164 2
0.179073 0.131793 0.655279 2
0.157171 0.132448 0.652682 2
0.183264 0.123956 0.657597 2
0.139070 0.148459 0.650618 2
0.092518 0.150705 0.645161 2
0.152350 0.153526 0.652201 2
0.158382 0.131298 0.652820 2
0.143985 0.127529 0.651614 2
0.162070 0.180929 0.653445 2
0.137882 0.164871 0.650547 2
0.256961 0.173152 0.876645 2
0.139069 0.146110 0.650610 2
0.151336 0.196089 0.652905 2
0.170556 0.157573 0.654350 2
0.160854 0.178530 0.653294 2
0.122373 0.159846 0.649202 2
0.084035 0.149852 0.651570 2
0.122323 0.193726 0.648934 2
0.163236 0.132592 0.653394 2
0.109136 0.145320 0.647091 2
0.131940 0.122558 0.650180 2
0.143851 0.105099 0.651008 2
0.141511 0.186137 0.651049 2
0.166918 0.168097 0.653967 2
0.101192 0.187590 0.656131 2
0.160958 0.155062 0.653715 2
0.153569 0.162983 0.652383 2
0.147511 0.148686 0.651614 2
0.125950 0.136495 0.649531 2
0.090981 0.175505 0.650816 2
0.181607 0.130733 0.655893 2
0.100336 0.189392 0.658279 2
0.111551 0.183972 0.647562 2
0.128365 0.156500 0.649892 2
0.135491 0.184761 0.650338 2
0.106769 0.166279 0.646894 2
0.158366 0.115978 0.652755 2
0.184134 0.162819 0.656468 2
0.142650 0.109776 0.650886 2
0.098435 0.138042 0.645806 2
0.089263 0.167441 0.646875 2
0.152309 0.111144 0.652025 2
0.163226 0.121977 0.653354 2
0.099637 0.163731 0.646046 2
0.128230 0.114177 0.649210 2
0.118661 0.120999 0.648114 2
0.155939 0.111217 0.652451 2
0.124637 0.104742 0.648796 2
0.119901 0.180729 0.648497 2
0.142804 0.156908 0.651590 2
0.115183 0.139740 0.648279 2
0.143927 0.190923 0.651351 2
0.166869 0.119698 0.653777 2
0.154046 0.099746 0.654410 2
0.096268 0.119606 0.646904 2
0.192352 0.151857 0.660289 2
0.146441 0.173494 0.652082 2
0.158551 0.176233 0.653515 2
0.106738 0.119570 0.646709 2
0.134077 0.090396 0.672668 2
0.131979 0.170693 0.650372 2
0.137830 0.106159 0.650305 2
0.116387 0.152648 0.648470 2
0.130751 0.137787 0.650100 2
0.131883 0.178774 0.649898 2
0.109122 0.124294 0.647007 2
0.139198 0.169740 0.651216 2
0.180413 0.169766 0.655856 2
0.188804 0.128053 0.660375 2
0.100829 0.173100 0.646220 2
0.175399 0.125791 0.654802 2
0.111662 0.191170 0.648204 2
0.112091 0.097705 0.664613 2
0.174263 0.118735 0.654973 2
0.125848 0.132872 0.649004 2
0.180299 0.143648 0.655439 2
0.089553 0.171497 0.648976 2
0.115115 0.172381 0.647898 2
0.137841 0.117898 0.650356 2
0.195865 0.150343 0.664124 2
0.084221 0.129616 0.662275 2
0.127163 0.154119 0.649742 2
0.127367 0.099194 0.650784 2
0.130667 0.161136 0.649681 2
0.160807 0.131355 0.653105 2
0.149954 0.178180 0.652013 2
0.118699 0.172493 0.648320 2
0.119855 0.119855 0.648250 2
0.097257 0.152001 0.645723 2
0.088991 0.145992 0.644903 2
0.154231 0.098684 0.655196 2
0.107963 0.184658 0.654127 2
0.116319 0.186461 0.648091 2
0.148749 0.182849 0.651888 2
0.084051 0.145180 0.651701 2
0.159749 0.105517 0.653593 2
0.158431 0.181990 0.653022 2
0.145189 0.124028 0.651742 2
0.124633 0.110590 0.648773 2
0.146272 0.114550 0.651330 2
0.152475 0.159539 0.652736 2
0.141521 0.101590 0.651095 2
0.169358 0.175259 0.654279 2
0.143906 0.166227 0.651259 2
0.127025 0.105951 0.649034 2
0.180299 0.134190 0.655441 2
0.148848 0.162968 0.652324 2
0.098451 0.164861 0.645910 2
0.182995 0.128511 0.656628 2
0.106749 0.135915 0.646774 2
0.183389 0.113641 0.666672 2
0.129459 0.151719 0.649501 2
0.127048 0.135245 0.649156 2
0.173807 0.194114 0.662238 2
0.135558 0.136732 0.650660 2
0.104686 0.115333 0.655778 2
0.112730 0.173476 0.647622 2
0.097292 0.121760 0.645949 2
0.104360 0.119518 0.646426 2
0.127179 0.093425 0.668302 2
0.103187 0.142829 0.646383 2
0.151250 0.144188 0.652532 2
0.107957 0.162810 0.647020 2
0.108233 0.116424 0.648677 2
0.136690 0.178929 0.650461 2
0.151230 0.122985 0.652448 2
0.125943 0.127114 0.649493 2
0.140304 0.159089 0.650894 2
0.118996 0.101410 0.649944 2
0.159642 0.179671 0.653156 2
0.112805 0.153719 0.648054 2
0.106751 0.138251 0.646783 2
0.165756 0.110307 0.654036 2
0.187990 0.154780 0.657530 2
0.171769 0.152881 0.654474 2
0.146380 0.101702 0.651812 2
0.177864 0.150682 0.655181 2
0.097250 0.139178 0.645672 2
0.125874 0.165685 0.649138 2
0.160855 0.179710 0.653298 2
0.153517 0.109991 0.652162 2
0.145115 0.169790 0.651411 2
0.111505 0.125516 0.647292 2
0.115202 0.166663 0.648386 2
0.154911 0.173759 0.653078 2
0.129425 0.109514 0.649332 2
0.130666 0.159963 0.649676 2
0.105587 0.179090 0.646803 2
0.155995 0.167768 0.652685 2
0.133094 0.191725 0.650087 2
0.106748 0.134748 0.646770 2
0.141599 0.158050 0.651453 2
0.192349 0.145900 0.660280 2
0.170527 0.129223 0.654238 2
0.182762 0.141359 0.655792 2
0.155946 0.118284 0.652482 2
0.150639 0.097472 0.654994 2
0.113992 0.144390 0.648157 2
0.099631 0.153233 0.646006 2
0.160965 0.162144 0.653744 2
0.118785 0.163257 0.648793 2
0.182761 0.149639 0.655790 2
0.112795 0.138509 0.647993 2
0.180484 0.172199 0.656112 2
0.135661 0.099250 0.651151 2
0.103177 0.127660 0.646323 2
0.123435 0.105885 0.648625 2
0.142654 0.114475 0.650905 2
0.164541 0.186952 0.653899 2
0.085822 0.141869 0.647323 2
0.099612 0.121749 0.645888 2
0.142670 0.132102 0.650979 2
0.154777 0.160663 0.652517 2
0.169351 0.168170 0.654251 2
0.179075 0.141250 0.655286 2
0.110595 0.105914 0.648803 2
0.123490 0.182017 0.648919 2
0.090149 0.145983 0.644865 2
0.127044 0.128215 0.649135 2
0.123435 0.109395 0.648628 2
0.146410 0.139354 0.651945 2
0.142660 0.120351 0.650932 2
0.099643 0.173063 0.646083 2
0.112701 0.109197 0.647456 2
0.124425 0.094658 0.660088 2
0.096068 0.144975 0.645556 2
0.190828 0.152781 0.659137 2
0.148767 0.193455 0.651966 2
0.159745 0.191576 0.653578 2
0.188306 0.133656 0.658635 2
0.091359 0.163514 0.645192 2
0.190893 0.142129 0.659362 2
0.165712 0.178686 0.653864 2
0.096069 0.147306 0.645565 2
0.180321 0.161402 0.655522 2
0.152364 0.170012 0.652262 2
0.104395 0.174380 0.646645 2
0.135436 0.117847 0.650073 2
0.111544 0.182792 0.647519 2
0.137902 0.190716 0.650643 2
0.116372 0.131576 0.648386 2
0.116368 0.125724 0.648363 2
0.127090 0.189171 0.649368 2
0.084040 0.146336 0.651616 2
0.110322 0.138340 0.647203 2
0.184025 0.142604 0.656078 2
0.095468 0.185600 0.657464 2
0.171751 0.135158 0.654404 2
0.140278 0.152017 0.650775 2
0.163523 0.094411 0.684183 2
0.139047 0.094079 0.656047 2
0.113926 0.178192 0.647781 2
0.171017 0.103087 0.660691 2
0.135490 0.183587 0.650334 2
0.179099 0.163731 0.655376 2
0.141464 0.128550 0.650829 2
0.119868 0.136240 0.648321 2
0.088280 0.167791 0.648228 2
0.118782 0.158571 0.648775 2
0.123442 0.117591 0.648663 2
0.127091 0.190344 0.649376 2
0.187948 0.147631 0.657384 2
0.143926 0.189747 0.651346 2
0.099612 0.124079 0.645888 2
0.115201 0.165492 0.648381 2
0.116264 0.109253 0.647784 2
0.164989 0.104671 0.655679 2
0.180295 0.140098 0.655425 2
0.093710 0.164720 0.645357 2
0.146331 0.180417 0.651595 2
0.089332 0.121279 0.655951 2
0.131834 0.120116 0.649659 2
0.250721 0.233320 0.876941 2
0.117513 0.186501 0.648232 2
0.122245 0.117566 0.648522 2
0.105560 0.137053 0.646639 2
0.174265 0.190919 0.659452 2
0.109156 0.175700 0.647210 2
0.125953 0.140013 0.649545 2
0.124640 0.118788 0.648808 2
0.105884 0.185149 0.655869 2
0.123479 0.165614 0.648858 2
0.088800 0.127613 0.652043 2
0.150285 0.099601 0.653455 2
0.143982 0.124001 0.651600 2
0.184016 0.147331 0.656046 2
0.145650 0.097297 0.653813 2
0.142068 0.089631 0.676051 2
0.098457 0.174193 0.645950 2
0.147616 0.137030 0.652078 2
0.156174 0.103134 0.653435 2
0.097258 0.153167 0.645727 2
0.123447 0.104725 0.648692 2
0.104416 0.117249 0.646774 2
0.112786 0.126812 0.647947 2
0.131844 0.130672 0.649708 2
0.177850 0.137671 0.655129 2
0.082703 0.139822 0.659701 2
0.100832 0.176602 0.646237 2
0.084268 0.163233 0.653384 2
0.103170 0.118325 0.646281 2
0.130486 0.095060 0.654655 2
0.186794 0.135796 0.657494 2
0.183039 0.127358 0.656789 2
0.118026 0.197885 0.651061 2
0.148704 0.133422 0.651692 2
0.099639 0.168397 0.646063 2
0.121043 0.110518 0.648352 2
0.141582 0.138057 0.651373 2
0.159740 0.151488 0.653558 2
0.185277 0.178128 0.660544 2
0.088987 0.149475 0.644874 2
0.177978 0.122397 0.655601 2
0.104436 0.184681 0.654209 2
0.107931 0.124267 0.646867 2
0.153724 0.194952 0.653041 2
0.121099 0.185451 0.648650 2
0.157234 0.190212 0.652942 2
0.121173 0.156296 0.649047 2
0.142789 0.139263 0.651519 2
0.131955 0.141339 0.650255 2
0.112324 0.101739 0.652049 2
0.146138 0.092455 0.661358 2
0.116400 0.104701 0.648542 2
0.194137 0.109986 0.818451 2
0.165724 0.184597 0.653913 2
0.085402 0.129595 0.662170 2
0.118758 0.125778 0.648644 2
0.133056 0.147124 0.649904 2
0.124757 0.143500 0.649418 2
0.180896 0.115990 0.666348 2
0.126354 0.098144 0.651612 2
0.154812 0.191307 0.652661 2
0.144715 0.089760 0.677025 2
0.135462 0.149536 0.650198 2
0.164602 0.153982 0.654139 2
0.189379 0.144261 0.658236 2
0.119975 0.153919 0.648897 2
0.094259 0.118848 0.649134 2
0.088123 0.165158 0.647074 2
0.171785 0.168243 0.654535 2
0.161518 0.097149 0.660834 2
0.104381 0.103188 0.661335 2
0.151267 0.161861 0.652603 2
0.136787 0.166140 0.650919 2
0.135583 0.166104 0.650778 2
0.110377 0.110377 0.647527 2
0.155322 0.099808 0.654814 2
0.113930 0.184041 0.647803 2
0.145156 0.101668 0.651595 2
0.172106 0.111780 0.655756 2
0.142776 0.125150 0.651463 2
0.182195 0.111241 0.666703 2
0.153178 0.200491 0.655746 2
0.170565 0.165844 0.654383 2
0.096540 0.116433 0.648727 2
0.127074 0.168065 0.649286 2
0.141465 0.094113 0.656285 2
0.128349 0.136554 0.649813 2
0.123452 0.131643 0.648717 2
0.183522 0.111317 0.667157 2
0.084062 0.144022 0.651783 2
0.101998 0.141631 0.646238 2
0.181763 0.171105 0.656456 2
0.192705 0.137817 0.661502 2
0.176639 0.145919 0.655020 2
0.118697 0.170152 0.648311 2
0.141449 0.114451 0.650763 2
0.177859 0.145951 0.655163 2
0.119876 0.146775 0.648364 2
0.121062 0.135098 0.648452 2
0.157289 0.125477 0.653169 2
0.169371 0.181173 0.654328 2
0.096077 0.161293 0.645618 2
0.152307 0.109967 0.652020 2
0.148753 0.187558 0.651905 2
0.097269 0.170657 0.645797 2
0.133059 0.149471 0.649915 2
0.130693 0.192817 0.649813 2
0.151268 0.163039 0.652608 2
0.145560 0.093277 0.658743 2
0.105550 0.121878 0.646576 2
0.176651 0.157745 0.655066 2
0.125991 0.196312 0.649743 2
0.169298 0.118568 0.654050 2
0.102007 0.155633 0.646293 2
0.193008 0.163131 0.662540 2
0.141493 0.163803 0.650964 2
0.169341 0.158720 0.654212 2
0.129575 0.168271 0.650080 2
0.151137 0.149961 0.652044 2
0.142806 0.100493 0.651600 2
0.104396 0.176715 0.646653 2
0.134237 0.121341 0.649946 2
0.124653 0.136357 0.648877 2
0.175403 0.131700 0.654819 2
0.141489 0.160276 0.650948 2
0.118726 0.104690 0.648470 2
0.162160 0.143291 0.653811 2
0.106676 0.103100 0.660774 2
0.152474 0.158361 0.652732 2
0.088163 0.132537 0.647365 2
0.145062 0.110999 0.651174 2
0.128355 0.143593 0.649841 2
0.111523 0.152396 0.647399 2
0.172967 0.132824 0.654538 2
0.228561 0.128911 0.876887 2
0.158382 0.097877 0.657710 2
0.142719 0.188530 0.651200 2
0.172963 0.129279 0.654523 2
0.106763 0.156935 0.646857 2
0.137991 0.166176 0.651061 2
0.134348 0.196535 0.650482 2
0.104398 0.179051 0.646662 2
0.148289 0.201461 0.655052 2
0.175544 0.118802 0.655343 2
0.172998 0.162370 0.654655 2
0.158369 0.108915 0.652765 2
0.107944 0.144120 0.646946 2
0.085151 0.157969 0.651117 2
0.188517 0.167108 0.659371 2
0.135450 0.134277 0.650139 2
0.164501 0.183369 0.653739 2
0.136631 0.109657 0.650178 2
0.133177 0.166032 0.650495 2
0.112770 0.189897 0.647850 2
0.118673 0.136211 0.648179 2
0.141597 0.155698 0.651443 2
0.173493 0.097629 0.689474 2
0.107677 0.104146 0.652394 2
0.139254 0.090607 0.674238 2
0.121151 0.125833 0.648925 2
0.154771 0.154771 0.652488 2
0.182951 0.129665 0.656473 2
0.163403 0.170482 0.654062 2
0.129466 0.159928 0.649535 2
0.180296 0.141281 0.655430 2
0.150054 0.159470 0.652452 2
0.157068 0.097797 0.657177 2
0.183376 0.175068 0.657996 2
0.159761 0.172730 0.653643 2
0.146399 0.127585 0.651898 2
0.163401 0.176378 0.654054 2
0.162176 0.158637 0.653872 2
0.170566 0.167025 0.654388 2
0.173566 0.186598 0.656804 2
0.131844 0.129500 0.649705 2
0.143892 0.150940 0.651194 2
0.117462 0.115125 0.647950 2
0.148858 0.173570 0.652366 2
0.115413 0.195090 0.649576 2
0.196204 0.142203 0.665272 2
0.132820 0.090366 0.672450 2
0.119974 0.152747 0.648892 2
0.104374 0.141693 0.646518 2
0.143921 0.183866 0.651325 2
0.091334 0.150673 0.645022 2
0.194337 0.158459 0.662998 2
0.179167 0.170889 0.655625 2
0.117466 0.119803 0.647969 2
0.082823 0.162667 0.660658 2
0.109314 0.102224 0.655157 2
0.166898 0.149206 0.653890 2
0.131885 0.183467 0.649910 2
0.170564 0.164662 0.654379 2
0.119901 0.104694 0.648501 2
0.113993 0.145560 0.648161 2
0.118655 0.106965 0.648082 2
0.136651 0.102635 0.650275 2
0.192323 0.149452 0.660188 2
0.181708 0.169870 0.656258 2
0.116268 0.115100 0.647810 2
0.148813 0.124109 0.652168 2
0.111537 0.172269 0.647477 2
0.125980 0.175200 0.649685 2
0.146887 0.097335 0.654068 2
0.129467 0.161102 0.649543 2
0.106739 0.120737 0.646711 2
0.115205 0.171346 0.648404 2
0.105561 0.138221 0.646644 2
0.093846 0.124157 0.646294 2
0.146285 0.103986 0.651388 2
0.104391 0.167375 0.646619 2
0.100820 0.157933 0.646163 2
0.096066 0.142644 0.645546 2
0.171876 0.097417 0.687980 2
0.169338 0.156357 0.654203 2
0.160811 0.134892 0.653118 2
0.151245 0.138298 0.652509 2
0.188329 0.164565 0.658717 2
0.141442 0.106228 0.650729 2
0.121065 0.137441 0.648466 2
0.192935 0.135592 0.662289 2
0.127151 0.138870 0.649681 2
0.097244 0.129853 0.645635 2
0.183689 0.177745 0.659121 2
0.151165 0.180574 0.652164 2
0.096083 0.170620 0.645658 2
0.101760 0.192213 0.659813 2
0.106771 0.169783 0.646907 2
0.129433 0.118891 0.649372 2
0.193990 0.151013 0.661812 2
0.169550 0.102920 0.659618 2
0.121171 0.153952 0.649037 2
0.109218 0.181641 0.647580 2
0.125864 0.151623 0.649089 2
0.138062 0.099287 0.651399 2
0.103608 0.107160 0.656437 2
0.161115 0.104459 0.654355 2
0.165627 0.095479 0.720161 2
0.148812 0.122931 0.652163 2
0.156096 0.145493 0.653107 2
0.119920 0.192457 0.648600 2
0.186130 0.181342 0.663583 2
0.134229 0.111955 0.649906 2
0.150103 0.203500 0.657823 2
0.124652 0.135186 0.648873 2
0.097246 0.132184 0.645644 2
0.084828 0.152690 0.648651 2
0.111511 0.133696 0.647325 2
0.168089 0.123265 0.653935 2
0.114009 0.167797 0.648250 2
0.087209 0.165639 0.648956 2
0.145073 0.121579 0.651220 2
0.128737 0.092314 0.696290 2
0.111504 0.110336 0.647286 2
0.102021 0.178974 0.646386 2
0.143629 0.091511 0.671946 2
0.134235 0.118995 0.649936 2
0.178094 0.120110 0.656029 2
0.162539 0.103434 0.655337 2
0.150033 0.135912 0.652357 2
0.260140 0.201628 0.876700 2
0.147578 0.194615 0.651912 2
0.110317 0.130162 0.647171 2
0.131981 0.173042 0.650382 2
0.151244 0.137120 0.652504 2
0.100805 0.132270 0.646062 2
0.085873 0.158309 0.647704 2
0.163357 0.124434 0.653878 2
0.110310 0.119648 0.647131 2
0.151105 0.117004 0.651908 2
0.085448 0.169103 0.662527 2
0.118510 0.094447 0.667005 2
0.133035 0.120142 0.649800 2
0.144134 0.204634 0.657656 2
0.158575 0.104341 0.653615 2
0.178540 0.180912 0.657669 2
0.175410 0.137611 0.654842 2
0.146413 0.142885 0.651959 2
0.090317 0.167232 0.646068 2
0.133146 0.127280 0.650340 2
0.128271 0.164585 0.649416 2
0.129432 0.117719 0.649367 2
0.131826 0.103703 0.649617 2
0.153583 0.179475 0.652444 2
0.169262 0.194206 0.658497 2
0.161402 0.102281 0.655522 2
0.091330 0.142521 0.644990 2
0.115199 0.161980 0.648367 2
0.164611 0.163431 0.654177 2
0.163304 0.109066 0.653665 2
0.100811 0.142767 0.646104 2
0.117613 0.193682 0.648784 2
0.104412 0.112671 0.654061 2
0.116266 0.108086 0.647796 2
0.108224 0.110590 0.655712 2
0.137994 0.169703 0.651075 2
0.170525 0.126861 0.654229 2
0.091638 0.125492 0.647169 2
0.159755 0.166829 0.653620 2
0.109428 0.185140 0.655838 2
0.087880 0.154226 0.645284 2
0.158365 0.114800 0.652751 2
0.089025 0.157686 0.645153 2
0.181533 0.136593 0.655627 2
0.095004 0.116247 0.654270 2
0.113983 0.131519 0.648106 2
0.158515 0.139658 0.653368 2
0.142702 0.168541 0.651125 2
0.122375 0.162191 0.649211 2
0.168094 0.129167 0.653952 2
0.137844 0.121420 0.650370 2
0.092520 0.155364 0.645179 2
0.185556 0.165399 0.657309 2
0.148690 0.118129 0.651630 2
0.085773 0.144123 0.646957 2
0.137843 0.120246 0.650365 2
0.122299 0.189007 0.648806 2
0.184314 0.108089 0.692750 2
0.139107 0.191933 0.650791 2
0.128283 0.178658 0.649476 2
0.117505 0.174797 0.648189 2
0.096617 0.112028 0.657211 2
0.180302 0.133010 0.655451 2
0.169328 0.146908 0.654165 2
0.097252 0.142675 0.645685 2
0.186833 0.163108 0.657633 2
0.124781 0.175162 0.649544 2
0.132058 0.092003 0.693942 2
0.147473 0.108695 0.651447 2
0.160969 0.166866 0.653763 2
0.184017 0.146149 0.656051 2
0.153699 0.173721 0.652935 2
0.170542 0.143397 0.654293 2
0.114958 0.099630 0.653646 2
0.164499 0.181008 0.653730 2
0.131951 0.136643 0.650236 2
0.107956 0.161642 0.647015 2
0.142711 0.179123 0.651166 2
0.125967 0.158777 0.649620 2
0.124690 0.184400 0.649068 2
0.148705 0.134599 0.651696 2
0.174206 0.121059 0.654759 2
0.125875 0.166857 0.649142 2
0.163377 0.144503 0.653958 2
0.169894 0.190020 0.656349 2
0.143996 0.140470 0.651666 2
0.127600 0.200514 0.651972 2
0.082821 0.135255 0.660644 2
0.122293 0.179636 0.648776 2
0.107930 0.123099 0.646861 2
0.192849 0.161802 0.661993 2
0.127156 0.144735 0.649704 2
0.118713 0.191228 0.648399 2
0.156948 0.094885 0.661667 2
0.164462 0.111410 0.653585 2
0.089203 0.122285 0.655001 2
0.180895 0.119213 0.657608 2
0.105524 0.194950 0.661022 2
0.084215 0.161953 0.652973 2
0.152377 0.184147 0.652318 2
0.126477 0.091378 0.670972 2
0.160861 0.186788 0.653324 2
0.115193 0.153785 0.648335 2
0.109804 0.184964 0.651052 2
0.178205 0.115803 0.665276 2
0.151152 0.166444 0.652109 2
0.165830 0.165830 0.654329 2
0.130670 0.164656 0.649697 2
0.154726 0.108838 0.652299 2
0.112687 0.111519 0.647375 2
0.109253 0.116263 0.647783 2
0.096078 0.163625 0.645627 2
0.154774 0.157128 0.652502 2
0.180351 0.129498 0.655629 2
0.157252 0.105423 0.653016 2
0.093706 0.157728 0.645327 2
0.118781 0.157400 0.648770 2
0.143907 0.167402 0.651262 2
0.110370 0.109202 0.647485 2
0.130709 0.195184 0.649891 2
0.170563 0.163481 0.654374 2
0.102014 0.167303 0.646339 2
0.117736 0.102506 0.649461 2
0.168218 0.111555 0.654437 2
0.121134 0.193697 0.648834 2
0.104683 0.108231 0.655754 2
0.123492 0.184360 0.648927 2
0.109147 0.162846 0.647160 2
0.176708 0.174344 0.655277 2
0.084004 0.162645 0.660569 2
0.153582 0.178297 0.652439 2
0.112688 0.112688 0.647379 2
0.113998 0.152582 0.648189 2
0.109133 0.140647 0.647072 2
0.150040 0.144156 0.652390 2
0.144010 0.155766 0.651727 2
0.102008 0.157967 0.646303 2
0.122263 0.142153 0.648619 2
0.113930 0.182871 0.647801 2
0.128267 0.159894 0.649397 2
0.092528 0.164687 0.645228 2
0.104376 0.144027 0.646527 2
0.141585 0.141585 0.651387 2
0.176624 0.132911 0.654966 2
0.119866 0.131561 0.648311 2
0.109609 0.104920 0.649898 2
0.123467 0.151554 0.648796 2
0.106752 0.140586 0.646793 2
0.163402 0.169301 0.654058 2
0.137983 0.156772 0.651023 2
0.092515 0.146046 0.645143 2
0.139173 0.140348 0.651099 2
0.086387 0.134576 0.651588 2
0.149888 0.107566 0.651726 2
0.135551 0.127335 0.650623 2
0.147391 0.092044 0.667030 2
0.113924 0.175853 0.647772 2
0.134233 0.116648 0.649927 2
0.147696 0.100622 0.652431 2
0.168143 0.177583 0.654145 2
0.143995 0.139293 0.651661 2
0.091390 0.165899 0.645416 2
0.187581 0.115203 0.668758 2
0.166878 0.129139 0.653810 2
0.110321 0.137172 0.647198 2
0.184203 0.165250 0.656714 2
0.185312 0.153341 0.656446 2
0.097352 0.177798 0.646349 2
0.143923 0.186218 0.651332 2
0.148832 0.145303 0.652253 2
0.089807 0.173157 0.650816 2
0.149401 0.093450 0.659962 2
0.179229 0.173314 0.655852 2
0.115127 0.188761 0.647962 2
0.109395 0.183105 0.648628 2
0.162021 0.131384 0.653247 2
0.086835 0.141617 0.646174 2
0.121202 0.102466 0.649203 2
0.124675 0.163307 0.648991 2
0.172993 0.157642 0.654636 2
0.115312 0.098755 0.655663 2
0.159626 0.159626 0.653091 2
0.129490 0.190427 0.649657 2
0.091075 0.122804 0.651489 2
0.111524 0.113860 0.647403 2
0.170577 0.177660 0.654430 2
0.117586 0.158537 0.648634 2
0.110331 0.151194 0.647254 2
0.139035 0.107356 0.650451 2
0.121073 0.150318 0.648510 2
0.094884 0.146109 0.645421 2
0.110343 0.169894 0.647328 2
0.152305 0.107613 0.652010 2
0.170574 0.174115 0.654417 2
0.191164 0.125246 0.664440 2
0.117471 0.106951 0.647999 2
0.135459 0.146014 0.650184 2
0.125885 0.179753 0.649197 2
0.151260 0.154791 0.652575 2
0.141588 0.145113 0.651401 2
0.111887 0.098724 0.663405 2
0.117585 0.157365 0.648629 2
0.151607 0.203926 0.659200 2
0.141509 0.182611 0.651037 2
0.162093 0.198906 0.658328 2
0.119951 0.122292 0.648771 2
0.115172 0.124526 0.648218 2
0.089005 0.155323 0.645006 2
0.149961 0.187599 0.652047 2
0.084056 0.153417 0.651738 2
0.186890 0.164344 0.657831 2
0.143940 0.101639 0.651411 2
0.126080 0.197624 0.650203 2
0.168614 0.099008 0.665315 2
0.168103 0.138611 0.653989 2
0.100940 0.182626 0.646931 2
0.178888 0.101598 0.691095 2
0.183509 0.176382 0.658473 2
0.154731 0.113548 0.652319 2
0.162394 0.104522 0.654750 2
0.170535 0.136310 0.654267 2
0.105591 0.115029 0.654053 2
