# .PCD v0.7 - Point Cloud Data file format
VERSION 0.7
FIELDS x y z label
SIZE 4 4 4 4
TYPE F F F U
COUNT 1 1 1 1
WIDTH 6000
HEIGHT 1
VIEWPOINT 0 0 0 1 0 0 0
POINTS 6000
DATA ascii
-0.390751 0.196620 0.919854 1
-0.359984 0.174563 0.926073 1
-0.369691 0.173630 0.921126 1
-0.371001 0.107328 0.937023 1
-0.394876 0.226950 0.921737 1
-0.369231 0.198306 0.919979 1
-0.373285 0.136731 0.930080 1
-0.358312 0.211312 0.926069 1
-0.431414 0.180571 0.986261 1
-0.347120 0.222469 0.959788 1
-0.396849 0.183865 0.922458 1
-0.354108 0.274666 0.937048 1
-0.358365 0.177930 0.926208 1
-0.392936 0.251712 0.921086 1
-0.396324 0.132671 0.936951 1
-0.359627 0.231129 0.925157 1
-0.399214 0.190856 0.924081 1
-0.380161 0.214514 0.918321 1
-0.349342 0.235997 0.937867 1
-0.374090 0.111072 0.985222 1
-0.357107 0.203225 0.927279 1
-0.367793 0.178500 0.920534 1
-0.388885 0.285182 0.927274 1
-0.385313 0.224558 0.918755 1
-0.346454 0.185631 0.948485 1
-0.370729 0.231395 0.919579 1
-0.368423 0.090624 0.939069 1
-0.374875 0.167073 0.921616 1
-0.358096 0.175049 0.985221 1
-0.368925 0.124101 0.936044 1
-0.346292 0.259078 0.948042 1
-0.376917 0.252659 0.918489 1
-0.363128 0.093572 0.951831 1
-0.375188 0.117194 0.934821 1
-0.358312 0.207971 0.926069 1
-0.395653 0.159767 0.927456 1
-0.352448 0.201038 0.932654 1
-0.360939 0.207561 0.924242 1
-0.407912 0.180827 0.932533 1
-0.401857 0.243119 0.926330 1
-0.408585 0.231672 0.934071 1
-0.348595 0.173019 0.945012 1
-0.368766 0.137732 0.985240 1
-0.387147 0.236268 0.919177 1
-0.362271 0.234019 0.923387 1
-0.357127 0.281143 0.936100 1
-0.347592 0.208215 0.942294 1
-0.364809 0.111920 0.947277 1
-0.367847 0.274426 0.924845 1
-0.352593 0.263393 0.933039 1
-0.375431 0.275538 0.922982 1
-0.378755 0.128491 0.931154 1
-0.402386 0.263517 0.927550 1
-0.379129 0.108926 0.936226 1
-0.378462 0.189645 0.918218 1
-0.369661 0.100663 0.937912 1
-0.391625 0.130542 0.933807 1
-0.388867 0.198164 0.919322 1
-0.394871 0.225284 0.921725 1
-0.347259 0.210434 0.960172 1
-0.376891 0.237731 0.918425 1
-0.390715 0.184988 0.919769 1
-0.370584 0.149739 0.927518 1
-0.347075 0.178228 0.945516 1
-0.363877 0.113872 0.949303 1
-0.354689 0.203757 0.929709 1
-0.369259 0.229853 0.920047 1
-0.362281 0.257345 0.923414 1
-0.346414 0.262590 0.948375 1
-0.378465 0.191303 0.918225 1
-0.349384 0.200494 0.937978 1
-0.354689 0.247360 0.929710 1
-0.372214 0.193153 0.919150 1
-0.359023 0.149522 0.936640 1
-0.404812 0.243893 0.929278 1
-0.358740 0.132708 0.949304 1
-0.408293 0.209618 0.933404 1
-0.351383 0.182854 0.934295 1
-0.351352 0.243503 0.934214 1
-0.378188 0.165405 0.921586 1
-0.402981 0.162370 0.932801 1
-0.558531 0.411992 1.331784 1
-0.354999 0.175401 0.930521 1
-0.348510 0.187398 0.940185 1
-0.361633 0.279405 0.930315 1
-0.354099 0.285839 0.946055 1
-0.358520 0.133263 0.953272 1
-0.368131 0.119325 0.938325 1
-0.354689 0.238975 0.929710 1
-0.350267 0.259113 0.935816 1
-0.346112 0.256793 0.952251 1
-0.353502 0.234268 0.930998 1
-0.369269 0.241477 0.920072 1
-0.392822 0.215097 0.920819 1
-0.379956 0.117104 0.934106 1
-0.396835 0.180531 0.922425 1
-0.366415 0.235137 0.921244 1
-0.381781 0.194617 0.918234 1
-0.388980 0.246327 0.919590 1
-0.375991 0.155899 0.924359 1
-0.346259 0.222533 0.952654 1
-0.371934 0.285010 0.926714 1
-0.354689 0.193695 0.929708 1
-0.407979 0.185904 0.932686 1
-0.360362 0.158761 0.931369 1
-0.364652 0.271194 0.925202 1
-0.366422 0.243451 0.921262 1
-0.366382 0.196899 0.921161 1
-0.354689 0.225559 0.929709 1
-0.361706 0.145863 0.934842 1
-0.355900 0.253736 0.928494 1
-0.397127 0.248933 0.923104 1
-0.379885 0.149449 0.925721 1
-0.383553 0.244380 0.918509 1
-0.355849 0.143197 0.950730 1
-0.383452 0.201250 0.918269 1
-0.382320 0.173330 0.919530 1
-0.346200 0.236241 0.952493 1
-0.354689 0.250714 0.929710 1
-0.373809 0.241194 0.918995 1
-0.390833 0.223215 0.920048 1
-0.350277 0.238863 0.935843 1
-0.404483 0.193448 0.928523 1
-0.399308 0.212575 0.924297 1
-0.391324 0.119172 0.937120 1
-0.355900 0.240337 0.928493 1
-0.347617 0.179443 0.961161 1
-0.407889 0.179135 0.932481 1
-0.399480 0.252698 0.924697 1
-0.367836 0.230001 0.920640 1
-0.350268 0.257426 0.935818 1
-0.372253 0.223020 0.919244 1
-0.370236 0.270397 0.922483 1
-0.385809 0.277483 0.923913 1
-0.346919 0.244633 0.945090 1
-0.372242 0.214723 0.919218 1
-0.367081 0.108165 0.944331 1
-0.404406 0.181690 0.928347 1
-0.349344 0.234306 0.937872 1
-0.365490 0.088996 0.958021 1
-0.347607 0.266928 0.951642 1
-0.359633 0.242815 0.925170 1
-0.387194 0.256195 0.919288 1
-0.364987 0.233625 0.921834 1
-0.354689 0.202080 0.929709 1
-0.379963 0.091831 0.934124 1
-0.355900 0.220239 0.928493 1
-0.401705 0.219643 0.925980 1
-0.387202 0.259517 0.919307 1
-0.392957 0.258371 0.921135 1
-0.399516 0.261062 0.924780 1
-0.378926 0.126869 0.931575 1
-0.376920 0.254317 0.918496 1
-0.372184 0.148037 0.927336 1
-0.372229 0.204767 0.919187 1
-0.368768 0.139510 0.985246 1
-0.351373 0.203071 0.934268 1
-0.388384 0.270288 0.922112 1
-0.366917 0.157967 0.926708 1
-0.399004 0.155402 0.931373 1
-0.371962 0.120614 0.935190 1
-0.372199 0.181540 0.919113 1
-0.373807 0.239535 0.918990 1
-0.364940 0.178729 0.921716 1
-0.353019 0.153748 0.952349 1
-0.393510 0.265390 0.922432 1
-0.390921 0.251484 0.920254 1
-0.382413 0.141417 0.927803 1
-0.394777 0.195311 0.921506 1
-0.347567 0.230295 0.942224 1
-0.392109 0.268899 0.923051 1
-0.364161 0.101487 0.945594 1
-0.379814 0.284652 0.925549 1
-0.350299 0.194986 0.935901 1
-0.393627 0.172264 0.922705 1
-0.388949 0.233038 0.919516 1
-0.393633 0.089108 0.959223 1
-0.392780 0.137095 0.932550 1
-0.364967 0.210334 0.921784 1
-0.352098 0.274042 0.940708 1
-0.359673 0.177750 0.925274 1
-0.359615 0.202753 0.925124 1
-0.375296 0.206289 0.918577 1
-0.380765 0.266287 0.919780 1
-0.366695 0.111455 0.943338 1
-0.351364 0.219919 0.934246 1
-0.367856 0.253264 0.920690 1
-0.561542 0.409581 1.316317 1
-0.367853 0.249941 0.920683 1
-0.395506 0.089767 0.985446 1
-0.362419 0.163214 0.928032 1
-0.354689 0.240652 0.929710 1
-0.397411 0.273586 0.927654 1
-0.392744 0.190145 0.920637 1
-0.377217 0.159047 0.923279 1
-0.371000 0.175125 0.920250 1
-0.399358 0.177585 0.924414 1
-0.367846 0.241632 0.920665 1
-0.359621 0.216106 0.925139 1
-0.391682 0.143421 0.929943 1
-0.365033 0.106362 0.943441 1
-0.360940 0.209228 0.924244 1
-0.376131 0.301438 0.985912 1
-0.388902 0.213108 0.919405 1
-0.397073 0.177309 0.922979 1
-0.385283 0.103698 0.934767 1
-0.426015 0.160978 0.986118 1
-0.389859 0.170407 0.921668 1
-0.385260 0.093575 0.934711 1
-0.354689 0.257422 0.929710 1
-0.350275 0.242239 0.935839 1
-0.375322 0.226187 0.918640 1
-0.408630 0.235067 0.934174 1
-0.392832 0.218425 0.920843 1
-0.378479 0.199592 0.918260 1
-0.367491 0.283780 0.928158 1
-0.389000 0.254633 0.919637 1
-0.370746 0.244676 0.919621 1
-0.355900 0.195117 0.928492 1
-0.387112 0.221326 0.919094 1
-0.358312 0.209642 0.926069 1
-0.367207 0.107703 0.940292 1
-0.369193 0.089116 0.941030 1
-0.348494 0.200957 0.940142 1
-0.388910 0.216430 0.919424 1
-0.365541 0.121282 0.940370 1
-0.383452 0.105344 0.934414 1
-0.349392 0.193731 0.938000 1
-0.431395 0.168111 0.986218 1
-0.374993 0.271891 0.921905 1
-0.389369 0.100510 0.936484 1
-0.364296 0.132702 0.937167 1
-0.367807 0.196773 0.920568 1
-0.365045 0.096154 0.943472 1
-0.372323 0.125292 0.985247 1
-0.427810 0.164542 0.986155 1
-0.355899 0.181718 0.928492 1
-0.348660 0.177299 0.940589 1
-0.363177 0.115907 0.951957 1
-0.395149 0.126076 0.938176 1
-0.373250 0.270170 0.921708 1
-0.383576 0.254336 0.918565 1
-0.386591 0.167107 0.921803 1
-0.375212 0.273713 0.922443 1
-0.395650 0.172420 0.923543 1
-0.399250 0.199208 0.924164 1
-0.353512 0.214122 0.931025 1
-0.359611 0.194407 0.925114 1
-0.377436 0.141434 0.927910 1
-0.384482 0.123674 0.932823 1
-0.371629 0.168771 0.921811 1
-0.388984 0.247988 0.919600 1
-0.372246 0.218042 0.919229 1
-0.380196 0.234413 0.918406 1
-0.354689 0.245683 0.929710 1
-0.395178 0.284428 0.930276 1
-0.351589 0.263903 0.934843 1
-0.409809 0.089785 0.985645 1
-0.375722 0.143092 0.927811 1
-0.348498 0.197567 0.940153 1
-0.351356 0.236765 0.934223 1
-0.390720 0.186650 0.919781 1
-0.356626 0.151629 0.939226 1
-0.391777 0.267007 0.922270 1
-0.357107 0.209916 0.927279 1
-0.542419 0.440317 1.415096 1
-0.361370 0.130093 0.942765 1
-0.349821 0.175334 0.939150 1
-0.385235 0.191375 0.918570 1
-0.362433 0.150523 0.932374 1
-0.363461 0.093217 0.948218 1
-0.369260 0.231514 0.920051 1
-0.355900 0.215215 0.928493 1
-0.346983 0.215692 0.945264 1
-0.389026 0.118986 0.935659 1
-0.549123 0.427095 1.380608 1
-0.376839 0.207882 0.918298 1
-0.392817 0.213433 0.920807 1
-0.375450 0.130190 0.931289 1
-0.350274 0.243926 0.935836 1
-0.365039 0.101258 0.943457 1
-0.352924 0.174356 0.933913 1
-0.354761 0.152284 0.943278 1
-0.373686 0.273814 0.922784 1
-0.359861 0.163573 0.930074 1
-0.347352 0.176663 0.946271 1
-0.369215 0.180044 0.919940 1
-0.364253 0.123116 0.941424 1
-0.366390 0.205211 0.921179 1
-0.364154 0.172494 0.923940 1
-0.383537 0.237743 0.918472 1
-0.362300 0.119619 0.954171 1
-0.354689 0.254068 0.929710 1
-0.373766 0.178181 0.918888 1
-0.351362 0.224973 0.934239 1
-0.373781 0.219628 0.918926 1
-0.383448 0.103657 0.934405 1
-0.383611 0.115505 0.934802 1
-0.367637 0.272602 0.924316 1
-0.378526 0.226122 0.918373 1
-0.404450 0.188408 0.928447 1
-0.349824 0.274187 0.953005 1
-0.365378 0.173950 0.922822 1
-0.397430 0.150402 0.931620 1
-0.363585 0.227137 0.922495 1
-0.353495 0.247698 0.930981 1
-0.390895 0.243168 0.920193 1
-0.359607 0.184392 0.925103 1
-0.368873 0.167367 0.923237 1
-0.394814 0.206965 0.921591 1
-0.396942 0.205544 0.922673 1
-0.402151 0.165394 0.930878 1
-0.371292 0.266632 0.920974 1
-0.380568 0.143027 0.927386 1
-0.364169 0.094667 0.945615 1
-0.390782 0.206592 0.919927 1
-0.367427 0.270779 0.923787 1
-0.370699 0.208156 0.919505 1
-0.363489 0.129636 0.939451 1
-0.360956 0.245917 0.924286 1
-0.371296 0.279515 0.925123 1
-0.347418 0.196668 0.960611 1
-0.401270 0.268910 0.928841 1
-0.376894 0.239390 0.918433 1
-0.393175 0.175391 0.921647 1
-0.413422 0.114691 0.985782 1
-0.385268 0.096949 0.934729 1
-0.378576 0.254317 0.918494 1
-0.392791 0.205115 0.920746 1
-0.401618 0.278691 0.933543 1
-0.385264 0.095262 0.934720 1
-0.392560 0.151500 0.928053 1
-0.391667 0.090515 0.937942 1
-0.357108 0.246714 0.927280 1
-0.370742 0.241355 0.919610 1
-0.374710 0.122097 0.933631 1
-0.348435 0.251789 0.939982 1
-0.348504 0.192483 0.940169 1
-0.400494 0.284140 0.934851 1
-0.362390 0.129849 0.940997 1
-0.399365 0.225946 0.924430 1
-0.370767 0.261279 0.919674 1
-0.355900 0.190092 0.928492 1
-0.379960 0.090146 0.934117 1
-0.355900 0.208515 0.928492 1
-0.429792 0.290977 0.986622 1
-0.349492 0.263177 0.938269 1
-0.376530 0.284693 0.925684 1
-0.366727 0.121113 0.939063 1
-0.383560 0.247699 0.918528 1
-0.381512 0.165405 0.921585 1
-0.401792 0.233056 0.926180 1
-0.380226 0.250999 0.918477 1
-0.418823 0.137829 0.985937 1
-0.375234 0.103716 0.934937 1
-0.383568 0.251017 0.918546 1
-0.362276 0.245681 0.923400 1
-0.388894 0.209787 0.919387 1
-0.346902 0.241361 0.959186 1
-0.381668 0.103632 0.934172 1
-0.370670 0.184920 0.919431 1
-0.346356 0.230049 0.948217 1
-0.346354 0.200249 0.952916 1
-0.375233 0.102030 0.934933 1
-0.358531 0.176340 0.926636 1
-0.357107 0.206570 0.927279 1
-0.353525 0.187259 0.931060 1
-0.355630 0.269875 0.932176 1
-0.359966 0.150899 0.934703 1
-0.346462 0.182213 0.948506 1
-0.346941 0.234420 0.945152 1
-0.372437 0.115700 0.936383 1
-0.354689 0.260776 0.929710 1
-0.365696 0.111669 0.945153 1
-0.357108 0.255077 0.927281 1
-0.346781 0.264173 0.954092 1
-0.401573 0.194525 0.925677 1
-0.351350 0.164190 0.943255 1
-0.379784 0.118735 0.933683 1
-0.347586 0.213311 0.942278 1
-0.384789 0.282958 0.925469 1
-0.381656 0.096888 0.934143 1
-0.370999 0.102257 0.937017 1
-0.360956 0.244249 0.924284 1
-0.351630 0.176237 0.934952 1
-0.362096 0.153744 0.931508 1
-0.355900 0.250386 0.928494 1
-0.351413 0.170202 0.938878 1
-0.413430 0.120028 0.985801 1
-0.404505 0.196809 0.928573 1
-0.399336 0.219260 0.924364 1
-0.347577 0.182890 0.961051 1
-0.353491 0.256092 0.930970 1
-0.380126 0.194618 0.918236 1
-0.364848 0.139030 0.934251 1
-0.369537 0.175219 0.920740 1
-0.395940 0.158209 0.928128 1
-0.367806 0.195111 0.920564 1
-0.376203 0.138248 0.929001 1
-0.351195 0.171789 0.938296 1
-0.380188 0.229438 0.918385 1
-0.371314 0.171951 0.921030 1
-0.373734 0.183138 0.918811 1
-0.347555 0.240484 0.942192 1
-0.355900 0.225264 0.928493 1
-0.360701 0.281666 0.932244 1
-0.358312 0.202960 0.926069 1
-0.361033 0.152324 0.933103 1
-0.393163 0.285860 0.929478 1
-0.352423 0.251490 0.932587 1
-0.346349 0.233465 0.948197 1
-0.350448 0.273707 0.945411 1
-0.366432 0.255090 0.921287 1
-0.356614 0.161024 0.934754 1
-0.346893 0.256547 0.945018 1
-0.357732 0.267252 0.928901 1
-0.379920 0.133349 0.929895 1
-0.373807 0.162344 0.923083 1
-0.373777 0.090280 0.935510 1
-0.402199 0.146485 0.938831 1
-0.387015 0.179833 0.918862 1
-0.388847 0.189863 0.919275 1
-0.408495 0.224883 0.933866 1
-0.549955 0.428294 1.376457 1
-0.389462 0.130382 0.932662 1
-0.358312 0.244721 0.926070 1
-0.372270 0.236296 0.919287 1
-0.383421 0.091853 0.934339 1
-0.354689 0.180279 0.929708 1
-0.355899 0.180043 0.928492 1
-0.381846 0.231096 0.918390 1
-0.397368 0.129632 0.939420 1
-0.368410 0.172146 0.922077 1
-0.347553 0.242182 0.942187 1
-0.408532 0.163922 0.941718 1
-0.349356 0.224163 0.937904 1
-0.368764 0.125734 0.935636 1
-0.383437 0.098598 0.934377 1
-0.347478 0.191503 0.960776 1
-0.366397 0.213524 0.921197 1
-0.381775 0.191302 0.918220 1
-0.431389 0.164551 0.986205 1
-0.376578 0.165428 0.921713 1
-0.390327 0.152955 0.926726 1
-0.378532 0.229438 0.918388 1
-0.401523 0.182814 0.925560 1
-0.390627 0.283560 0.927438 1
-0.404614 0.213616 0.928825 1
-0.348451 0.269685 0.949263 1
-0.358312 0.196278 0.926069 1
-0.353880 0.158695 0.940936 1
-0.394395 0.117894 0.940412 1
-0.385541 0.130193 0.931316 1
-0.408967 0.260558 0.934945 1
-0.401824 0.238087 0.926255 1
-0.376882 0.232756 0.918404 1
-0.351368 0.211495 0.934257 1
-0.383434 0.192959 0.918225 1
-0.541531 0.439114 1.419458 1
-0.347650 0.181050 0.942451 1
-0.373792 0.227922 0.918953 1
-0.371721 0.283176 0.926183 1
-0.368101 0.175326 0.921305 1
-0.395656 0.147006 0.931401 1
-0.392869 0.230073 0.920928 1
-0.392946 0.255041 0.921111 1
-0.553911 0.419408 1.355757 1
-0.376844 0.211198 0.918312 1
-0.360310 0.147668 0.935597 1
-0.355182 0.266177 0.931002 1
-0.366107 0.102782 0.941825 1
-0.362251 0.190702 0.923337 1
-0.385208 0.179764 0.918505 1
-0.388988 0.249649 0.919609 1
-0.363997 0.174086 0.923542 1
-0.378342 0.107014 0.934282 1
-0.387072 0.147973 0.926937 1
-0.388855 0.193184 0.919294 1
-0.363363 0.153569 0.930449 1
-0.549933 0.425795 1.376403 1
-0.374060 0.087962 0.985141 1
-0.392717 0.283862 0.928424 1
-0.376903 0.244365 0.918454 1
-0.372916 0.110775 0.937588 1
-0.365043 0.097855 0.943467 1
-0.347857 0.266719 0.957051 1
-0.349329 0.247829 0.937829 1
-0.388941 0.229716 0.919498 1
-0.370678 0.191559 0.919452 1
-0.374067 0.093295 0.985160 1
-0.363580 0.215485 0.922482 1
-0.373575 0.118903 0.935005 1
-0.401944 0.256542 0.926531 1
-0.383008 0.089170 0.941611 1
-0.388354 0.087980 0.985340 1
-0.368423 0.095705 0.939069 1
-0.374338 0.266436 0.920296 1
-0.383448 0.199592 0.918260 1
-0.376737 0.273612 0.922103 1
-0.381673 0.107003 0.934186 1
-0.389429 0.159274 0.924594 1
-0.417021 0.128930 0.985881 1
-0.348437 0.250095 0.939987 1
-0.359933 0.127995 0.952460 1
-0.401552 0.189506 0.925627 1
-0.369246 0.214909 0.920015 1
-0.365035 0.104660 0.943446 1
-0.361442 0.137974 0.938535 1
-0.368517 0.156264 0.926527 1
-0.347058 0.181630 0.945469 1
-0.381813 0.115471 0.934529 1
-0.399293 0.209233 0.924264 1
-0.356803 0.143913 0.944178 1
-0.388554 0.283269 0.926485 1
-0.372812 0.279400 0.924745 1
-0.401617 0.204566 0.925777 1
-0.390710 0.183327 0.919757 1
-0.390531 0.165705 0.923256 1
-0.363591 0.240453 0.922510 1
-0.390045 0.268624 0.922108 1
-0.355900 0.211865 0.928493 1
-0.353662 0.177251 0.931421 1
-0.350761 0.174958 0.937136 1
-0.375507 0.113918 0.935616 1
-0.384966 0.135032 0.929928 1
-0.378631 0.113842 0.934995 1
-0.358312 0.187926 0.926069 1
-0.383541 0.239402 0.918481 1
-0.398593 0.156920 0.930413 1
-0.373773 0.212992 0.918905 1
-0.346281 0.217392 0.952715 1
-0.388120 0.154413 0.925449 1
-0.363588 0.233795 0.922503 1
-0.394923 0.241942 0.921847 1
-0.378506 0.214514 0.918324 1
-0.353489 0.259449 0.930965 1
-0.347319 0.205273 0.960337 1
-0.371508 0.281344 0.925653 1
-0.379817 0.271773 0.921505 1
-0.352156 0.281897 0.950022 1
-0.360356 0.126426 0.953580 1
-0.353855 0.272781 0.936377 1
-0.408225 0.204534 0.933250 1
-0.373781 0.095344 0.935521 1
-0.363099 0.100432 0.951754 1
-0.378482 0.201250 0.918267 1
-0.388015 0.170328 0.921237 1
-0.380492 0.174910 0.919121 1
-0.352430 0.236355 0.932607 1
-0.385254 0.199669 0.918616 1
-0.354692 0.149299 0.956862 1
-0.355474 0.153558 0.940662 1
-0.387354 0.160773 0.923622 1
-0.396885 0.192202 0.922541 1
-0.375333 0.234479 0.918666 1
-0.370860 0.263003 0.919903 1
-0.363581 0.218814 0.922486 1
-0.350180 0.164335 0.953974 1
-0.365037 0.102959 0.943451 1
-0.385328 0.231197 0.918792 1
-0.378081 0.134969 0.929497 1
-0.354959 0.264331 0.930416 1
-0.374558 0.170253 0.920835 1
-0.387247 0.093648 0.935437 1
-0.373648 0.163939 0.922691 1
-0.360946 0.222569 0.924259 1
-0.378587 0.260952 0.918522 1
-0.366151 0.284039 0.929006 1
-0.364311 0.170901 0.924338 1
-0.381312 0.089059 0.958696 1
-0.350305 0.181484 0.935919 1
-0.383431 0.191301 0.918218 1
-0.360923 0.164969 0.928489 1
-0.375227 0.095282 0.934919 1
-0.359619 0.211099 0.925134 1
-0.356795 0.269485 0.930829 1
-0.366392 0.208536 0.921186 1
-0.379511 0.168579 0.920763 1
-0.376848 0.131771 0.930591 1
-0.370994 0.092115 0.937005 1
-0.381671 0.105317 0.934179 1
-0.386404 0.138301 0.929352 1
-0.360150 0.266561 0.926500 1
-0.378582 0.257634 0.918508 1
-0.360954 0.240914 0.924280 1
-0.401726 0.222996 0.926030 1
-0.350290 0.211862 0.935879 1
-0.363594 0.247111 0.922518 1
-0.346317 0.208822 0.952815 1
-0.400165 0.161912 0.930166 1
-0.381482 0.284650 0.925544 1
-0.394794 0.151715 0.929373 1
-0.365349 0.122913 0.939877 1
-0.361258 0.161770 0.929350 1
-0.388890 0.208127 0.919377 1
-0.374168 0.143138 0.928108 1
-0.404636 0.216979 0.928875 1
-0.350953 0.163095 0.946775 1
-0.387066 0.201407 0.918983 1
-0.359528 0.166774 0.929212 1
-0.363598 0.257098 0.922529 1
-0.357108 0.261768 0.927281 1
-0.398664 0.145811 0.934513 1
-0.548329 0.430919 1.384894 1
-0.387175 0.247891 0.919242 1
-0.397905 0.285179 0.932734 1
-0.380951 0.123620 0.932417 1
-0.396927 0.202208 0.922640 1
-0.378447 0.181357 0.918182 1
-0.374345 0.303211 0.985893 1
-0.349341 0.237687 0.937861 1
-0.399430 0.240992 0.924580 1
-0.413383 0.088011 0.985689 1
-0.346185 0.239667 0.952453 1
-0.367597 0.112911 0.941290 1
-0.366371 0.183601 0.921133 1
-0.388574 0.122219 0.934571 1
-0.399344 0.220931 0.924380 1
-0.350282 0.228738 0.935856 1
-0.396296 0.278999 0.928963 1
-0.359629 0.234468 0.925160 1
-0.374530 0.109062 0.937395 1
-0.368423 0.102481 0.939069 1
-0.385262 0.178132 0.918636 1
-0.370723 0.226415 0.919563 1
-0.387062 0.199747 0.918974 1
-0.408046 0.190982 0.932840 1
-0.350273 0.247301 0.935832 1
-0.381123 0.121993 0.932838 1
-0.353500 0.237626 0.930994 1
-0.346207 0.234528 0.952513 1
-0.348500 0.195872 0.940158 1
-0.391652 0.089205 0.941973 1
-0.370759 0.254638 0.919653 1
-0.370843 0.176710 0.919860 1
-0.350286 0.220300 0.935868 1
-0.350283 0.227051 0.935859 1
-0.394306 0.167559 0.924297 1
-0.366589 0.263512 0.921680 1
-0.365002 0.250263 0.921870 1
-0.382195 0.159040 0.923235 1
-0.347017 0.200366 0.945356 1
-0.368423 0.092318 0.939069 1
-0.389008 0.257956 0.919655 1
-0.367961 0.133881 0.933598 1
-0.363870 0.118450 0.944840 1
-0.371243 0.114164 0.937635 1
-0.362264 0.219024 0.923370 1
-0.347598 0.204819 0.942309 1
-0.356581 0.145526 0.943590 1
-0.366109 0.099384 0.941830 1
-0.363571 0.195513 0.922459 1
-0.363449 0.098345 0.948188 1
-0.389342 0.093746 0.936418 1
-0.387198 0.257856 0.919298 1
-0.388589 0.165587 0.922599 1
-0.400691 0.133564 0.943254 1
-0.378555 0.146241 0.926553 1
-0.366935 0.130747 0.935274 1
-0.390854 0.229865 0.920096 1
-0.431403 0.173451 0.986236 1
-0.360953 0.237579 0.924277 1
-0.386331 0.123727 0.933225 1
-0.375232 0.100343 0.934930 1
-0.384202 0.141460 0.928084 1
-0.346310 0.210536 0.952795 1
-0.356428 0.162625 0.934267 1
-0.363589 0.237124 0.922507 1
-0.389016 0.261279 0.919674 1
-0.371714 0.152862 0.926165 1
-0.431384 0.160991 0.986193 1
-0.378485 0.202908 0.918274 1
-0.365731 0.156503 0.927940 1
-0.353507 0.222517 0.931014 1
-0.394908 0.236945 0.921810 1
-0.347438 0.194946 0.960666 1
-0.385347 0.239495 0.918838 1
-0.363586 0.230466 0.922499 1
-0.383510 0.226130 0.918407 1
-0.372342 0.105539 0.936145 1
-0.362260 0.210694 0.923360 1
-0.363468 0.089798 0.948238 1
-0.354841 0.147922 0.948038 1
-0.363760 0.163065 0.927183 1
-0.392771 0.124166 0.936540 1
-0.377818 0.122013 0.932988 1
-0.385252 0.090201 0.934692 1
-0.542410 0.437757 1.415071 1
-0.362280 0.254012 0.923410 1
-0.394939 0.246941 0.921883 1
-0.370672 0.186580 0.919436 1
-0.375860 0.266338 0.919957 1
-0.369217 0.181704 0.919943 1
-0.557772 0.413209 1.335721 1
-0.383471 0.209543 0.918315 1
-0.384407 0.170202 0.920555 1
-0.362256 0.200698 0.923349 1
-0.378338 0.103643 0.934272 1
-0.377009 0.176490 0.918713 1
-0.360932 0.192553 0.924225 1
-0.353004 0.165074 0.938605 1
-0.360195 0.160367 0.930937 1
-0.390574 0.136911 0.931301 1
-0.350302 0.188235 0.935910 1
-0.426216 0.294525 0.986585 1
-0.361778 0.122303 0.948289 1
-0.370668 0.183261 0.919426 1
-0.370676 0.189899 0.919447 1
-0.385256 0.147918 0.926592 1
-0.348476 0.216208 0.940094 1
-0.392982 0.162699 0.925105 1
-0.364324 0.112828 0.954964 1
-0.355687 0.169014 0.932324 1
-0.353509 0.219159 0.931018 1
-0.372265 0.232977 0.919276 1
-0.366402 0.220174 0.921212 1
-0.372212 0.191494 0.919144 1
-0.358312 0.204630 0.926069 1
-0.367847 0.243294 0.920669 1
-0.380103 0.181356 0.918180 1
-0.351234 0.161516 0.947533 1
-0.350268 0.255738 0.935821 1
-0.386555 0.122114 0.933767 1
-0.393435 0.159546 0.926171 1
-0.380300 0.113837 0.934953 1
-0.376904 0.115516 0.934894 1
-0.388831 0.183223 0.919238 1
-0.392853 0.225081 0.920892 1
-0.371804 0.122248 0.934792 1
-0.424431 0.298081 0.986572 1
-0.366300 0.164376 0.925150 1
-0.358312 0.228017 0.926070 1
-0.363585 0.115492 0.948542 1
-0.546662 0.431046 1.393379 1
-0.348496 0.199262 0.940147 1
-0.394219 0.142053 0.931975 1
-0.362751 0.117487 0.950841 1
-0.357105 0.138539 0.954085 1
-0.389915 0.127164 0.933746 1
-0.360952 0.235911 0.924275 1
-0.401781 0.231379 0.926155 1
-0.355900 0.252061 0.928494 1
-0.364992 0.238616 0.921845 1
-0.365925 0.118013 0.941357 1
-0.392915 0.245053 0.921038 1
-0.369230 0.196646 0.919976 1
-0.374086 0.107516 0.985209 1
-0.347212 0.263608 0.945888 1
-0.376850 0.214515 0.918326 1
-0.346387 0.216385 0.948300 1
-0.405477 0.166069 0.934676 1
-0.347590 0.209914 0.942289 1
-0.390870 0.234854 0.920133 1
-0.366365 0.150067 0.929549 1
-0.351797 0.158351 0.949052 1
-0.413425 0.116470 0.985788 1
-0.353441 0.161888 0.939769 1
-0.392837 0.220089 0.920855 1
-0.367817 0.208402 0.920593 1
-0.371725 0.270270 0.922049 1
-0.351382 0.184539 0.934292 1
-0.373826 0.254467 0.919037 1
-0.370674 0.188239 0.919442 1
-0.381206 0.087971 0.985241 1
-0.385305 0.221240 0.918737 1
-0.359616 0.206091 0.925128 1
-0.363568 0.188856 0.922451 1
-0.390880 0.238179 0.920157 1
-0.356731 0.170391 0.930660 1
-0.431387 0.162771 0.986199 1
-0.395367 0.161323 0.926784 1
-0.385884 0.112303 0.936225 1
-0.354689 0.192018 0.929708 1
-0.376793 0.179701 0.918186 1
-0.390756 0.198282 0.919866 1
-0.427799 0.157423 0.986130 1
-0.357107 0.201552 0.927279 1
-0.365053 0.089349 0.943493 1
-0.424434 0.299862 0.986578 1
-0.383475 0.211201 0.918324 1
-0.380473 0.112201 0.935376 1
-0.384674 0.122052 0.933289 1
-0.371995 0.135194 0.931049 1
-0.366430 0.251765 0.921280 1
-0.383429 0.095225 0.934358 1
-0.358312 0.214653 0.926069 1
-0.383413 0.181355 0.918175 1
-0.400867 0.087995 0.985514 1
-0.367101 0.129118 0.935698 1
-0.363616 0.139203 0.935418 1
-0.357108 0.260095 0.927281 1
-0.348508 0.189093 0.940179 1
-0.381280 0.089164 0.941538 1
-0.395400 0.173976 0.922960 1
-0.369663 0.104047 0.937916 1
-0.367481 0.138751 0.932380 1
-0.363680 0.128009 0.939944 1
-0.559306 0.413192 1.327922 1
-0.357733 0.143603 0.942142 1
-0.375352 0.249406 0.918714 1
-0.380662 0.173330 0.919531 1
-0.360953 0.239246 0.924278 1
-0.404757 0.235480 0.929152 1
-0.376841 0.209540 0.918305 1
-0.347050 0.185037 0.945449 1
-0.408832 0.250357 0.934636 1
-0.359195 0.169969 0.928352 1
-0.358313 0.254745 0.926073 1
-0.346443 0.190758 0.948454 1
-0.371837 0.136816 0.930656 1
-0.397294 0.089769 0.985471 1
-0.397013 0.222227 0.922839 1
-0.370727 0.229735 0.919573 1
-0.378414 0.131732 0.930315 1
-0.381826 0.219488 0.918340 1
-0.359618 0.209429 0.925132 1
-0.367897 0.162676 0.924969 1
-0.347043 0.188443 0.945428 1
-0.355900 0.257086 0.928494 1
-0.402739 0.273257 0.932239 1
-0.378019 0.166993 0.921174 1
-0.367863 0.261573 0.920708 1
-0.362250 0.187371 0.923333 1
-0.355872 0.167420 0.932809 1
-0.370733 0.234715 0.919589 1
-0.352441 0.214493 0.932636 1
-0.431397 0.169891 0.986224 1
-0.367702 0.285618 0.928691 1
-0.363446 0.166266 0.926382 1
-0.360926 0.179213 0.924210 1
-0.366414 0.233475 0.921240 1
-0.378497 0.209540 0.918303 1
-0.363599 0.258763 0.922531 1
-0.383460 0.204567 0.918287 1
-0.353503 0.230911 0.931003 1
-0.373033 0.268351 0.921171 1
-0.346315 0.248834 0.948104 1
-0.347021 0.231059 0.959514 1
-0.361253 0.139594 0.938044 1
-0.364783 0.166114 0.925536 1
-0.404582 0.208573 0.928749 1
-0.359586 0.144681 0.938110 1
-0.380202 0.237730 0.918421 1
-0.398222 0.171144 0.925649 1
-0.368984 0.137003 0.931928 1
-0.377438 0.279121 0.923819 1
-0.380700 0.157445 0.923649 1
-0.351997 0.173044 0.935928 1
-0.383649 0.262671 0.918739 1
-0.363070 0.107290 0.951677 1
-0.379422 0.089746 0.985222 1
-0.350292 0.208487 0.935883 1
-0.379003 0.173330 0.919531 1
-0.355126 0.146329 0.948797 1
-0.401508 0.179468 0.925527 1
-0.355110 0.274135 0.935235 1
-0.366374 0.186925 0.921140 1
-0.363603 0.114324 0.953075 1
-0.560801 0.410778 1.320163 1
-0.378794 0.112204 0.935397 1
-0.347594 0.206517 0.942299 1
-0.367800 0.188466 0.920550 1
-0.364169 0.145499 0.932513 1
-0.375361 0.256041 0.918735 1
-0.383425 0.093539 0.934348 1
-0.363574 0.202170 0.922467 1
-0.378450 0.183014 0.918189 1
-0.380223 0.249340 0.918470 1
-0.348480 0.212819 0.940104 1
-0.363109 0.132886 0.938468 1
-0.382184 0.264462 0.919204 1
-0.375298 0.207947 0.918582 1
-0.371245 0.157675 0.924998 1
-0.347061 0.227624 0.959624 1
-0.367959 0.120961 0.937886 1
-0.358882 0.141686 0.940699 1
-0.368024 0.146706 0.929503 1
-0.395151 0.116421 0.942214 1
-0.368269 0.278081 0.925904 1
-0.357107 0.183153 0.927279 1
-0.431591 0.296329 0.986666 1
-0.387031 0.186471 0.918899 1
-0.367415 0.114552 0.940825 1
-0.370101 0.281544 0.926309 1
-0.402065 0.176374 0.926810 1
-0.373760 0.203040 0.918874 1
-0.353319 0.284880 0.948543 1
-0.386826 0.272026 0.922363 1
-0.347062 0.179926 0.945479 1
-0.374102 0.119961 0.985253 1
-0.356685 0.140096 0.952964 1
-0.370687 0.198197 0.919473 1
-0.374968 0.135056 0.930094 1
-0.366842 0.145226 0.930760 1
-0.375236 0.105403 0.934941 1
-0.374121 0.264622 0.919760 1
-0.352433 0.231310 0.932614 1
-0.380114 0.187987 0.918208 1
-0.386021 0.141513 0.928430 1
-0.366798 0.265325 0.922206 1
-0.370740 0.148129 0.927909 1
-0.373788 0.224604 0.918942 1
-0.376873 0.227781 0.918383 1
-0.355033 0.156757 0.939496 1
-0.379552 0.089052 0.958621 1
-0.390746 0.194958 0.919842 1
-0.373780 0.093656 0.935517 1
-0.352440 0.216175 0.932634 1
-0.394512 0.271071 0.924780 1
-0.392765 0.196798 0.920685 1
-0.350291 0.210175 0.935881 1
-0.427996 0.287407 0.986585 1
-0.377114 0.144658 0.927119 1
-0.392920 0.246717 0.921050 1
-0.356242 0.164225 0.933780 1
-0.362263 0.217358 0.923368 1
-0.348451 0.238235 0.940024 1
-0.386465 0.089184 0.941755 1
-0.377553 0.108958 0.936505 1
-0.360295 0.171370 0.926874 1
-0.387081 0.208046 0.919020 1
-0.353510 0.217480 0.931020 1
-0.355364 0.276019 0.935904 1
-0.362927 0.279110 0.929332 1
-0.354689 0.252391 0.929710 1
-0.363570 0.193848 0.922457 1
-0.376908 0.247683 0.918468 1
-0.355254 0.155159 0.940079 1
-0.373831 0.257786 0.919047 1
-0.396956 0.208880 0.922707 1
-0.357107 0.208243 0.927279 1
-0.346934 0.237824 0.945131 1
-0.364942 0.180393 0.921719 1
-0.388324 0.152824 0.925936 1
-0.359798 0.152514 0.934267 1
-0.400335 0.141344 0.938430 1
-0.356639 0.285481 0.939263 1
-0.402478 0.174881 0.927762 1
-0.372699 0.173484 0.920347 1
-0.348447 0.241624 0.940014 1
-0.383071 0.089066 0.958772 1
-0.381497 0.303241 0.985992 1
-0.384218 0.171778 0.920102 1
-0.353501 0.235947 0.930996 1
-0.350288 0.216925 0.935872 1
-0.377794 0.089045 0.958546 1
-0.369248 0.218230 0.920022 1
-0.355329 0.172204 0.931386 1
-0.392749 0.191808 0.920649 1
-0.408315 0.211314 0.933455 1
-0.360672 0.128751 0.945392 1
-0.361118 0.124969 0.955596 1
-0.413389 0.091568 0.985701 1
-0.362975 0.171057 0.925182 1
-0.387038 0.189790 0.918918 1
-0.420617 0.141391 0.985975 1
-0.390885 0.239842 0.920169 1
-0.348453 0.236541 0.940030 1
-0.366400 0.216849 0.921204 1
-0.366375 0.188588 0.921143 1
-0.370934 0.160877 0.924221 1
-0.379342 0.170164 0.920352 1
-0.385274 0.207965 0.918663 1
-0.347101 0.224187 0.959733 1
-0.404090 0.275861 0.935368 1
-0.388972 0.243004 0.919572 1
-0.353499 0.239305 0.930992 1
-0.349002 0.271446 0.955461 1
-0.383547 0.162238 0.922482 1
-0.347597 0.181166 0.961106 1
-0.366295 0.137255 0.933645 1
-0.429613 0.173446 0.986211 1
-0.376256 0.122052 0.933288 1
-0.392926 0.248382 0.921062 1
-0.375129 0.133435 0.930492 1
-0.383442 0.147863 0.926247 1
-0.380529 0.277278 0.923232 1
-0.394735 0.181994 0.921408 1
-0.401802 0.234733 0.926205 1
-0.359605 0.181054 0.925099 1
-0.360947 0.225905 0.924263 1
-0.394981 0.260271 0.921981 1
-0.351357 0.235080 0.934225 1
-0.381758 0.181356 0.918177 1
-0.383410 0.179698 0.918168 1
-0.375294 0.204630 0.918572 1
-0.359511 0.129561 0.951343 1
-0.376761 0.090187 0.934541 1
-0.362269 0.230686 0.923383 1
-0.349711 0.166733 0.948039 1
-0.380176 0.222805 0.918357 1
-0.393972 0.119462 0.939403 1
-0.354616 0.278446 0.938392 1
-0.351344 0.260348 0.934192 1
-0.367207 0.094134 0.940292 1
-0.400083 0.264773 0.926092 1
-0.347047 0.186740 0.945438 1
-0.424437 0.301644 0.986585 1
-0.370996 0.097186 0.937011 1
-0.354030 0.164763 0.936840 1
-0.394730 0.282429 0.929221 1
-0.357108 0.238351 0.927280 1
-0.390736 0.191635 0.919817 1
-0.359617 0.207760 0.925130 1
-0.365049 0.092751 0.943483 1
-0.366407 0.225161 0.921222 1
-0.384875 0.151111 0.925675 1
-0.360139 0.172967 0.926474 1
-0.369661 0.098971 0.937910 1
-0.353497 0.244341 0.930985 1
-0.388397 0.167169 0.922144 1
-0.358316 0.261429 0.926080 1
-0.375331 0.232821 0.918661 1
-0.363085 0.103861 0.951715 1
-0.364999 0.246935 0.921863 1
-0.390778 0.149784 0.927796 1
-0.380055 0.147846 0.926137 1
-0.361018 0.262634 0.924443 1
-0.363595 0.248775 0.922520 1
-0.357062 0.167189 0.931524 1
-0.350279 0.235488 0.935847 1
-0.372300 0.259532 0.919360 1
-0.357727 0.160766 0.933258 1
-0.362010 0.133104 0.940010 1
-0.371331 0.127145 0.933603 1
-0.375365 0.259358 0.918745 1
-0.346705 0.258515 0.958638 1
-0.381828 0.221146 0.918347 1
-0.377825 0.089150 0.941393 1
-0.399193 0.185845 0.924031 1
-0.387046 0.193109 0.918936 1
-0.353491 0.254413 0.930972 1
-0.429795 0.292759 0.986628 1
-0.346900 0.253143 0.945039 1
-0.355900 0.200141 0.928492 1
-0.379440 0.121993 0.932839 1
-0.359628 0.232799 0.925159 1
-0.395944 0.145432 0.932079 1
-0.378046 0.151051 0.925307 1
-0.376779 0.103677 0.934584 1
-0.426009 0.157419 0.986106 1
-0.362076 0.271766 0.927153 1
-0.363800 0.263901 0.923042 1
-0.373417 0.120539 0.934608 1
-0.363583 0.222143 0.922489 1
-0.359608 0.187730 0.925107 1
-0.366649 0.276448 0.926030 1
-0.363077 0.105576 0.951696 1
-0.399423 0.239320 0.924563 1
-0.369949 0.127249 0.934365 1
-0.354834 0.176998 0.930090 1
-0.358312 0.194607 0.926069 1
-0.353518 0.200691 0.931043 1
-0.360934 0.195888 0.924229 1
-0.408421 0.177684 0.933696 1
-0.381683 0.163816 0.921997 1
-0.383420 0.117133 0.934335 1
-0.383037 0.120383 0.933404 1
-0.374371 0.110706 0.936996 1
-0.387681 0.114024 0.936487 1
-0.348518 0.180619 0.940206 1
-0.355900 0.255411 0.928494 1
-0.347440 0.175013 0.955903 1
-0.377876 0.152652 0.924892 1
-0.398522 0.268188 0.926348 1
-0.362255 0.199032 0.923347 1
-0.408113 0.196063 0.932994 1
-0.387005 0.118884 0.934853 1
-0.394970 0.256938 0.921956 1
-0.391746 0.107455 0.938130 1
-0.355900 0.210190 0.928493 1
-0.380193 0.232755 0.918399 1
-0.362213 0.141001 0.936151 1
-0.375347 0.115556 0.935218 1
-0.390906 0.246495 0.920218 1
-0.398510 0.169596 0.926319 1
-0.352900 0.282833 0.947417 1
-0.378529 0.227780 0.918380 1
-0.350330 0.262536 0.935985 1
-0.428012 0.298096 0.986622 1
-0.351515 0.159935 0.948291 1
-0.379097 0.125245 0.931996 1
-0.381843 0.229437 0.918383 1
-0.392729 0.185155 0.920600 1
-0.376876 0.229439 0.918390 1
-0.357108 0.250059 0.927280 1
-0.373779 0.217969 0.918921 1
-0.366418 0.238463 0.921251 1
-0.379975 0.098574 0.934153 1
-0.352293 0.160133 0.959732 1
-0.408001 0.187596 0.932737 1
-0.363791 0.275143 0.927262 1
-0.349313 0.261350 0.937787 1
-0.378321 0.090157 0.934229 1
-0.385367 0.247795 0.918885 1
-0.370753 0.249657 0.919637 1
-0.354351 0.268498 0.933234 1
-0.427818 0.169882 0.986174 1
-0.373849 0.146361 0.927316 1
-0.378637 0.262643 0.918642 1
-0.365188 0.135786 0.935122 1
-0.376580 0.118787 0.934091 1
-0.348457 0.233152 0.940040 1
-0.368476 0.116049 0.939204 1
-0.367803 0.191789 0.920557 1
-0.396999 0.218890 0.922806 1
-0.389653 0.157697 0.925126 1
-0.373751 0.196406 0.918853 1
-0.396870 0.188867 0.922508 1
-0.408248 0.206228 0.933301 1
-0.380120 0.191302 0.918222 1
-0.374093 0.112850 0.985228 1
-0.366421 0.241788 0.921258 1
-0.346303 0.212250 0.952775 1
-0.378835 0.174911 0.919122 1
-0.382163 0.112202 0.935385 1
-0.375279 0.193024 0.918535 1
-0.375292 0.202972 0.918566 1
-0.363956 0.135956 0.936292 1
-0.355619 0.277906 0.936574 1
-0.368823 0.138624 0.931523 1
-0.351358 0.231711 0.934230 1
-0.373790 0.105471 0.935543 1
-0.375335 0.236138 0.918672 1
-0.366427 0.248439 0.921273 1
-0.356123 0.263950 0.929074 1
-0.354689 0.178602 0.929708 1
-0.383502 0.222812 0.918389 1
-0.388657 0.272143 0.922760 1
-0.373743 0.189772 0.918832 1
-0.362261 0.212360 0.923362 1
-0.347559 0.237088 0.942203 1
-0.364163 0.099782 0.945599 1
-0.383422 0.186328 0.918196 1
-0.386999 0.133477 0.930782 1
-0.350334 0.178121 0.935995 1
-0.358312 0.201289 0.926069 1
-0.348488 0.206040 0.940126 1
-0.358312 0.236369 0.926070 1
-0.367207 0.090742 0.940291 1
-0.379172 0.171748 0.919942 1
-0.408021 0.089782 0.985620 1
-0.380108 0.184671 0.918194 1
-0.355900 0.203491 0.928492 1
-0.397099 0.242255 0.923038 1
-0.357359 0.154602 0.936707 1
-0.383926 0.159067 0.923392 1
-0.427815 0.168102 0.986168 1
-0.375226 0.093596 0.934915 1
-0.372655 0.143200 0.928510 1
-0.401965 0.259899 0.926581 1
-0.354689 0.200403 0.929709 1
-0.396977 0.213885 0.922756 1
-0.367837 0.231663 0.920643 1
-0.387163 0.242910 0.919214 1
-0.373689 0.147971 0.926921 1
-0.369286 0.261405 0.920115 1
-0.388851 0.191524 0.919285 1
-0.396913 0.198873 0.922607 1
-0.353680 0.283796 0.944935 1
-0.349346 0.232616 0.937877 1
-0.352433 0.229628 0.932616 1
-0.375305 0.212921 0.918598 1
-0.377513 0.171748 0.919942 1
-0.360246 0.277952 0.931069 1
-0.359104 0.140076 0.941283 1
-0.367828 0.221693 0.920622 1
-0.388843 0.188203 0.919266 1
-0.385741 0.264627 0.919777 1
-0.374069 0.095072 0.985166 1
-0.382537 0.155849 0.924062 1
-0.411600 0.091565 0.985676 1
-0.400152 0.274318 0.930135 1
-0.358836 0.151133 0.936152 1
-0.393074 0.148346 0.929269 1
-0.368564 0.170555 0.922463 1
-0.394753 0.092533 0.941265 1
-0.399233 0.134773 0.939822 1
-0.363438 0.103473 0.948158 1
-0.362257 0.204030 0.923353 1
-0.350303 0.186547 0.935912 1
-0.392796 0.206778 0.920758 1
-0.397370 0.163131 0.927558 1
-0.390931 0.254811 0.920279 1
-0.376525 0.135012 0.929795 1
-0.364984 0.230298 0.921827 1
-0.385266 0.204647 0.918644 1
-0.375348 0.246089 0.918703 1
-0.346911 0.248037 0.945070 1
-0.353512 0.212443 0.931027 1
-0.354020 0.150009 0.950424 1
-0.360931 0.189218 0.924221 1
-0.356439 0.153243 0.938735 1
-0.385355 0.242815 0.918857 1
-0.372261 0.229658 0.919266 1
-0.379407 0.138195 0.928639 1
-0.355905 0.178371 0.928506 1
-0.370313 0.283377 0.926840 1
-0.367280 0.281944 0.927625 1
-0.381764 0.184671 0.918192 1
-0.346339 0.203678 0.952876 1
-0.364977 0.221979 0.921809 1
-0.402654 0.087997 0.985539 1
-0.367444 0.125860 0.936572 1
-0.375667 0.112278 0.936014 1
-0.401650 0.211263 0.925855 1
-0.357108 0.231660 0.927280 1
-0.551560 0.425701 1.368123 1
-0.363563 0.178870 0.922440 1
-0.552356 0.424416 1.363994 1
-0.362516 0.264178 0.924012 1
-0.376911 0.249341 0.918475 1
-0.364226 0.267543 0.924120 1
-0.351348 0.251926 0.934203 1
-0.364960 0.202017 0.921766 1
-0.369677 0.277884 0.925249 1
-0.349408 0.180203 0.938042 1
-0.373530 0.149579 0.926526 1
-0.363003 0.118723 0.947025 1
-0.399451 0.246009 0.924630 1
-0.378215 0.149449 0.925722 1
-0.395628 0.286431 0.931334 1
-0.353514 0.209086 0.931032 1
-0.359313 0.280213 0.933006 1
-0.359604 0.179385 0.925097 1
-0.363578 0.212157 0.922478 1
-0.368649 0.114408 0.939644 1
-0.376833 0.204566 0.918284 1
-0.387443 0.175054 0.919878 1
-0.373801 0.234558 0.918974 1
-0.384495 0.154298 0.924761 1
-0.349398 0.188658 0.938016 1
-0.346424 0.199301 0.948403 1
-0.379544 0.152652 0.924891 1
-0.400578 0.160399 0.931125 1
-0.362254 0.195700 0.923343 1
-0.373762 0.204699 0.918879 1
-0.363121 0.095287 0.951811 1
-0.369270 0.243137 0.920076 1
-0.390777 0.204930 0.919914 1
-0.347458 0.193225 0.960721 1
-0.346334 0.240296 0.948155 1
-0.400884 0.276500 0.931836 1
-0.361168 0.175997 0.924829 1
-0.399178 0.182505 0.923998 1
-0.387167 0.244570 0.919223 1
-0.375870 0.279194 0.924061 1
-0.354100 0.157095 0.941520 1
-0.364444 0.121481 0.941918 1
-0.390864 0.233191 0.920121 1
-0.390552 0.151370 0.927261 1
-0.350908 0.167382 0.942069 1
-0.431411 0.178791 0.986255 1
-0.385324 0.229537 0.918783 1
-0.358648 0.152742 0.935663 1
-0.353516 0.205728 0.931036 1
-0.380645 0.110564 0.935801 1
-0.374556 0.268252 0.920832 1
-0.347517 0.188058 0.960886 1
-0.364956 0.197026 0.921755 1
-0.373783 0.221286 0.918932 1
-0.376742 0.117152 0.934492 1
-0.360944 0.217566 0.924254 1
-0.388122 0.125445 0.933485 1
-0.352456 0.184219 0.932676 1
-0.378725 0.144635 0.926970 1
-0.355694 0.159682 0.936773 1
-0.387187 0.252873 0.919270 1
-0.370001 0.170450 0.921898 1
-0.360960 0.254256 0.924296 1
-0.420859 0.303410 0.986541 1
-0.395394 0.089115 0.959298 1
-0.385058 0.118803 0.934220 1
-0.363564 0.180534 0.922442 1
-0.388224 0.281358 0.925698 1
-0.401323 0.168405 0.928963 1
-0.346326 0.243711 0.948135 1
-0.371680 0.138436 0.930262 1
-0.347557 0.238786 0.942197 1
-0.382585 0.139807 0.928220 1
-0.409807 0.088006 0.985639 1
-0.401835 0.239764 0.926280 1
-0.353492 0.252734 0.930974 1
-0.544151 0.435067 1.406378 1
-0.387042 0.191449 0.918927 1
-0.356363 0.275486 0.934096 1
-0.372310 0.131947 0.931838 1
-0.378143 0.118749 0.933790 1
-0.353496 0.246020 0.930983 1
-0.378340 0.105329 0.934277 1
-0.404735 0.232115 0.929102 1
-0.364973 0.216989 0.921798 1
-0.356070 0.176778 0.928936 1
-0.399372 0.227617 0.924447 1
-0.393154 0.122596 0.937453 1
-0.373813 0.244512 0.919005 1
-0.381980 0.176490 0.918711 1
-0.365023 0.150205 0.930403 1
-0.347531 0.260861 0.942128 1
-0.371558 0.154468 0.925776 1
-0.346353 0.231757 0.948207 1
-0.394850 0.218622 0.921676 1
-0.366394 0.210199 0.921190 1
-0.408360 0.214705 0.933558 1
-0.347537 0.186335 0.960941 1
-0.369234 0.201627 0.919986 1
-0.381853 0.162225 0.922409 1
-0.396227 0.156648 0.928801 1
-0.373818 0.247830 0.919016 1
-0.397084 0.238917 0.923005 1
-0.352424 0.248127 0.932591 1
-0.401716 0.221319 0.926005 1
-0.361859 0.281259 0.930896 1
-0.364167 0.096372 0.945610 1
-0.360607 0.168172 0.927677 1
-0.357107 0.186499 0.927279 1
-0.391370 0.276212 0.925239 1
-0.363430 0.106891 0.948138 1
-0.362262 0.164817 0.927630 1
-0.379419 0.087968 0.985216 1
-0.397082 0.164685 0.926887 1
-0.369657 0.090511 0.937901 1
-0.353522 0.193975 0.931052 1
-0.397647 0.174231 0.924312 1
-0.353494 0.249377 0.930978 1
-0.392760 0.195134 0.920673 1
-0.550760 0.426994 1.372278 1
-0.351362 0.223288 0.934241 1
-0.369305 0.133757 0.932739 1
-0.369283 0.258083 0.920108 1
-0.371406 0.112522 0.938045 1
-0.390797 0.211578 0.919963 1
-0.353660 0.167967 0.935862 1
-0.346311 0.250541 0.948094 1
-0.368343 0.143478 0.930310 1
-0.390926 0.253148 0.920266 1
-0.357920 0.149768 0.938177 1
-0.375827 0.110637 0.936412 1
-0.363152 0.269651 0.925634 1
-0.370708 0.214795 0.919526 1
-0.363191 0.123332 0.943076 1
-0.384596 0.168624 0.921008 1
-0.369409 0.119191 0.937272 1
-0.381896 0.259292 0.918510 1
-0.349555 0.170950 0.943005 1
-0.352192 0.156816 0.950118 1
-0.387120 0.224646 0.919112 1
-0.373758 0.201382 0.918868 1
-0.397070 0.235578 0.922972 1
-0.398313 0.277562 0.929760 1
-0.394928 0.243608 0.921859 1
-0.367824 0.216709 0.920611 1
-0.397495 0.139250 0.935730 1
-0.429600 0.164546 0.986180 1
-0.371081 0.115804 0.937225 1
-0.360937 0.202558 0.924236 1
-0.383545 0.241062 0.918491 1
-0.346413 0.204426 0.948372 1
-0.348464 0.226375 0.940062 1
-0.365392 0.265513 0.922858 1
-0.347039 0.190147 0.945418 1
-0.362265 0.220690 0.923372 1
-0.366434 0.256753 0.921291 1
-0.359637 0.252831 0.925181 1
-0.408562 0.229974 0.934020 1
-0.390307 0.167274 0.922726 1
-0.366431 0.253427 0.921284 1
-0.383464 0.206226 0.918297 1
-0.364969 0.211998 0.921788 1
-0.359089 0.131123 0.950229 1
-0.385340 0.236176 0.918820 1
-0.375341 0.241113 0.918687 1
-0.385281 0.211283 0.918681 1
-0.394845 0.216957 0.921664 1
-0.363603 0.164666 0.926782 1
-0.360958 0.249253 0.924290 1
-0.346863 0.244793 0.959076 1
-0.372754 0.112418 0.937181 1
-0.385227 0.188057 0.918552 1
-0.346447 0.189049 0.948465 1
-0.354362 0.276555 0.937719 1
-0.393442 0.276495 0.926189 1
-0.349406 0.181894 0.938037 1
-0.390705 0.181665 0.919745 1
-0.388929 0.224733 0.919470 1
-0.560780 0.408381 1.320113 1
-0.352437 0.222902 0.932625 1
-0.346149 0.248231 0.952352 1
-0.395094 0.137314 0.934044 1
-0.348423 0.261953 0.939950 1
-0.357107 0.194862 0.927279 1
-0.349317 0.257970 0.937797 1
-0.349310 0.172530 0.942343 1
-0.389671 0.143298 0.929147 1
-0.350269 0.254051 0.935823 1
-0.379374 0.154251 0.924477 1
-0.384290 0.125294 0.932359 1
-0.366378 0.191912 0.921151 1
-0.369804 0.157772 0.925567 1
-0.389963 0.279738 0.925862 1
-0.364646 0.282496 0.929442 1
-0.399236 0.195867 0.924131 1
-0.358482 0.144918 0.939652 1
-0.381042 0.154251 0.924476 1
-0.364233 0.158253 0.928388 1
-0.365051 0.091050 0.943488 1
-0.381790 0.199591 0.918255 1
-0.387237 0.090271 0.935413 1
-0.381855 0.236071 0.918411 1
-0.352943 0.159037 0.942966 1
-0.393640 0.132337 0.934593 1
-0.383737 0.160653 0.922937 1
-0.401868 0.244797 0.926355 1
-0.363837 0.148728 0.931662 1
-0.355164 0.173804 0.930953 1
-0.389349 0.095437 0.936434 1
-0.360784 0.272053 0.928131 1
-0.376953 0.146268 0.926723 1
-0.363579 0.213821 0.922480 1
-0.353523 0.192296 0.931054 1
-0.360875 0.142829 0.937063 1
-0.350266 0.260800 0.935814 1
-0.431381 0.159211 0.986187 1
-0.401537 0.186160 0.925593 1
-0.397120 0.247263 0.923088 1
-0.362274 0.242349 0.923396 1
-0.362247 0.180707 0.923326 1
-0.361369 0.149096 0.933972 1
-0.380217 0.246023 0.918456 1
-0.347654 0.179352 0.942462 1
-0.366763 0.159571 0.926318 1
-0.357260 0.137935 0.949923 1
-0.388141 0.110776 0.937597 1
-0.376926 0.257635 0.918510 1
-0.369264 0.236495 0.920062 1
-0.370763 0.257958 0.919663 1
-0.352444 0.209447 0.932642 1
-0.362280 0.255678 0.923412 1
-0.357394 0.163981 0.932391 1
-0.349432 0.168308 0.947280 1
-0.383572 0.252677 0.918555 1
-0.355900 0.218564 0.928493 1
-0.391681 0.093902 0.937976 1
-0.352755 0.156305 0.947027 1
-0.357020 0.271335 0.931416 1
-0.359683 0.130716 0.947278 1
-0.391709 0.100677 0.938042 1
-0.393353 0.133925 0.933911 1
-0.388780 0.164004 0.923054 1
-0.359636 0.251161 0.925179 1
-0.370682 0.194878 0.919463 1
-0.375237 0.107090 0.934944 1
-0.365009 0.258582 0.921888 1
-0.403722 0.170386 0.930631 1
-0.404779 0.238845 0.929203 1
-0.349394 0.192040 0.938005 1
-0.366424 0.245113 0.921265 1
-0.348757 0.169642 0.954788 1
-0.431588 0.294548 0.986660 1
-0.387159 0.241249 0.919205 1
-0.363565 0.182198 0.922444 1
-0.353037 0.154721 0.947785 1
-0.348249 0.173693 0.958131 1
-0.354098 0.281071 0.941514 1
-0.347535 0.257465 0.942138 1
-0.386596 0.136692 0.929814 1
-0.383522 0.231107 0.918435 1
-0.554714 0.420608 1.351754 1
-0.346972 0.220800 0.945234 1
-0.397020 0.223896 0.922856 1
-0.349604 0.176918 0.938569 1
-0.387151 0.237928 0.919186 1
-0.357107 0.188171 0.927279 1
-0.355695 0.151956 0.941246 1
-0.388859 0.194844 0.919303 1
-0.354689 0.186987 0.929708 1
-0.370545 0.135278 0.931626 1
-0.401683 0.216291 0.925930 1
-0.376967 0.275444 0.922666 1
-0.427802 0.159203 0.986137 1
-0.381861 0.239388 0.918425 1
-0.364159 0.103192 0.945589 1
-0.385289 0.214602 0.918700 1
-0.391205 0.160986 0.924850 1
-0.375241 0.147924 0.926625 1
-0.392789 0.149913 0.928595 1
-0.359999 0.133617 0.943627 1
-0.375290 0.201314 0.918561 1
-0.392827 0.216761 0.920831 1
-0.385830 0.173416 0.919990 1
-0.383917 0.264513 0.919383 1
-0.374277 0.089031 0.958396 1
-0.367820 0.211725 0.920600 1
-0.408405 0.218097 0.933660 1
-0.366608 0.161174 0.925928 1
-0.366388 0.203549 0.921176 1
-0.380766 0.279118 0.923809 1
-0.346843 0.246509 0.959021 1
-0.400869 0.089773 0.985521 1
-0.346345 0.235173 0.948186 1
-0.374079 0.102183 0.985191 1
-0.347140 0.220750 0.959843 1
-0.384785 0.167045 0.921461 1
-0.362288 0.273599 0.927696 1
-0.357511 0.145212 0.941557 1
-0.346341 0.236880 0.948176 1
-0.387242 0.091959 0.935425 1
-0.365658 0.143741 0.932021 1
-0.401813 0.236410 0.926230 1
-0.365499 0.145359 0.931616 1
-0.381209 0.089748 0.985247 1
-0.385544 0.160713 0.923279 1
-0.357732 0.151381 0.937687 1
-0.354603 0.270375 0.933900 1
-0.401976 0.261577 0.926606 1
-0.388835 0.184883 0.919248 1
-0.385061 0.284828 0.926122 1
-0.399487 0.254371 0.924713 1
-0.374284 0.157549 0.924261 1
-0.368424 0.104175 0.939070 1
-0.351630 0.162618 0.944007 1
-0.388886 0.206466 0.919368 1
-0.387545 0.159185 0.924078 1
-0.399171 0.180835 0.923982 1
-0.349374 0.208948 0.937952 1
-0.394902 0.235279 0.921798 1
-0.385316 0.226218 0.918764 1
-0.368480 0.279911 0.926435 1
-0.370919 0.089122 0.941103 1
-0.402565 0.163884 0.931839 1
-0.359328 0.138464 0.941868 1
-0.353506 0.225874 0.931009 1
-0.378514 0.219489 0.918345 1
-0.375288 0.199656 0.918556 1
-0.394873 0.102752 0.941552 1
-0.354689 0.249037 0.929710 1
-0.364466 0.131073 0.937605 1
-0.358962 0.160566 0.932096 1
-0.358312 0.229687 0.926070 1
-0.364996 0.243608 0.921856 1
-0.555470 0.416906 1.347670 1
-0.348317 0.174584 0.944258 1
-0.385066 0.149516 0.926133 1
-0.360950 0.230908 0.924269 1
-0.388561 0.136793 0.930502 1
-0.357593 0.139111 0.946269 1
-0.388937 0.228055 0.919488 1
-0.367834 0.228340 0.920636 1
-0.380100 0.179699 0.918173 1
-0.395913 0.134222 0.935980 1
-0.364391 0.156646 0.928790 1
-0.354613 0.246185 0.985420 1
-0.358312 0.184585 0.926069 1
-0.384975 0.165464 0.921915 1
-0.362258 0.205696 0.923354 1
-0.370736 0.236375 0.919595 1
-0.346979 0.217395 0.945254 1
-0.352435 0.226265 0.932620 1
-0.351381 0.186223 0.934290 1
-0.366384 0.124384 0.938184 1
-0.404856 0.250625 0.929379 1
-0.380360 0.160633 0.922822 1
-0.349350 0.229235 0.937888 1
-0.372227 0.203108 0.919181 1
-0.360951 0.234243 0.924273 1
-0.354689 0.222205 0.929709 1
-0.385471 0.262783 0.919133 1
-0.349323 0.267730 0.942379 1
-0.376517 0.271790 0.921565 1
-0.348429 0.256871 0.939965 1
-0.365507 0.278521 0.927372 1
-0.371076 0.264817 0.920438 1
-0.375268 0.184735 0.918509 1
-0.390952 0.261465 0.920327 1
-0.363572 0.198841 0.922463 1
-0.346360 0.228341 0.948228 1
-0.394918 0.240276 0.921834 1
-0.394829 0.211961 0.921627 1
-0.387105 0.218005 0.919075 1
-0.354689 0.218851 0.929709 1
-0.426219 0.296307 0.986591 1
-0.376827 0.201250 0.918270 1
-0.390755 0.164134 0.923787 1
-0.346332 0.205393 0.952856 1
-0.401821 0.155842 0.934014 1
-0.350656 0.162835 0.955271 1
-0.373789 0.103783 0.935539 1
-0.367247 0.089003 0.958095 1
-0.380091 0.131731 0.930314 1
-0.411595 0.088008 0.985664 1
-0.392442 0.270793 0.923833 1
-0.356565 0.171990 0.930228 1
-0.362382 0.139378 0.936589 1
-0.388193 0.089191 0.941828 1
-0.389221 0.146481 0.928074 1
-0.353498 0.240983 0.930989 1
-0.357507 0.265409 0.928318 1
-0.351359 0.230026 0.934232 1
-0.360935 0.197555 0.924231 1
-0.375229 0.096969 0.934922 1
-0.376836 0.206224 0.918291 1
-0.350978 0.173375 0.937716 1
-0.391975 0.115984 0.938678 1
-0.397049 0.230571 0.922922 1
-0.348461 0.229764 0.940051 1
-0.399164 0.179165 0.923965 1
-0.375367 0.261017 0.918751 1
-0.380154 0.178068 0.918303 1
-0.356066 0.156466 0.937753 1
-0.346307 0.252249 0.948083 1
-0.357107 0.199880 0.927279 1
-0.346098 0.260217 0.952211 1
-0.374399 0.171842 0.920445 1
-0.354689 0.190341 0.929708 1
-0.354629 0.258639 0.985464 1
-0.366114 0.089192 0.941843 1
-0.350712 0.270889 0.941543 1
-0.394893 0.104456 0.941600 1
-0.360260 0.127503 0.948796 1
-0.353476 0.169567 0.935374 1
-0.353528 0.182222 0.931067 1
-0.388918 0.219751 0.919442 1
-0.385638 0.144719 0.927510 1
-0.376783 0.107050 0.934595 1
-0.390844 0.226540 0.920072 1
-0.424217 0.155635 0.986074 1
-0.358378 0.282486 0.934959 1
-0.353097 0.267140 0.934372 1
-0.380149 0.207881 0.918293 1
-0.369253 0.223211 0.920033 1
-0.367850 0.246617 0.920676 1
-0.363592 0.243782 0.922514 1
-0.358463 0.165380 0.930798 1
-0.351848 0.167022 0.940042 1
-0.394881 0.228616 0.921749 1
-0.353513 0.210764 0.931029 1
-0.368052 0.161075 0.925358 1
-0.359873 0.167941 0.985222 1
-0.359551 0.136850 0.942453 1
-0.381770 0.187986 0.918206 1
-0.408719 0.241861 0.934379 1
-0.381811 0.211197 0.918305 1
-0.394861 0.221953 0.921700 1
-0.362315 0.284976 0.932070 1
-0.396065 0.267656 0.924511 1
-0.354689 0.259099 0.929710 1
-0.369257 0.228193 0.920044 1
-0.382955 0.282836 0.925069 1
-0.352672 0.156073 0.956066 1
-0.399286 0.207562 0.924248 1
-0.381212 0.152652 0.924891 1
-0.422420 0.150293 0.986031 1
-0.431572 0.283858 0.986622 1
-0.362106 0.166418 0.927229 1
-0.348516 0.182314 0.940201 1
-0.369261 0.233174 0.920054 1
-0.351179 0.268250 0.938254 1
-0.350273 0.245613 0.935834 1
-0.357907 0.137126 0.956229 1
-0.372218 0.196472 0.919160 1
-0.350287 0.218613 0.935870 1
-0.381769 0.131731 0.930314 1
-0.375879 0.112853 0.985253 1
-0.386020 0.171841 0.920443 1
-0.373828 0.256126 0.919042 1
-0.387097 0.214685 0.919057 1
-0.346120 0.255081 0.952271 1
-0.408517 0.226580 0.933917 1
-0.401889 0.248152 0.926405 1
-0.361425 0.160167 0.929781 1
-0.364218 0.278815 0.928351 1
-0.404625 0.215298 0.928850 1
-0.380152 0.209539 0.918300 1
-0.381597 0.133349 0.929894 1
-0.366105 0.106179 0.941821 1
-0.385216 0.183081 0.918524 1
-0.424215 0.153856 0.986068 1
-0.385256 0.091888 0.934701 1
-0.360962 0.257591 0.924299 1
-0.366511 0.177022 0.921484 1
-0.360572 0.270220 0.927587 1
-0.380185 0.227779 0.918378 1
-0.372331 0.092027 0.936116 1
-0.375940 0.171787 0.920153 1
-0.379612 0.120365 0.933261 1
-0.392756 0.164274 0.924573 1
-0.373100 0.123805 0.933815 1
-0.381817 0.214513 0.918319 1
-0.353661 0.160292 0.940352 1
-0.408652 0.236765 0.934225 1
-0.362200 0.131478 0.940503 1
-0.347002 0.207178 0.945315 1
-0.346734 0.261996 0.958720 1
-0.352454 0.189265 0.932669 1
-0.367827 0.220032 0.920618 1
-0.364013 0.265721 0.923581 1
-0.365839 0.169169 0.923984 1
-0.381820 0.216171 0.918326 1
-0.397006 0.220559 0.922823 1
-0.376737 0.163835 0.922104 1
-0.401900 0.249830 0.926431 1
-0.368442 0.128997 0.934820 1
-0.373443 0.135111 0.930473 1
-0.391702 0.098983 0.938025 1
-0.399394 0.232632 0.924497 1
-0.347005 0.205475 0.945326 1
-0.375223 0.090222 0.934908 1
-0.352740 0.175949 0.933426 1
-0.374052 0.113989 0.936199 1
-0.346908 0.249739 0.945059 1
-0.388357 0.089757 0.985346 1
-0.380739 0.141417 0.927803 1
-0.385442 0.115548 0.935154 1
-0.382192 0.277276 0.923227 1
-0.394965 0.255272 0.921944 1
-0.375309 0.216238 0.918608 1
-0.372384 0.176654 0.919569 1
-0.351357 0.233396 0.934228 1
-0.372339 0.102161 0.936138 1
-0.365072 0.177131 0.922049 1
-0.374808 0.136675 0.929696 1
-0.352453 0.190947 0.932667 1
-0.401588 0.197872 0.925710 1
-0.347572 0.225200 0.942240 1
-0.361156 0.285389 0.933421 1
-0.387736 0.157596 0.924534 1
-0.394853 0.101048 0.941505 1
-0.378500 0.211198 0.918310 1
-0.354400 0.161552 0.937820 1
-0.381254 0.136581 0.929057 1
-0.382431 0.279116 0.923804 1
-0.396856 0.185532 0.922475 1
-0.366381 0.195237 0.921158 1
-0.359931 0.130335 0.957025 1
-0.385212 0.181422 0.918515 1
-0.377682 0.170164 0.920352 1
-0.360529 0.136577 0.940571 1
-0.358863 0.173157 0.927493 1
-0.376311 0.152694 0.925146 1
-0.353107 0.172761 0.934399 1
-0.347647 0.182748 0.942441 1
-0.376043 0.139864 0.928604 1
-0.354689 0.230590 0.929709 1
-0.390818 0.218227 0.920011 1
-0.356128 0.281688 0.937916 1
-0.397184 0.262291 0.923237 1
-0.374095 0.114628 0.985234 1
-0.359630 0.236137 0.925162 1
-0.401544 0.187833 0.925610 1
-0.392931 0.250047 0.921074 1
-0.360948 0.227572 0.924265 1
-0.376079 0.268153 0.920492 1
-0.372382 0.262907 0.919564 1
-0.376888 0.236073 0.918418 1
-0.399415 0.237648 0.924547 1
-0.364949 0.188709 0.921737 1
-0.347547 0.247277 0.942171 1
-0.354689 0.233944 0.929709 1
-0.369138 0.149832 0.928090 1
-0.383168 0.271792 0.921570 1
-0.367831 0.225016 0.920629 1
-0.367797 0.185144 0.920543 1
-0.373805 0.237876 0.918984 1
-0.550738 0.424502 1.372224 1
-0.372419 0.160798 0.923770 1
-0.383580 0.255996 0.918574 1
-0.355900 0.188417 0.928492 1
-0.370693 0.203176 0.919489 1
-0.361064 0.141212 0.937553 1
-0.366417 0.236800 0.921247 1
-0.367864 0.148319 0.929100 1
-0.365393 0.108677 0.948795 1
-0.349358 0.222473 0.937909 1
-0.395081 0.162877 0.926114 1
-0.353521 0.195654 0.931049 1
-0.404971 0.262434 0.929643 1
-0.370025 0.268580 0.921956 1
-0.376812 0.192961 0.918234 1
-0.348715 0.263869 0.940736 1
-0.373811 0.242853 0.919000 1
-0.361343 0.122736 0.951650 1
-0.369004 0.089010 0.958171 1
-0.383556 0.246039 0.918518 1
-0.431580 0.289203 0.986641 1
-0.378334 0.100271 0.934261 1
-0.401640 0.209587 0.925830 1
-0.366437 0.260079 0.921298 1
-0.365414 0.159712 0.927137 1
-0.355509 0.161288 0.936284 1
-0.397934 0.172688 0.924980 1
-0.361636 0.171214 0.926027 1
-0.351368 0.213180 0.934255 1
-0.353434 0.152209 0.953469 1
-0.367125 0.170659 0.923030 1
-0.545831 0.432379 1.397688 1
-0.404922 0.260726 0.929531 1
-0.373784 0.098720 0.935528 1
-0.544161 0.437612 1.406403 1
-0.347032 0.193553 0.945397 1
-0.392780 0.201788 0.920722 1
-0.355899 0.183393 0.928492 1
-0.346105 0.258505 0.952231 1
-0.390122 0.140108 0.930223 1
-0.429605 0.168106 0.986193 1
-0.387907 0.112400 0.937033 1
-0.362891 0.158398 0.929239 1
-0.390741 0.193296 0.919830 1
-0.346990 0.212286 0.945285 1
-0.392107 0.154669 0.926983 1
-0.429803 0.298103 0.986647 1
-0.381893 0.257633 0.918503 1
-0.375354 0.251065 0.918719 1
-0.349372 0.210638 0.937946 1
-0.390937 0.256474 0.920291 1
-0.363565 0.183863 0.922446 1
-0.349354 0.225854 0.937898 1
-0.355900 0.213540 0.928493 1
-0.361875 0.144244 0.935278 1
-0.354320 0.155493 0.942105 1
-0.371523 0.140055 0.929869 1
-0.351350 0.248557 0.934208 1
-0.391924 0.141831 0.930517 1
-0.373824 0.252808 0.919032 1
-0.366136 0.138879 0.933238 1
-0.371000 0.105638 0.937021 1
-0.380292 0.262642 0.918637 1
-0.394949 0.250273 0.921908 1
-0.371173 0.128774 0.933207 1
-0.382546 0.108937 0.936321 1
-0.363583 0.223808 0.922491 1
-0.399079 0.087993 0.985489 1
-0.366683 0.146841 0.930356 1
-0.349388 0.197112 0.937989 1
-0.349244 0.270685 0.946771 1
-0.362501 0.275434 0.928241 1
-0.381881 0.250998 0.918475 1
-0.376871 0.226122 0.918376 1
-0.364959 0.200353 0.921762 1
-0.373738 0.186455 0.918821 1
-0.360929 0.283527 0.932832 1
-0.381240 0.269941 0.920926 1
-0.394506 0.140475 0.932654 1
-0.378453 0.184672 0.918196 1
-0.360499 0.146057 0.936085 1
-0.350304 0.184859 0.935915 1
-0.360950 0.232575 0.924271 1
-0.390083 0.168842 0.922197 1
-0.382287 0.126869 0.931574 1
-0.367207 0.100918 0.940292 1
-0.552334 0.421939 1.363940 1
-0.378509 0.216172 0.918331 1
-0.372783 0.127066 0.933023 1
-0.373903 0.262810 0.919226 1
-0.383229 0.118759 0.933869 1
-0.378468 0.192961 0.918232 1
-0.372341 0.146426 0.927727 1
-0.385378 0.252775 0.918913 1
-0.381644 0.090145 0.934114 1
-0.363593 0.245446 0.922516 1
-0.390849 0.228203 0.920084 1
-0.428004 0.292751 0.986603 1
-0.346994 0.210584 0.945295 1
-0.380190 0.231096 0.918392 1
-0.352422 0.253172 0.932585 1
-0.401922 0.253186 0.926481 1
-0.372203 0.184858 0.919123 1
-0.558552 0.414410 1.331835 1
-0.387887 0.141583 0.928889 1
-0.364508 0.142268 0.933381 1
-0.383498 0.221154 0.918380 1
-0.346968 0.222503 0.945223 1
-0.383456 0.107031 0.934424 1
-0.360927 0.180880 0.924212 1
-0.351347 0.255295 0.934199 1
-0.401580 0.196198 0.925693 1
-0.368121 0.132254 0.934005 1
-0.368412 0.266953 0.922081 1
-0.374488 0.139909 0.928901 1
-0.365733 0.119648 0.940863 1
-0.365340 0.146976 0.931211 1
-0.364865 0.273023 0.925743 1
-0.368691 0.281744 0.926967 1
-0.390808 0.214903 0.919987 1
-0.394947 0.177102 0.921901 1
-0.391929 0.087984 0.985390 1
-0.358312 0.212983 0.926069 1
-0.360474 0.279808 0.931656 1
-0.356896 0.168791 0.931092 1
-0.376923 0.255976 0.918503 1
-0.388351 0.089087 0.958998 1
-0.376364 0.136631 0.929398 1
-0.378957 0.110564 0.935801 1
-0.392754 0.193471 0.920661 1
-0.381383 0.151051 0.925306 1
-0.431400 0.171671 0.986230 1
-0.368362 0.157869 0.926137 1
-0.363107 0.098717 0.951773 1
-0.375275 0.189708 0.918524 1
-0.429784 0.285633 0.986603 1
-0.373771 0.211334 0.918900 1
-0.359540 0.282074 0.933595 1
-0.346435 0.181384 0.953138 1
-0.346420 0.201009 0.948393 1
-0.354689 0.227236 0.929709 1
-0.373249 0.283068 0.925828 1
-0.349358 0.167383 0.951735 1
-0.356932 0.139520 0.949050 1
-0.358408 0.272793 0.930656 1
-0.388914 0.218090 0.919433 1
-0.347543 0.250673 0.942160 1
-0.367813 0.203418 0.920582 1
-0.399509 0.259389 0.924763 1
-0.347588 0.211612 0.942283 1
-0.408024 0.189289 0.932789 1
-0.381755 0.179698 0.918170 1
-0.364994 0.241944 0.921852 1
-0.359029 0.171564 0.927922 1
-0.396961 0.271605 0.926604 1
-0.370997 0.098876 0.937013 1
-0.353493 0.251056 0.930976 1
-0.383977 0.277363 0.923515 1
-0.366859 0.278278 0.926561 1
-0.355900 0.196792 0.928492 1
-0.347632 0.189540 0.942401 1
-0.389715 0.266735 0.921328 1
-0.351697 0.279817 0.948783 1
-0.373790 0.226263 0.918947 1
-0.399300 0.210904 0.924281 1
-0.351346 0.256979 0.934196 1
-0.372255 0.224679 0.919250 1
-0.368903 0.283578 0.927499 1
-0.358461 0.154349 0.935175 1
-0.401433 0.147896 0.937042 1
-0.357172 0.156210 0.936218 1
-0.358296 0.166981 0.930367 1
-0.387277 0.103780 0.935511 1
-0.408018 0.088004 0.985614 1
-0.368822 0.112766 0.940084 1
-0.365936 0.282198 0.928460 1
-0.372970 0.139968 0.929294 1
-0.397034 0.227234 0.922889 1
-0.373966 0.160747 0.923475 1
-0.361012 0.177588 0.924430 1
-0.360933 0.194220 0.924227 1
-0.372329 0.090338 0.936113 1
-0.349319 0.256280 0.937803 1
-0.349834 0.169384 0.943756 1
-0.387098 0.273882 0.923012 1
-0.396828 0.178864 0.922409 1
-0.383487 0.216177 0.918352 1
-0.376807 0.189645 0.918220 1
-0.366370 0.181939 0.921129 1
-0.359613 0.199414 0.925120 1
-0.364952 0.192036 0.921744 1
-0.365358 0.134162 0.935558 1
-0.397134 0.250603 0.923121 1
-0.404395 0.180010 0.928322 1
-0.355900 0.186743 0.928492 1
-0.349386 0.198803 0.937984 1
-0.364947 0.187046 0.921734 1
-0.379344 0.268114 0.920358 1
-0.404190 0.151677 0.939521 1
-0.354689 0.232267 0.929709 1
-0.417026 0.132488 0.985894 1
-0.383526 0.232766 0.918445 1
-0.387027 0.184811 0.918890 1
-0.374775 0.270070 0.921368 1
-0.357545 0.152992 0.937196 1
-0.376856 0.217831 0.918340 1
-0.359624 0.222783 0.925147 1
-0.369276 0.249780 0.920090 1
-0.361324 0.174404 0.925228 1
-0.381787 0.197933 0.918248 1
-0.378538 0.232755 0.918402 1
-0.399494 0.256043 0.924730 1
-0.355900 0.248711 0.928494 1
-0.351380 0.187908 0.934288 1
-0.389590 0.115778 0.937015 1
-0.355406 0.268025 0.931589 1
-0.388968 0.241343 0.919563 1
-0.383479 0.212860 0.918334 1
-0.346436 0.194175 0.948434 1
-0.353426 0.155848 0.944257 1
-0.372236 0.209745 0.919202 1
-0.360955 0.242582 0.924282 1
-0.543293 0.438960 1.410736 1
-0.350279 0.233801 0.935850 1
-0.357679 0.136381 0.951037 1
-0.369086 0.122466 0.936453 1
-0.397063 0.233909 0.922955 1
-0.391695 0.097289 0.938009 1
-0.388945 0.231377 0.919507 1
-0.387663 0.143176 0.928353 1
-0.346193 0.237954 0.952473 1
-0.346982 0.234494 0.959405 1
-0.378549 0.239389 0.918430 1
-0.388864 0.178264 0.919315 1
-0.547487 0.429721 1.389096 1
-0.348304 0.269183 0.953548 1
-0.398974 0.270165 0.927397 1
-0.384726 0.270056 0.921319 1
-0.367860 0.258249 0.920701 1
-0.354689 0.183633 0.929708 1
-0.352449 0.199356 0.932656 1
-0.353330 0.281812 0.943999 1
-0.360949 0.229240 0.924267 1
-0.381726 0.147846 0.926136 1
-0.359567 0.272399 0.929313 1
-0.363582 0.220479 0.922487 1
-0.375772 0.126939 0.932088 1
-0.346883 0.243077 0.959131 1
-0.389394 0.264854 0.920568 1
-0.384099 0.126912 0.931895 1
-0.359396 0.132319 0.946521 1
-0.366428 0.250102 0.921276 1
-0.350281 0.230426 0.935854 1
-0.389305 0.117383 0.936330 1
-0.346949 0.231015 0.945172 1
-0.370116 0.154563 0.926346 1
-0.394975 0.258605 0.921968 1
-0.374241 0.173429 0.920055 1
-0.375933 0.125311 0.932488 1
-0.360944 0.219234 0.924256 1
-0.362349 0.177426 0.923588 1
-0.360936 0.200891 0.924234 1
-0.381942 0.130112 0.930733 1
-0.346469 0.178795 0.948527 1
-0.346964 0.224205 0.945213 1
-0.397106 0.243924 0.923055 1
-0.352445 0.206084 0.932647 1
-0.373764 0.206358 0.918884 1
-0.369450 0.146607 0.928874 1
-0.390839 0.224877 0.920060 1
-0.351280 0.277776 0.947656 1
-0.355886 0.143905 0.955434 1
-0.376847 0.212857 0.918319 1
-0.364978 0.126176 0.938922 1
-0.380054 0.273606 0.922080 1
-0.387136 0.231287 0.919149 1
-0.386880 0.149571 0.926478 1
-0.391736 0.105760 0.938106 1
-0.389362 0.098819 0.936468 1
-0.358312 0.189596 0.926069 1
-0.380323 0.176490 0.918712 1
-0.353708 0.154268 0.945011 1
-0.377066 0.113879 0.935296 1
-0.364157 0.104898 0.945584 1
-0.392713 0.180166 0.920564 1
-0.367811 0.201757 0.920579 1
-0.383416 0.183013 0.918182 1
-0.369649 0.159375 0.925178 1
-0.362251 0.189036 0.923335 1
-0.362771 0.126587 0.941985 1
-0.369267 0.239816 0.920069 1
-0.401595 0.199545 0.925727 1
-0.387070 0.203066 0.918992 1
-0.393067 0.135511 0.933230 1
-0.386498 0.152763 0.925562 1
-0.397156 0.255612 0.923171 1
-0.378468 0.115479 0.934593 1
-0.369028 0.165771 0.923625 1
-0.352459 0.179173 0.932683 1
-0.360941 0.212564 0.924248 1
-0.369228 0.178391 0.919971 1
-0.359630 0.237807 0.925164 1
-0.363595 0.250440 0.922522 1
-0.358182 0.270943 0.930070 1
-0.349390 0.195422 0.937994 1
-0.351383 0.181169 0.934297 1
-0.388548 0.151241 0.926470 1
-0.390911 0.248158 0.920230 1
-0.363586 0.228801 0.922497 1
-0.363143 0.118173 0.956391 1
-0.365256 0.161315 0.926736 1
-0.360020 0.276099 0.930483 1
-0.366412 0.231812 0.921237 1
-0.363580 0.217150 0.922484 1
-0.378695 0.160633 0.922823 1
-0.352181 0.171445 0.936417 1
-0.355900 0.216890 0.928493 1
-0.404442 0.088000 0.985564 1
-0.394773 0.094236 0.941313 1
-0.367705 0.149930 0.928698 1
-0.385293 0.216261 0.918709 1
-0.377378 0.157449 0.923672 1
-0.364989 0.235289 0.921838 1
-0.395560 0.124513 0.939151 1
-0.375283 0.196340 0.918545 1
-0.371731 0.109233 0.938867 1
-0.353021 0.279865 0.943174 1
-0.383444 0.101971 0.934395 1
-0.354620 0.251522 0.985439 1
-0.369266 0.238156 0.920065 1
-0.375230 0.098656 0.934926 1
-0.357228 0.165586 0.931957 1
-0.352455 0.185901 0.932674 1
-0.346300 0.255663 0.948063 1
-0.381852 0.234412 0.918404 1
-0.372595 0.114060 0.936782 1
-0.387077 0.206386 0.919011 1
-0.378385 0.147846 0.926138 1
-0.374082 0.175014 0.919666 1
-0.369144 0.135381 0.932333 1
-0.366438 0.261742 0.921302 1
-0.385371 0.249455 0.918894 1
-0.366502 0.113097 0.942842 1
-0.385278 0.209624 0.918672 1
-0.357108 0.229987 0.927280 1
-0.362919 0.134508 0.937977 1
-0.401530 0.184487 0.925577 1
-0.388953 0.234699 0.919525 1
-0.369043 0.272409 0.923662 1
-0.364966 0.208671 0.921780 1
-0.358312 0.239710 0.926070 1
-0.372267 0.234636 0.919281 1
-0.385223 0.186398 0.918542 1
-0.366206 0.151678 0.929146 1
-0.396515 0.155085 0.929476 1
-0.374100 0.118184 0.985247 1
-0.367947 0.176914 0.920919 1
-0.353528 0.180543 0.931069 1
-0.367272 0.127490 0.936135 1
-0.381468 0.118735 0.933683 1
-0.370388 0.136901 0.931232 1
-0.391054 0.133715 0.932447 1
-0.383252 0.149460 0.925789 1
-0.372250 0.221361 0.919239 1
-0.383063 0.151055 0.925331 1
-0.346398 0.189960 0.953037 1
-0.357283 0.263569 0.927735 1
-0.349380 0.203876 0.937968 1
-0.395369 0.148578 0.930724 1
-0.388336 0.138392 0.929964 1
-0.353505 0.227553 0.931007 1
-0.355900 0.230288 0.928493 1
-0.387023 0.183152 0.918881 1
-0.397840 0.148875 0.932582 1
-0.355323 0.162892 0.935796 1
-0.376298 0.269971 0.921028 1
-0.396263 0.143866 0.932831 1
-0.388875 0.201485 0.919340 1
-0.370663 0.179942 0.919415 1
-0.427804 0.160983 0.986143 1
-0.385349 0.131808 0.930853 1
-0.389205 0.160849 0.924062 1
-0.350406 0.268956 0.940722 1
-0.372272 0.237955 0.919292 1
-0.396513 0.269629 0.925557 1
-0.353515 0.207407 0.931034 1
-0.401672 0.214615 0.925905 1
-0.369248 0.120829 0.936863 1
-0.392723 0.183492 0.920588 1
-0.362358 0.119073 0.949811 1
-0.370467 0.165669 0.923058 1
-0.357137 0.178150 0.927355 1
-0.408450 0.221489 0.933763 1
-0.349796 0.265100 0.939085 1
-0.388981 0.162423 0.923532 1
-0.376418 0.167020 0.921323 1
-0.380117 0.189645 0.918215 1
-0.366385 0.200224 0.921169 1
-0.346402 0.209552 0.948341 1
-0.366113 0.090891 0.941841 1
-0.372344 0.107228 0.936149 1
-0.349360 0.220782 0.937914 1
-0.357025 0.142299 0.944766 1
-0.383803 0.113876 0.935269 1
-0.350113 0.167816 0.944509 1
-0.355899 0.185068 0.928492 1
-0.352452 0.192629 0.932665 1
-0.369659 0.095587 0.937906 1
-0.403307 0.171887 0.929673 1
-0.368423 0.094012 0.939069 1
-0.380205 0.239388 0.918428 1
-0.383336 0.133371 0.930042 1
-0.374443 0.155948 0.924654 1
-0.350306 0.179796 0.935921 1
-0.387128 0.227966 0.919131 1
-0.360935 0.199223 0.924233 1
-0.388111 0.268436 0.921464 1
-0.399466 0.249353 0.924663 1
-0.347541 0.252371 0.942155 1
-0.396935 0.203876 0.922657 1
-0.354622 0.253301 0.985445 1
-0.390800 0.135309 0.931840 1
-0.372594 0.277570 0.924205 1
-0.350289 0.215238 0.935874 1
-0.360942 0.214231 0.924250 1
-0.353488 0.261128 0.930963 1
-0.551539 0.423216 1.368069 1
-0.358312 0.217994 0.926069 1
-0.392967 0.261701 0.921159 1
-0.385285 0.212943 0.918690 1
-0.374088 0.109294 0.985216 1
-0.373794 0.229581 0.918958 1
-0.428002 0.290970 0.986597 1
-0.347582 0.216708 0.942267 1
-0.367983 0.109630 0.942279 1
-0.362275 0.244015 0.923398 1
-0.369606 0.144993 0.929266 1
-0.363589 0.235459 0.922505 1
-0.347574 0.223501 0.942246 1
-0.359694 0.165174 0.929642 1
-0.378573 0.252658 0.918487 1
-0.370859 0.132029 0.932416 1
-0.371401 0.156072 0.925386 1
-0.367227 0.154754 0.927492 1
-0.366435 0.258416 0.921294 1
-0.394866 0.223619 0.921713 1
-0.377202 0.277281 0.923242 1
-0.376859 0.219489 0.918348 1
-0.397291 0.087991 0.985465 1
-0.373798 0.232899 0.918968 1
-0.377177 0.174911 0.919122 1
-0.376821 0.197935 0.918255 1
-0.367844 0.239971 0.920661 1
-0.366146 0.165975 0.924761 1
-0.374076 0.128615 0.932050 1
-0.392879 0.233402 0.920952 1
-0.363571 0.197177 0.922461 1
-0.394788 0.198640 0.921530 1
-0.368424 0.107563 0.939070 1
-0.396949 0.207212 0.922690 1
-0.389121 0.263009 0.919922 1
-0.408203 0.202839 0.933199 1
-0.347624 0.265629 0.947011 1
-0.367161 0.141991 0.931569 1
-0.368183 0.145093 0.929906 1
-0.385270 0.206306 0.918654 1
-0.404549 0.203531 0.928674 1
-0.397084 0.140792 0.934762 1
-0.368719 0.168961 0.922850 1
-0.358312 0.192937 0.926069 1
-0.350690 0.168976 0.941484 1
-0.347569 0.228596 0.942230 1
-0.373749 0.194747 0.918847 1
-0.353845 0.166366 0.936351 1
-0.347584 0.215009 0.942273 1
-0.380020 0.163816 0.921997 1
-0.404823 0.245576 0.929304 1
-0.362268 0.227354 0.923379 1
-0.375304 0.178125 0.918597 1
-0.396736 0.131117 0.937925 1
-0.375512 0.160696 0.923181 1
-0.360945 0.220902 0.924257 1
-0.346090 0.261929 0.952191 1
-0.358890 0.266867 0.927564 1
-0.389397 0.107274 0.936550 1
-0.360865 0.153936 0.932669 1
-0.382709 0.154251 0.924476 1
-0.354626 0.256860 0.985457 1
-0.354215 0.163159 0.937329 1
-0.388827 0.181563 0.919229 1
-0.355900 0.236988 0.928493 1
-0.363590 0.238788 0.922508 1
-0.373331 0.167126 0.921909 1
-0.409812 0.091563 0.985651 1
-0.375463 0.176542 0.918986 1
-0.372295 0.256212 0.919350 1
-0.369250 0.219890 0.920026 1
-0.373904 0.275640 0.923323 1
-0.365685 0.170764 0.923597 1
-0.364972 0.215325 0.921795 1
-0.375611 0.128565 0.931688 1
-0.388976 0.244665 0.919581 1
-0.378305 0.117115 0.934191 1
-0.429616 0.175226 0.986217 1
-0.383491 0.217836 0.918361 1
-0.369237 0.204947 0.919993 1
-0.377057 0.160645 0.922887 1
-0.370778 0.162476 0.923833 1
-0.378325 0.093528 0.934239 1
-0.352365 0.169845 0.936906 1
-0.354689 0.220528 0.929709 1
-0.348468 0.222986 0.940072 1
-0.383483 0.214519 0.918343 1
-0.370740 0.239695 0.919605 1
-0.349126 0.271923 0.951101 1
-0.352473 0.157887 0.946270 1
-0.380105 0.183014 0.918187 1
-0.394913 0.238610 0.921822 1
-0.375324 0.227846 0.918645 1
-0.354814 0.158354 0.938914 1
-0.351376 0.196332 0.934277 1
-0.376932 0.260953 0.918525 1
-0.376258 0.168610 0.920932 1
-0.379580 0.269942 0.920931 1
-0.380199 0.236071 0.918414 1
-0.347613 0.198029 0.942350 1
-0.359963 0.141444 0.939093 1
-0.385332 0.232856 0.918802 1
-0.354982 0.150676 0.943865 1
-0.364707 0.153428 0.929596 1
-0.408540 0.228277 0.933968 1
-0.375034 0.165481 0.922006 1
-0.363465 0.091508 0.948228 1
-0.394960 0.253606 0.921932 1
-0.382765 0.138197 0.928658 1
-0.365006 0.255255 0.921881 1
-0.375326 0.229504 0.918651 1
-0.384685 0.152706 0.925218 1
-0.349327 0.249519 0.937824 1
-0.363567 0.187191 0.922449 1
-0.404560 0.205211 0.928699 1
-0.391456 0.145015 0.929405 1
-0.399358 0.224274 0.924414 1
-0.372335 0.097094 0.936127 1
-0.383003 0.166993 0.921173 1
-0.399229 0.194197 0.924115 1
-0.359398 0.146296 0.937620 1
-0.383518 0.229448 0.918426 1
-0.404713 0.228751 0.929052 1
-0.357107 0.184826 0.927279 1
-0.364168 0.112250 0.950064 1
-0.370110 0.125618 0.934773 1
-0.362965 0.124955 0.942490 1
-0.362269 0.229020 0.923381 1
-0.349455 0.168256 0.956699 1
-0.362277 0.249014 0.923404 1
-0.357471 0.275042 0.932591 1
-0.359640 0.259508 0.925189 1
-0.348540 0.170417 0.949507 1
-0.407337 0.171199 0.935074 1
-0.363445 0.100054 0.948178 1
-0.378585 0.259293 0.918515 1
-0.366379 0.193575 0.921154 1
-0.383437 0.273646 0.922217 1
-0.399408 0.235976 0.924530 1
-0.367826 0.218371 0.920615 1
-0.369271 0.244798 0.920080 1
-0.386212 0.139908 0.928891 1
-0.346127 0.253368 0.952292 1
-0.365992 0.167573 0.924373 1
-0.383425 0.187986 0.918203 1
-0.390144 0.089760 0.985371 1
-0.370721 0.224755 0.919558 1
-0.364678 0.140649 0.933816 1
-0.396803 0.153520 0.930151 1
-0.431564 0.278514 0.986603 1
-0.375672 0.159098 0.923573 1
-0.364636 0.119845 0.942413 1
-0.378579 0.255976 0.918501 1
-0.366408 0.226824 0.921226 1
-0.381834 0.224462 0.918362 1
-0.349629 0.269665 0.943203 1
-0.415227 0.125368 0.985844 1
-0.375346 0.244430 0.918698 1
-0.364173 0.091256 0.945626 1
-0.357067 0.148425 0.940389 1
-0.408607 0.233369 0.934122 1
-0.353508 0.220838 0.931016 1
-0.347617 0.196331 0.942360 1
-0.397170 0.258951 0.923204 1
-0.346163 0.244805 0.952392 1
-0.376099 0.089143 0.941321 1
-0.380237 0.257634 0.918506 1
-0.428007 0.294533 0.986610 1
-0.372248 0.219701 0.919234 1
-0.357560 0.162374 0.932824 1
-0.380910 0.139807 0.928221 1
-0.356846 0.150028 0.939805 1
-0.372223 0.199790 0.919171 1
-0.382660 0.268111 0.920348 1
-0.365721 0.280358 0.927916 1
-0.350297 0.198361 0.935897 1
-0.363597 0.253769 0.922526 1
-0.346347 0.201964 0.952896 1
-0.359115 0.268709 0.928146 1
-0.360340 0.138201 0.940077 1
-0.370685 0.196537 0.919468 1
-0.379981 0.101946 0.934167 1
-0.367207 0.092438 0.940292 1
-0.540647 0.440479 1.423873 1
-0.362283 0.260677 0.923417 1
-0.362818 0.172652 0.924783 1
-0.361420 0.277564 0.929768 1
-0.346975 0.219097 0.945244 1
-0.379339 0.280961 0.924392 1
-0.354689 0.228913 0.929709 1
-0.378567 0.249341 0.918473 1
-0.358440 0.263190 0.926401 1
-0.353883 0.284664 0.959348 1
-0.388996 0.252972 0.919627 1
-0.391115 0.263235 0.920711 1
-0.384029 0.173352 0.919650 1
-0.385390 0.257756 0.918940 1
-0.399322 0.215917 0.924331 1
-0.365529 0.132536 0.935995 1
-0.352047 0.281466 0.954371 1
-0.397658 0.161575 0.928231 1
-0.407956 0.184211 0.932635 1
-0.385287 0.105385 0.934776 1
-0.363092 0.102146 0.951735 1
-0.355900 0.245362 0.928493 1
-0.371508 0.268450 0.921511 1
-0.354689 0.242329 0.929710 1
-0.352482 0.280790 0.946294 1
-0.392884 0.235066 0.920965 1
-0.366888 0.109811 0.943834 1
-0.388111 0.139988 0.929426 1
-0.387672 0.128663 0.932402 1
-0.387287 0.107158 0.935535 1
-0.398251 0.147345 0.933546 1
-0.404900 0.257359 0.929480 1
-0.347629 0.262634 0.942393 1
-0.373756 0.199723 0.918863 1
-0.361593 0.158564 0.930212 1
-0.396673 0.142331 0.933795 1
-0.358107 0.148153 0.938668 1
-0.375300 0.209605 0.918587 1
-0.362498 0.121970 0.945706 1
-0.380147 0.206223 0.918286 1
-0.413386 0.089789 0.985695 1
-0.399088 0.166496 0.927661 1
-0.379978 0.100260 0.934160 1
-0.392369 0.281937 0.927602 1
-0.399761 0.281936 0.933139 1
-0.388957 0.236360 0.919535 1
-0.396795 0.166236 0.926216 1
-0.376868 0.224464 0.918369 1
-0.359296 0.157350 0.932963 1
-0.368827 0.153051 0.927308 1
-0.377538 0.155849 0.924064 1
-0.401631 0.207913 0.925810 1
-0.364962 0.203680 0.921770 1
-0.375781 0.173373 0.919763 1
-0.346724 0.256801 0.958693 1
-0.431569 0.282077 0.986616 1
-0.347938 0.172680 0.952546 1
-0.369889 0.279713 0.925779 1
-0.360020 0.283572 0.985625 1
-0.369466 0.132132 0.933145 1
-0.381953 0.275439 0.922651 1
-0.352015 0.157503 0.954282 1
-0.401770 0.229702 0.926130 1
-0.351345 0.258664 0.934194 1
-0.351367 0.214865 0.934252 1
-0.354214 0.172480 0.932875 1
-0.377758 0.138204 0.928703 1
-0.375285 0.197998 0.918550 1
-0.402892 0.173386 0.928717 1
-0.363568 0.284641 0.930973 1
-0.375356 0.252723 0.918724 1
-0.399221 0.192526 0.924098 1
-0.369241 0.209928 0.920004 1
-0.404834 0.247259 0.929329 1
-0.399631 0.262805 0.925046 1
-0.393661 0.157966 0.926705 1
-0.381715 0.273604 0.922075 1
-0.367833 0.226678 0.920633 1
-0.390102 0.154537 0.926192 1
-0.376830 0.202908 0.918277 1
-0.379989 0.107004 0.934189 1
-0.428010 0.296314 0.986616 1
-0.348876 0.175711 0.941173 1
-0.358312 0.251403 0.926070 1
-0.358312 0.246392 0.926070 1
-0.349400 0.186967 0.938021 1
-0.394944 0.248607 0.921895 1
-0.355916 0.150351 0.941831 1
-0.352428 0.241400 0.932600 1
-0.347378 0.200111 0.960502 1
-0.387455 0.115646 0.935942 1
-0.369227 0.193325 0.919968 1
-0.377850 0.168579 0.920763 1
-0.404702 0.227069 0.929026 1
-0.394834 0.213626 0.921640 1
-0.359638 0.254500 0.925183 1
-0.401559 0.191179 0.925644 1
-0.347529 0.174194 0.951429 1
-0.375224 0.091909 0.934911 1
-0.351840 0.265779 0.935512 1
-0.387370 0.275741 0.923661 1
-0.354689 0.223882 0.929709 1
-0.380220 0.247681 0.918463 1
-0.350673 0.164671 0.946019 1
-0.395847 0.277009 0.927910 1
-0.346134 0.251656 0.952312 1
-0.393562 0.121031 0.938427 1
-0.346764 0.253371 0.958802 1
-0.366410 0.228487 0.921230 1
-0.349337 0.241068 0.937851 1
-0.393177 0.263504 0.921652 1
-0.372208 0.188176 0.919134 1
-0.365532 0.172358 0.923209 1
-0.357108 0.245041 0.927280 1
-0.352419 0.258216 0.932578 1
-0.355269 0.145376 0.953777 1
-0.383549 0.242721 0.918500 1
-0.369338 0.162576 0.924401 1
-0.369664 0.107431 0.937920 1
-0.359631 0.154128 0.933832 1
-0.392910 0.243388 0.921025 1
-0.429800 0.296322 0.986641 1
-0.350074 0.274753 0.949023 1
-0.346881 0.261652 0.944988 1
-0.359641 0.261178 0.925191 1
-0.359606 0.182723 0.925101 1
-0.350280 0.232113 0.935852 1
-0.358295 0.146537 0.939160 1
-0.376770 0.096932 0.934563 1
-0.376897 0.241048 0.918440 1
-0.387252 0.095336 0.935450 1
-0.380528 0.264463 0.919208 1
-0.372159 0.273916 0.923125 1
-0.364963 0.205344 0.921773 1
-0.361767 0.121162 0.952768 1
-0.348462 0.228069 0.940056 1
-0.362257 0.202364 0.923351 1
-0.377980 0.120381 0.933389 1
-0.364827 0.118207 0.942909 1
-0.375423 0.262713 0.918887 1
-0.386780 0.120500 0.934309 1
-0.350472 0.170569 0.940899 1
-0.383225 0.284705 0.925722 1
-0.357879 0.137514 0.947026 1
-0.374341 0.279297 0.924403 1
-0.363576 0.207163 0.922472 1
-0.391405 0.173681 0.921393 1
-0.364171 0.092962 0.945620 1
-0.362273 0.239017 0.923393 1
-0.385925 0.157537 0.924191 1
-0.359361 0.168372 0.928781 1
-0.394177 0.269174 0.923996 1
-0.426020 0.164538 0.986130 1
-0.380263 0.130112 0.930734 1
-0.346442 0.179668 0.953158 1
-0.393836 0.278445 0.927116 1
-0.366019 0.270971 0.924441 1
-0.372244 0.216382 0.919223 1
-0.385262 0.202988 0.918635 1
-0.378503 0.212856 0.918317 1
-0.350301 0.189922 0.935908 1
-0.401933 0.254864 0.926506 1
-0.381805 0.207881 0.918291 1
-0.352845 0.265265 0.933705 1
-0.362044 0.142623 0.935715 1
-0.367816 0.206741 0.920590 1
-0.350776 0.162095 0.950926 1
-0.381867 0.242705 0.918439 1
-0.400991 0.158883 0.932086 1
-0.387643 0.277602 0.924312 1
-0.397862 0.275572 0.928706 1
-0.377275 0.143046 0.927514 1
-0.381808 0.209539 0.918298 1
-0.394730 0.180329 0.921396 1
-0.391716 0.102371 0.938059 1
-0.364986 0.231961 0.921831 1
-0.347639 0.186144 0.942421 1
-0.354689 0.244006 0.929710 1
-0.385829 0.143117 0.927970 1
-0.375307 0.214579 0.918603 1
-0.367742 0.164275 0.924581 1
-0.381873 0.246022 0.918454 1
-0.367851 0.248279 0.920679 1
-0.373079 0.109132 0.937998 1
-0.381840 0.227779 0.918376 1
-0.363143 0.090142 0.951869 1
-0.373467 0.284905 0.926371 1
-0.352064 0.278753 0.945173 1
-0.381870 0.244363 0.918447 1
-0.401694 0.217967 0.925955 1
-0.386400 0.168687 0.921349 1
-0.358312 0.223005 0.926070 1
-0.369466 0.276057 0.924719 1
-0.376905 0.246024 0.918461 1
-0.347605 0.201424 0.942329 1
-0.360943 0.215899 0.924252 1
-0.383433 0.096912 0.934367 1
-0.381172 0.168579 0.920762 1
-0.372325 0.127070 0.985253 1
-0.392863 0.228409 0.920916 1
-0.360963 0.260927 0.924303 1
-0.350642 0.276913 0.950561 1
-0.370706 0.213135 0.919521 1
-0.367545 0.151539 0.928295 1
-0.353606 0.151545 0.949312 1
-0.383587 0.259315 0.918592 1
-0.404571 0.206892 0.928724 1
-0.383908 0.128529 0.931431 1
-0.394772 0.193646 0.921494 1
-0.372332 0.093716 0.936120 1
-0.375281 0.194682 0.918540 1
-0.359622 0.219445 0.925143 1
-0.392725 0.178511 0.920592 1
-0.371016 0.130402 0.932811 1
-0.367843 0.238309 0.920658 1
-0.369392 0.263140 0.920381 1
-0.368423 0.097399 0.939069 1
-0.553125 0.420670 1.359836 1
-0.370750 0.247996 0.919631 1
-0.399200 0.187516 0.924048 1
-0.360920 0.124307 0.950535 1
-0.352436 0.224583 0.932622 1
-0.375328 0.231162 0.918656 1
-0.404603 0.211935 0.928800 1
-0.372338 0.100472 0.936134 1
-0.367801 0.190127 0.920554 1
-0.377391 0.110600 0.936102 1
-0.366367 0.178614 0.921122 1
-0.368672 0.154658 0.926917 1
-0.389328 0.090365 0.936385 1
-0.397360 0.175771 0.923645 1
-0.406230 0.088002 0.985589 1
-0.363841 0.175676 0.923144 1
-0.356346 0.265793 0.929658 1
-0.396261 0.123036 0.940815 1
-0.349063 0.172366 0.960370 1
-0.366425 0.246776 0.921269 1
-0.350296 0.200049 0.935895 1
-0.348478 0.214513 0.940099 1
-0.385386 0.256095 0.918931 1
-0.390375 0.270516 0.922889 1
-0.365468 0.113303 0.944564 1
-0.404680 0.223705 0.928976 1
-0.395399 0.275024 0.926860 1
-0.401955 0.258220 0.926556 1
-0.360763 0.166571 0.928078 1
-0.347545 0.248975 0.942165 1
-0.347537 0.255767 0.942144 1
-0.359728 0.262910 0.925416 1
-0.394986 0.261938 0.921993 1
-0.355900 0.228613 0.928493 1
-0.361812 0.287138 0.985663 1
-0.370748 0.246336 0.919626 1
-0.408674 0.238464 0.934277 1
-0.347563 0.233691 0.942213 1
-0.353846 0.264754 0.931905 1
-0.380291 0.275441 0.922656 1
-0.354624 0.255081 0.985451 1
-0.559285 0.410781 1.327871 1
-0.346372 0.223217 0.948259 1
-0.361146 0.131712 0.942179 1
-0.367217 0.268959 0.923260 1
-0.370272 0.152956 0.926736 1
-0.348006 0.264620 0.943414 1
-0.358624 0.137146 0.944490 1
-0.404876 0.176871 0.929426 1
-0.380832 0.171748 0.919941 1
-0.372302 0.261192 0.919366 1
-0.399186 0.184175 0.924015 1
-0.366112 0.092590 0.941839 1
-0.387282 0.105469 0.935523 1
-0.369244 0.213249 0.920011 1
-0.367641 0.137129 0.932786 1
-0.346338 0.238588 0.948166 1
-0.351353 0.241819 0.934217 1
-0.385925 0.126960 0.932244 1
-0.359627 0.229460 0.925155 1
-0.372625 0.128695 0.932628 1
-0.541541 0.441682 1.419484 1
-0.360028 0.161971 0.930505 1
-0.378327 0.095214 0.934245 1
-0.381243 0.282804 0.924965 1
-0.392775 0.200124 0.920709 1
-0.351379 0.189593 0.934286 1
-0.387132 0.229626 0.919140 1
-0.347020 0.198663 0.945367 1
-0.373833 0.259445 0.919053 1
-0.404516 0.198489 0.928598 1
-0.396508 0.167786 0.925547 1
-0.382491 0.171748 0.919941 1
-0.346304 0.253956 0.948073 1
-0.370686 0.178294 0.919471 1
-0.352457 0.182537 0.932678 1
-0.379969 0.095203 0.934138 1
-0.366048 0.153288 0.928744 1
-0.382656 0.123627 0.932474 1
-0.561521 0.407191 1.316268 1
-0.370595 0.120718 0.935997 1
-0.348459 0.231458 0.940046 1
-0.393843 0.267281 0.923213 1
-0.350294 0.203424 0.935890 1
-0.379108 0.266288 0.919785 1
-0.361595 0.128473 0.943351 1
-0.381947 0.262640 0.918632 1
-0.355880 0.158075 0.937263 1
-0.385250 0.117177 0.934687 1
-0.399264 0.202550 0.924198 1
-0.388878 0.203145 0.919349 1
-0.366387 0.201887 0.921172 1
-0.393401 0.173828 0.922176 1
-0.373212 0.152791 0.925737 1
-0.352449 0.197674 0.932658 1
-0.374083 0.105738 0.985203 1
-0.347602 0.203122 0.942319 1
-0.399647 0.176045 0.925082 1
-0.389237 0.131987 0.932121 1
-0.392209 0.140255 0.931194 1
-0.354617 0.249743 0.985433 1
-0.387272 0.102091 0.935499 1
-0.386899 0.284951 0.926522 1
-0.378555 0.242706 0.918444 1
-0.377171 0.128524 0.931389 1
-0.367849 0.244956 0.920672 1
-0.346962 0.236211 0.959350 1
-0.404878 0.253992 0.929430 1
-0.346914 0.264683 0.949744 1
-0.562990 0.404833 1.308644 1
-0.381799 0.204565 0.918277 1
-0.377332 0.126898 0.931788 1
-0.352431 0.234674 0.932609 1
-0.371870 0.151255 0.926555 1
-0.370719 0.223095 0.919552 1
-0.397021 0.121572 0.942618 1
-0.363578 0.273310 0.926719 1
-0.408742 0.243560 0.934431 1
-0.357798 0.171777 0.929074 1
-0.387140 0.232947 0.919159 1
-0.431574 0.285640 0.986628 1
-0.376865 0.222806 0.918362 1
-0.372285 0.247913 0.919324 1
-0.386554 0.270172 0.921715 1
-0.365700 0.130909 0.936432 1
-0.390348 0.138510 0.930761 1
-0.356108 0.273606 0.933429 1
-0.399081 0.089771 0.985496 1
-0.358312 0.231358 0.926070 1
-0.400225 0.172957 0.926421 1
-0.351384 0.179484 0.934299 1
-0.370714 0.219775 0.919542 1
-0.353511 0.215801 0.931023 1
-0.408764 0.245259 0.934482 1
-0.367002 0.143609 0.931165 1
-0.389011 0.133591 0.931581 1
-0.360959 0.252588 0.924294 1
-0.363786 0.137580 0.935855 1
-0.391038 0.120774 0.936435 1
-0.370993 0.090424 0.937004 1
-0.392950 0.176952 0.921119 1
-0.359612 0.196076 0.925116 1
-0.354735 0.262487 0.929831 1
-0.380111 0.186329 0.918201 1
-0.352405 0.275980 0.941529 1
-0.374076 0.100405 0.985185 1
-0.381796 0.202907 0.918269 1
-0.422423 0.152072 0.986037 1
-0.385267 0.273764 0.922614 1
-0.355900 0.233638 0.928493 1
-0.374125 0.159149 0.923868 1
-0.395173 0.175540 0.922430 1
-0.347398 0.198390 0.960557 1
-0.385375 0.251115 0.918903 1
-0.368503 0.141861 0.930714 1
-0.348466 0.224680 0.940067 1
-0.394793 0.200305 0.921542 1
-0.373778 0.091968 0.935513 1
-0.347054 0.183333 0.945459 1
-0.560034 0.409577 1.323980 1
-0.346405 0.188245 0.953057 1
-0.354689 0.208789 0.929709 1
-0.372197 0.179881 0.919108 1
-0.376842 0.178068 0.918306 1
-0.348427 0.258565 0.939960 1
-0.367007 0.267141 0.922732 1
-0.351018 0.272825 0.942365 1
-0.351373 0.201387 0.934270 1
-0.346458 0.183922 0.948496 1
-0.392812 0.211769 0.920794 1
-0.347539 0.254069 0.942149 1
-0.346222 0.231101 0.952553 1
-0.382422 0.266285 0.919775 1
-0.376897 0.162240 0.922496 1
-0.360928 0.182548 0.924213 1
-0.347565 0.231993 0.942219 1
-0.387253 0.176627 0.919427 1
-0.357107 0.224969 0.927280 1
-0.380144 0.204565 0.918279 1
-0.363684 0.177265 0.922746 1
-0.352444 0.207766 0.932645 1
-0.389689 0.128774 0.933203 1
-0.366398 0.215186 0.921201 1
-0.385297 0.217921 0.918718 1
-0.346716 0.177210 0.949202 1
-0.366411 0.230149 0.921233 1
-0.358227 0.278226 0.985582 1
-0.401661 0.212939 0.925880 1
-0.374648 0.138293 0.929299 1
-0.375029 0.118829 0.934424 1
-0.369263 0.234835 0.920058 1
-0.374999 0.284799 0.926027 1
-0.394934 0.245275 0.921871 1
-0.371942 0.272092 0.922587 1
-0.364552 0.113549 0.946610 1
-0.383466 0.178067 0.918302 1
-0.358312 0.248062 0.926070 1
-0.431392 0.166331 0.986211 1
-0.351447 0.177830 0.934465 1
-0.370704 0.211475 0.919515 1
-0.386353 0.281212 0.925216 1
-0.358697 0.174750 0.927064 1
-0.363289 0.167864 0.925981 1
-0.367790 0.111271 0.941784 1
-0.359623 0.221114 0.925145 1
-0.357108 0.248386 0.927280 1
-0.346938 0.236122 0.945141 1
-0.361488 0.123914 0.947530 1
-0.359775 0.135234 0.943040 1
-0.369221 0.186685 0.919954 1
-0.359609 0.189400 0.925109 1
-0.363584 0.225472 0.922493 1
-0.358312 0.219664 0.926069 1
-0.390467 0.123971 0.935067 1
-0.358130 0.168581 0.929935 1
-0.366106 0.104480 0.941823 1
-0.372291 0.252893 0.919339 1
-0.389055 0.176692 0.919766 1
-0.369254 0.274232 0.924190 1
-0.389636 0.171971 0.921140 1
-0.372816 0.266534 0.920635 1
-0.365924 0.110033 0.945743 1
-0.380135 0.199591 0.918258 1
-0.370998 0.100567 0.937015 1
-0.392734 0.186818 0.920612 1
-0.388871 0.199825 0.919331 1
-0.359613 0.197745 0.925118 1
-0.387054 0.196428 0.918955 1
-0.346319 0.247126 0.948114 1
-0.391911 0.128951 0.934489 1
-0.381477 0.271771 0.921500 1
-0.369220 0.185025 0.919950 1
-0.357108 0.256750 0.927281 1
-0.383444 0.197934 0.918250 1
-0.347549 0.245578 0.942176 1
-0.366405 0.223499 0.921219 1
-0.378584 0.130112 0.930734 1
-0.370226 0.110983 0.939345 1
-0.381778 0.192960 0.918227 1
-0.360938 0.205893 0.924240 1
-0.381849 0.232754 0.918397 1
-0.396970 0.212217 0.922740 1
-0.393936 0.156404 0.927353 1
-0.348474 0.217902 0.940088 1
-0.357108 0.236678 0.927280 1
-0.360548 0.125892 0.949557 1
-0.346428 0.197592 0.948413 1
-0.372216 0.194813 0.919155 1
-0.351372 0.204756 0.934266 1
-0.390875 0.236517 0.920145 1
-0.367992 0.263326 0.921030 1
-0.359875 0.169719 0.985228 1
-0.390699 0.180004 0.919733 1
-0.352439 0.219538 0.932629 1
-0.363592 0.242117 0.922512 1
-0.394808 0.205300 0.921579 1
-0.371568 0.110878 0.938456 1
-0.366368 0.180276 0.921125 1
-0.380226 0.146241 0.926553 1
-0.383583 0.257655 0.918583 1
-0.375277 0.191366 0.918530 1
-0.408136 0.197756 0.933045 1
-0.369571 0.117552 0.937682 1
-0.387567 0.264740 0.920172 1
-0.372289 0.251233 0.919334 1
-0.374922 0.151138 0.925835 1
-0.373786 0.100407 0.935532 1
-0.369224 0.190005 0.919961 1
-0.363598 0.255434 0.922527 1
-0.377635 0.089744 0.985197 1
-0.358312 0.206301 0.926069 1
-0.365003 0.251927 0.921874 1
-0.378547 0.237731 0.918423 1
-0.373030 0.281233 0.925286 1
-0.370311 0.167264 0.922671 1
-0.372287 0.249573 0.919329 1
-0.431585 0.292766 0.986653 1
-0.352421 0.254853 0.932582 1
-0.362253 0.194034 0.923341 1
-0.371209 0.143289 0.929084 1
-0.357108 0.233333 0.927280 1
-0.378456 0.186330 0.918203 1
-0.352418 0.259898 0.932576 1
-0.389383 0.103892 0.936517 1
-0.385219 0.184740 0.918533 1
-0.349659 0.272717 0.947896 1
-0.392900 0.240059 0.921001 1
-0.404527 0.200170 0.928624 1
-0.363277 0.142445 0.934546 1
-0.374780 0.282963 0.925485 1
-0.397947 0.160017 0.928905 1
-0.346514 0.177986 0.953358 1
-0.380164 0.216172 0.918329 1
-0.351363 0.221603 0.934243 1
-0.387447 0.130270 0.931862 1
-0.358796 0.162172 0.931663 1
-0.366384 0.198562 0.921165 1
-0.431593 0.298111 0.986672 1
-0.365010 0.260246 0.921892 1
-0.392889 0.236730 0.920977 1
-0.350033 0.271680 0.944293 1
-0.403120 0.265673 0.929241 1
-0.378629 0.275442 0.922661 1
-0.387633 0.173480 0.920331 1
-0.397163 0.257282 0.923187 1
-0.377920 0.136587 0.929100 1
-0.349410 0.178512 0.938047 1
-0.370697 0.206496 0.919500 1
-0.360930 0.187550 0.924219 1
-0.352426 0.244764 0.932596 1
-0.373753 0.198064 0.918858 1
-0.397027 0.225565 0.922872 1
-0.351352 0.245188 0.934212 1
-0.363679 0.150343 0.931258 1
-0.399315 0.214246 0.924314 1
-0.346361 0.198535 0.952936 1
-0.365601 0.267330 0.923385 1
-0.349362 0.219092 0.937920 1
-0.398072 0.266216 0.925301 1
-0.404460 0.178364 0.928471 1
-0.350863 0.275739 0.946533 1
-0.351374 0.199702 0.934272 1
-0.380141 0.202907 0.918272 1
-0.429594 0.160987 0.986168 1
-0.355900 0.258760 0.928494 1
-0.348433 0.253483 0.939976 1
-0.372857 0.171896 0.920737 1
-0.377494 0.125271 0.932188 1
-0.381761 0.183013 0.918185 1
-0.354689 0.210466 0.929709 1
-0.380214 0.244364 0.918449 1
-0.372231 0.206427 0.919192 1
-0.382993 0.087973 0.985265 1
-0.389876 0.114172 0.937702 1
-0.350295 0.201736 0.935892 1
-0.387116 0.222986 0.919103 1
-0.381082 0.138195 0.928639 1
-0.356316 0.180380 0.985215 1
-0.374869 0.120464 0.934027 1
-0.394855 0.220288 0.921688 1
-0.394794 0.138893 0.933335 1
-0.348484 0.209430 0.940115 1
-0.353174 0.275255 0.939057 1
-0.366213 0.126018 0.937746 1
-0.346383 0.193390 0.952997 1
-0.369233 0.199966 0.919983 1
-0.347279 0.208714 0.960227 1
-0.553147 0.423139 1.359889 1
-0.390761 0.199944 0.919878 1
-0.355900 0.238662 0.928493 1
-0.399379 0.229289 0.924464 1
-0.364626 0.167711 0.925136 1
-0.397113 0.245594 0.923071 1
-0.349769 0.165861 0.952853 1
-0.361090 0.163370 0.928919 1
-0.359621 0.217775 0.925141 1
-0.364438 0.269368 0.924661 1
-0.366111 0.094289 0.941836 1
-0.368622 0.268769 0.922608 1
-0.348347 0.171163 0.953666 1
-0.357639 0.284927 0.937441 1
-0.375313 0.219554 0.918619 1
-0.352447 0.202720 0.932651 1
-0.353526 0.185580 0.931063 1
-0.346784 0.251656 0.958857 1
-0.394840 0.215292 0.921652 1
-0.381659 0.098574 0.934150 1
-0.346885 0.259951 0.944998 1
-0.364155 0.106603 0.945578 1
-0.389922 0.089198 0.941901 1
-0.375311 0.217896 0.918614 1
-0.370725 0.228075 0.919568 1
-0.350255 0.172159 0.940315 1
-0.348441 0.246706 0.939998 1
-0.362265 0.222356 0.923373 1
-0.373791 0.107159 0.935546 1
-0.393932 0.143630 0.931297 1
-0.376914 0.251000 0.918482 1
-0.376090 0.281025 0.924601 1
-0.394739 0.127635 0.937202 1
-0.346288 0.215678 0.952735 1
-0.349093 0.174122 0.941758 1
-0.387223 0.131874 0.931322 1
-0.358312 0.179573 0.926068 1
-0.408922 0.257157 0.934842 1
-0.351361 0.226657 0.934237 1
-0.364075 0.159858 0.927986 1
-0.358315 0.259758 0.926078 1
-0.393853 0.170697 0.923235 1
-0.358224 0.276446 0.985575 1
-0.358312 0.186255 0.926069 1
-0.391688 0.095596 0.937992 1
-0.549144 0.429603 1.380663 1
-0.373745 0.191430 0.918837 1
-0.369280 0.254762 0.920101 1
-0.347041 0.229341 0.959569 1
-0.363108 0.144064 0.934111 1
-0.399077 0.144275 0.935481 1
-0.351371 0.206441 0.934263 1
-0.373601 0.133489 0.930867 1
-0.367588 0.165873 0.924192 1
-0.347200 0.215593 0.960008 1
-0.384012 0.143063 0.927624 1
-0.379749 0.134966 0.929476 1
-0.373127 0.138351 0.929687 1
-0.364990 0.236953 0.921842 1
-0.346922 0.239645 0.959240 1
-0.358315 0.258087 0.926076 1
-0.366401 0.218511 0.921208 1
-0.356076 0.144309 0.946774 1
-0.378561 0.246023 0.918458 1
0.116483 0.103605 0.649006 2
0.176891 0.179258 0.655957 2
0.096583 0.185464 0.656984 2
0.130661 0.152926 0.649650 2
0.142647 0.106251 0.650871 2
0.179402 0.177033 0.656483 2
0.136663 0.148394 0.650334 2
0.145073 0.121579 0.651220 2
0.092509 0.135564 0.645102 2
0.170525 0.126861 0.654229 2
0.142658 0.118001 0.650922 2
0.146264 0.105146 0.651295 2
0.085796 0.142993 0.647126 2
0.147537 0.176927 0.651729 2
0.117513 0.185331 0.648228 2
0.115180 0.136229 0.648265 2
0.168094 0.129167 0.653952 2
0.123442 0.118762 0.648667 2
0.154783 0.166553 0.652539 2
0.159254 0.198327 0.656412 2
0.107966 0.176831 0.647075 2
0.165711 0.177505 0.653860 2
0.124651 0.134015 0.648868 2
0.159433 0.092952 0.682526 2
0.148689 0.116953 0.651624 2
0.146276 0.118078 0.651347 2
0.129538 0.122504 0.649898 2
0.141612 0.173343 0.651514 2
0.169333 0.151633 0.654183 2
0.133091 0.189376 0.650073 2
0.151453 0.197419 0.653408 2
0.181510 0.105413 0.691586 2
0.151263 0.158326 0.652589 2
0.152379 0.186503 0.652327 2
0.151265 0.160683 0.652599 2
0.152377 0.184147 0.652319 2
0.139170 0.136821 0.651085 2
0.096071 0.150803 0.645579 2
0.134384 0.170767 0.650655 2
0.098438 0.142706 0.645825 2
0.143920 0.182690 0.651320 2
0.141508 0.181435 0.651033 2
0.123494 0.187875 0.648940 2
0.140408 0.174481 0.651377 2
0.178617 0.185834 0.666817 2
0.169013 0.104966 0.657530 2
0.118780 0.193676 0.648766 2
0.122385 0.175086 0.649262 2
0.105838 0.190981 0.655582 2
0.119973 0.151576 0.648887 2
0.098648 0.181535 0.647202 2
0.103506 0.114152 0.655793 2
0.172150 0.186348 0.655923 2
0.179073 0.131793 0.655279 2
0.115081 0.108071 0.647707 2
0.115198 0.160809 0.648363 2
0.158524 0.149095 0.653406 2
0.175399 0.128154 0.654804 2
0.151138 0.151138 0.652049 2
0.118676 0.142061 0.648198 2
0.117593 0.167906 0.648672 2
0.186667 0.140445 0.657047 2
0.142718 0.187354 0.651195 2
0.142653 0.113301 0.650900 2
0.154749 0.132390 0.652397 2
0.099644 0.175397 0.646094 2
0.147808 0.099520 0.652925 2
0.113987 0.137369 0.648129 2
0.133179 0.092569 0.662174 2
0.090591 0.172415 0.648027 2
0.121097 0.180768 0.648637 2
0.169346 0.163445 0.654232 2
0.158383 0.132477 0.652824 2
0.128273 0.168102 0.649427 2
0.102120 0.182650 0.647014 2
0.146288 0.132188 0.651404 2
0.139082 0.161382 0.650672 2
0.139111 0.194286 0.650807 2
0.128351 0.138900 0.649822 2
0.192449 0.155508 0.660621 2
0.150103 0.203499 0.657822 2
0.128668 0.092424 0.669780 2
0.179092 0.129443 0.655351 2
0.169316 0.116220 0.654116 2
0.112735 0.108062 0.647650 2
0.092583 0.128685 0.645616 2
0.121179 0.164499 0.649079 2
0.135489 0.181238 0.650325 2
0.168100 0.135070 0.653978 2
0.125062 0.199043 0.651008 2
0.176644 0.150649 0.655038 2
0.160976 0.173949 0.653791 2
0.111515 0.140708 0.647352 2
0.082945 0.148830 0.652243 2
0.171841 0.099680 0.678049 2
0.133033 0.117796 0.649790 2
0.139984 0.091504 0.671900 2
0.134291 0.187069 0.650205 2
0.093711 0.167051 0.645366 2
0.140306 0.186097 0.650908 2
0.162190 0.172806 0.653929 2
0.146426 0.157011 0.652016 2
0.133092 0.190550 0.650079 2
0.181820 0.172344 0.656664 2
0.145190 0.125204 0.651747 2
0.184682 0.124111 0.658421 2
0.136672 0.158962 0.650376 2
0.155961 0.133597 0.652544 2
0.123452 0.131643 0.648717 2
0.179345 0.121339 0.656276 2
0.167019 0.110362 0.654363 2
0.096080 0.165957 0.645638 2
0.162168 0.150374 0.653839 2
0.145156 0.101668 0.651595 2
0.093698 0.143748 0.645273 2
0.173085 0.116374 0.654984 2
0.089553 0.171497 0.648977 2
0.176668 0.123490 0.655128 2
0.142696 0.094144 0.656498 2
0.116317 0.182950 0.648080 2
0.177881 0.166061 0.655242 2
0.154767 0.150059 0.652471 2
0.141023 0.091815 0.665370 2
0.154738 0.120614 0.652352 2
0.161094 0.192958 0.654268 2
0.151133 0.146429 0.652028 2
0.102019 0.176639 0.646375 2
0.174192 0.138763 0.654704 2
0.144806 0.202729 0.655331 2
0.158411 0.160766 0.652938 2
0.118671 0.133870 0.648168 2
0.085466 0.131441 0.653529 2
0.137573 0.092311 0.660332 2
0.088987 0.149475 0.644874 2
0.114411 0.097639 0.664164 2
0.087989 0.136936 0.646084 2
0.163220 0.117259 0.653330 2
0.117504 0.172456 0.648179 2
0.129564 0.155360 0.650029 2
0.123341 0.094461 0.667103 2
0.141599 0.158050 0.651453 2
0.171751 0.135158 0.654404 2
0.087992 0.161416 0.646110 2
0.140240 0.103860 0.650600 2
0.152442 0.124190 0.652594 2
0.133907 0.091493 0.671815 2
0.175435 0.161258 0.654937 2
0.160953 0.150341 0.653696 2
0.103190 0.148664 0.646406 2
0.179097 0.161364 0.655367 2
0.118756 0.123436 0.648635 2
0.148721 0.151072 0.651764 2
0.143908 0.168578 0.651265 2
0.149957 0.182889 0.652030 2
0.144028 0.175772 0.651807 2
0.147452 0.092531 0.661902 2
0.138577 0.202263 0.653825 2
0.115749 0.096558 0.664969 2
0.117736 0.102506 0.649461 2
0.127260 0.197635 0.650239 2
0.169830 0.108289 0.656105 2
0.165805 0.141023 0.654230 2
0.159645 0.183209 0.653169 2
0.165717 0.183409 0.653884 2
0.099382 0.112320 0.652022 2
0.125885 0.178581 0.649195 2
0.134232 0.115475 0.649921 2
0.174692 0.098847 0.689297 2
0.191260 0.162660 0.660630 2
0.150092 0.196003 0.652615 2
0.105560 0.135886 0.646634 2
0.145113 0.167438 0.651402 2
0.164989 0.104671 0.655679 2
0.118704 0.147942 0.648351 2
0.115190 0.149103 0.648316 2
0.139036 0.103837 0.650455 2
0.088423 0.169234 0.649276 2
0.147496 0.132217 0.651545 2
0.115153 0.191142 0.648110 2
0.190270 0.168798 0.661332 2
0.129141 0.093434 0.659849 2
0.156072 0.192586 0.653007 2
0.134248 0.134248 0.649998 2
0.170543 0.144578 0.654298 2
0.152458 0.141863 0.652665 2
0.094881 0.141448 0.645403 2
0.127210 0.093765 0.662189 2
0.101987 0.125299 0.646173 2
0.146305 0.151006 0.651479 2
0.139176 0.143874 0.651113 2
0.154884 0.145461 0.652964 2
0.125956 0.143531 0.649559 2
0.093709 0.162389 0.645347 2
0.128165 0.093590 0.660951 2
0.145099 0.102803 0.651339 2
0.184915 0.186119 0.667841 2
0.169326 0.144546 0.654155 2
0.160825 0.108984 0.653178 2
0.130825 0.197704 0.650467 2
0.145144 0.194505 0.651543 2
0.152310 0.106440 0.652030 2
0.174251 0.176614 0.654929 2
0.143966 0.195677 0.651531 2
0.172725 0.190532 0.658115 2
0.100819 0.155599 0.646154 2
0.139098 0.180181 0.650745 2
0.139046 0.119098 0.650502 2
0.143890 0.148589 0.651186 2
0.131823 0.107216 0.649604 2
0.155959 0.131241 0.652535 2
0.154781 0.165375 0.652533 2
0.140389 0.153312 0.651292 2
0.095163 0.178066 0.647322 2
0.120890 0.097302 0.653849 2
0.149986 0.193511 0.652154 2
0.168134 0.168134 0.654109 2
0.169314 0.132737 0.654109 2
0.135586 0.169629 0.650792 2
0.134361 0.143749 0.650547 2
0.166884 0.096682 0.682789 2
0.129580 0.175314 0.650109 2
0.124648 0.130500 0.648853 2
0.169416 0.183583 0.654503 2
0.147639 0.162933 0.652182 2
0.146273 0.115726 0.651335 2
0.106781 0.102009 0.661428 2
0.139178 0.100419 0.651119 2
0.187972 0.145278 0.657467 2
0.115076 0.116244 0.647674 2
0.114009 0.168968 0.648255 2
0.093152 0.120101 0.649580 2
0.131909 0.195225 0.650026 2
0.163393 0.161034 0.654025 2
0.137896 0.182492 0.650612 2
0.085735 0.147558 0.646670 2
0.105579 0.166243 0.646754 2
0.111534 0.167592 0.647459 2
0.189580 0.123795 0.663091 2
0.143035 0.098300 0.652645 2
0.088988 0.150640 0.644883 2
0.149926 0.147575 0.651895 2
0.148845 0.159435 0.652309 2
0.170527 0.129223 0.654238 2
0.082940 0.131869 0.661590 2
0.128233 0.117693 0.649226 2
0.156788 0.091613 0.681729 2
0.090362 0.121074 0.654841 2
0.171276 0.190241 0.657112 2
0.179881 0.107688 0.667043 2
0.177845 0.132940 0.655109 2
0.110310 0.120816 0.647132 2
0.128286 0.184520 0.649491 2
0.091329 0.141357 0.644986 2
0.136629 0.107309 0.650168 2
0.174182 0.129308 0.654666 2
0.119541 0.098342 0.652923 2
0.156569 0.197926 0.655086 2
0.139188 0.157982 0.651170 2
0.122576 0.197646 0.650277 2
0.179482 0.187886 0.665564 2
0.092743 0.118735 0.654970 2
0.118888 0.102490 0.649356 2
0.137980 0.153246 0.651009 2
0.090227 0.163573 0.645424 2
0.131162 0.092831 0.664053 2
0.158498 0.191494 0.653298 2
0.099645 0.176564 0.646099 2
0.182826 0.134309 0.656022 2
0.177851 0.138854 0.655134 2
0.121309 0.101384 0.649775 2
0.185841 0.170404 0.658319 2
0.143875 0.130956 0.651118 2
0.154738 0.096637 0.657349 2
0.163551 0.191892 0.654657 2
0.129425 0.109514 0.649332 2
0.163187 0.100286 0.657951 2
0.170522 0.118598 0.654217 2
0.156600 0.099870 0.655219 2
0.127093 0.191518 0.649384 2
0.107930 0.123099 0.646861 2
0.123493 0.186703 0.648935 2
0.160288 0.101141 0.655801 2
0.180064 0.116653 0.663283 2
0.158365 0.114800 0.652751 2
0.178072 0.176889 0.655946 2
0.181567 0.162642 0.655750 2
0.153516 0.108814 0.652157 2
0.104796 0.105980 0.656466 2
0.141446 0.110927 0.650749 2
0.098467 0.176541 0.646015 2
0.162189 0.171625 0.653924 2
0.187006 0.131201 0.658239 2
0.136636 0.115525 0.650203 2
0.092592 0.169460 0.645676 2
0.159715 0.125532 0.653454 2
0.152474 0.158361 0.652732 2
0.098819 0.111837 0.656087 2
0.105802 0.106985 0.655364 2
0.156085 0.104253 0.653062 2
0.162166 0.149193 0.653834 2
0.155958 0.130063 0.652531 2
0.139185 0.154455 0.651155 2
0.115177 0.131547 0.648246 2
0.113226 0.102666 0.650474 2
0.146330 0.176888 0.651587 2
0.176647 0.154197 0.655052 2
0.122266 0.144497 0.648635 2
0.091478 0.120987 0.654373 2
0.176914 0.113345 0.664935 2
0.194041 0.153442 0.661987 2
0.140292 0.167294 0.650840 2
0.084805 0.146801 0.648478 2
0.106776 0.177961 0.646940 2
0.169504 0.111624 0.654843 2
0.084037 0.151032 0.651590 2
0.191040 0.138668 0.659871 2
0.153541 0.134716 0.652264 2
0.180307 0.150748 0.655468 2
0.088557 0.128438 0.650261 2
0.174443 0.106571 0.660123 2
0.127069 0.159861 0.649259 2
0.178067 0.112116 0.664763 2
0.122304 0.096307 0.655103 2
0.171758 0.142247 0.654432 2
0.164433 0.116105 0.653468 2
0.142677 0.102751 0.651010 2
0.133066 0.158859 0.649952 2
0.186832 0.134637 0.657626 2
0.104365 0.127687 0.646463 2
0.170553 0.154029 0.654336 2
0.115183 0.139740 0.648279 2
0.086007 0.137494 0.648716 2
0.145125 0.181554 0.651458 2
0.095468 0.185600 0.657465 2
0.104391 0.168543 0.646623 2
0.085247 0.132938 0.660974 2
0.161244 0.103362 0.654879 2
0.141507 0.180260 0.651028 2
0.100813 0.145100 0.646113 2
0.146205 0.091606 0.672643 2
0.184090 0.160413 0.656310 2
0.133156 0.140195 0.650392 2
0.129064 0.096061 0.653430 2
0.158689 0.103236 0.654083 2
0.153539 0.132361 0.652255 2
0.123493 0.185532 0.648931 2
0.133153 0.136673 0.650378 2
0.162774 0.195921 0.656284 2
0.134233 0.116648 0.649927 2
0.110469 0.113976 0.648067 2
0.171742 0.125708 0.654370 2
0.118673 0.137380 0.648182 2
0.107947 0.147624 0.646960 2
0.174205 0.151765 0.654756 2
0.117508 0.178308 0.648203 2
0.124766 0.155225 0.649465 2
0.135582 0.164929 0.650773 2
0.106446 0.105269 0.652061 2
0.091350 0.134407 0.645134 2
0.186615 0.151070 0.656865 2
0.110858 0.103819 0.650347 2
0.127454 0.094257 0.657287 2
0.133044 0.129528 0.649845 2
0.100813 0.146267 0.646117 2
0.121097 0.179597 0.648636 2
0.160942 0.139719 0.653654 2
0.121090 0.172568 0.648601 2
0.086975 0.161692 0.647214 2
0.192337 0.150654 0.660238 2
0.192647 0.159247 0.661303 2
0.166923 0.172821 0.653987 2
0.160869 0.187976 0.653357 2
0.135565 0.144955 0.650693 2
0.114958 0.099630 0.653646 2
0.156003 0.177196 0.652721 2
0.142697 0.162663 0.651100 2
0.153554 0.105311 0.652318 2
0.082638 0.152791 0.659179 2
0.133034 0.118969 0.649795 2
0.142685 0.149732 0.651048 2
0.130646 0.135333 0.649579 2
0.110722 0.098752 0.663593 2
0.127516 0.098134 0.651545 2
0.147548 0.191048 0.651777 2
0.137832 0.103814 0.650311 2
0.102004 0.150965 0.646275 2
0.110342 0.167556 0.647319 2
0.178065 0.114513 0.664754 2
0.160831 0.093048 0.683233 2
0.175403 0.131700 0.654819 2
0.160974 0.171588 0.653782 2
0.162188 0.170444 0.653920 2
0.094884 0.146109 0.645421 2
0.121089 0.171397 0.648596 2
0.162180 0.163360 0.653891 2
0.129456 0.148201 0.649485 2
0.140303 0.181396 0.650891 2
0.166511 0.103699 0.657018 2
0.090613 0.125689 0.648183 2
0.107044 0.109409 0.655726 2
0.167220 0.189674 0.655153 2
0.139069 0.146110 0.650610 2
0.092623 0.170683 0.645896 2
0.127072 0.164549 0.649275 2
0.106777 0.179129 0.646944 2
0.087966 0.160202 0.645915 2
0.154770 0.153593 0.652484 2
0.122732 0.095458 0.657394 2
0.134690 0.200565 0.652138 2
0.147650 0.174710 0.652229 2
0.169329 0.148089 0.654169 2
0.146759 0.199805 0.653501 2
0.164439 0.112573 0.653492 2
0.104382 0.153365 0.646564 2
0.183633 0.187246 0.667562 2
0.134285 0.177679 0.650178 2
0.177847 0.129397 0.655119 2
0.177863 0.149499 0.655176 2
0.185466 0.162949 0.656991 2
0.145095 0.146270 0.651321 2
0.118785 0.163257 0.648793 2
0.134297 0.192942 0.650236 2
0.105555 0.128882 0.646607 2
0.166892 0.143303 0.653865 2
0.143859 0.114500 0.651046 2
0.138526 0.096084 0.653589 2
0.148825 0.137060 0.652220 2
0.112808 0.157229 0.648068 2
0.176640 0.147101 0.655023 2
0.185277 0.178128 0.660544 2
0.166872 0.122058 0.653788 2
0.182819 0.161520 0.655999 2
0.134226 0.103747 0.649891 2
0.184162 0.164028 0.656567 2
0.189179 0.172469 0.661688 2
0.127398 0.199022 0.650941 2
0.153580 0.092393 0.678423 2
0.094901 0.126341 0.645539 2
0.154729 0.107663 0.652314 2
0.148703 0.132246 0.651687 2
0.149910 0.131098 0.651825 2
0.139097 0.176658 0.650740 2
0.183112 0.109384 0.670059 2
0.098441 0.147370 0.645843 2
0.085408 0.165516 0.653089 2
0.174197 0.143491 0.654725 2
0.099000 0.110856 0.657293 2
0.086792 0.126940 0.654638 2
0.109163 0.187053 0.654251 2
0.160961 0.158603 0.653729 2
0.107981 0.180357 0.647163 2
0.123543 0.123543 0.649197 2
0.111548 0.187471 0.647544 2
0.174148 0.103531 0.663538 2
0.173011 0.175373 0.654707 2
0.102343 0.109441 0.655918 2
0.121151 0.127004 0.648930 2
0.155983 0.155983 0.652637 2
0.156004 0.178374 0.652724 2
0.173493 0.097629 0.689474 2
0.181964 0.174851 0.657182 2
0.111536 0.171100 0.647473 2
0.116267 0.113930 0.647805 2
0.129443 0.128272 0.649420 2
0.181524 0.144865 0.655595 2
0.121096 0.178427 0.648634 2
0.147606 0.101736 0.652032 2
0.146421 0.094255 0.657274 2
0.107954 0.158137 0.647001 2
0.130625 0.109537 0.649473 2
0.097246 0.132184 0.645644 2
0.163375 0.143322 0.653953 2
0.089328 0.168730 0.647344 2
0.177902 0.124708 0.655320 2
0.141613 0.174519 0.651519 2
0.157195 0.156018 0.652781 2
0.144259 0.098332 0.652854 2
0.134292 0.188243 0.650209 2
0.103172 0.120659 0.646291 2
0.093697 0.141418 0.645264 2
0.177870 0.156597 0.655205 2
0.105548 0.119544 0.646565 2
0.175402 0.130518 0.654814 2
0.155985 0.157163 0.652645 2
0.153517 0.109991 0.652162 2
0.131957 0.143687 0.650264 2
0.159579 0.116004 0.652898 2
0.164590 0.142173 0.654092 2
0.156030 0.191358 0.652833 2
0.149944 0.165233 0.651972 2
0.194642 0.137148 0.664037 2
0.150070 0.175964 0.652518 2
0.100891 0.181370 0.646613 2
0.145171 0.094213 0.656984 2
0.099027 0.113090 0.649693 2
0.153561 0.154738 0.652350 2
0.158504 0.127863 0.653321 2
0.163400 0.168120 0.654053 2
0.156013 0.188982 0.652763 2
0.175399 0.125791 0.654802 2
0.111498 0.116168 0.647253 2
0.185325 0.141510 0.656492 2
0.163283 0.179788 0.653584 2
0.130804 0.204196 0.656249 2
0.146340 0.191006 0.651635 2
0.105587 0.179090 0.646803 2
0.170897 0.110580 0.655656 2
0.184199 0.132078 0.656698 2
0.153569 0.161806 0.652382 2
0.105562 0.139388 0.646648 2
0.113986 0.136199 0.648124 2
0.130683 0.179908 0.649759 2
0.125993 0.093439 0.668403 2
0.174209 0.155312 0.654770 2
0.266427 0.190531 0.876574 2
0.176956 0.114571 0.665093 2
0.163259 0.110214 0.653487 2
0.083964 0.136367 0.660257 2
0.139129 0.195485 0.650891 2
0.135496 0.101475 0.650359 2
0.119960 0.103575 0.648818 2
0.139203 0.175619 0.651240 2
0.167792 0.193880 0.657394 2
0.163235 0.131413 0.653390 2
0.183024 0.114615 0.665347 2
0.143917 0.179162 0.651308 2
0.111722 0.105872 0.648551 2
0.187648 0.118105 0.664722 2
0.089024 0.140227 0.645142 2
0.137853 0.130814 0.650412 2
0.166880 0.131499 0.653820 2
0.127028 0.109466 0.649050 2
0.129487 0.186906 0.649640 2
0.089263 0.167441 0.646875 2
0.185299 0.146227 0.656400 2
0.152374 0.180613 0.652306 2
0.168123 0.157504 0.654066 2
0.110401 0.188675 0.647668 2
0.157668 0.196642 0.654743 2
0.115131 0.189936 0.647984 2
0.169302 0.117391 0.654065 2
0.162072 0.183289 0.653454 2
0.115072 0.111567 0.647655 2
0.121230 0.096393 0.655685 2
0.084908 0.143466 0.649264 2
0.140393 0.158016 0.651311 2
0.085448 0.169103 0.662527 2
0.168126 0.161048 0.654080 2
0.169357 0.174078 0.654276 2
0.136985 0.098182 0.651864 2
0.137994 0.169703 0.651075 2
0.177867 0.127048 0.655190 2
0.152642 0.100779 0.653454 2
0.178031 0.121250 0.655796 2
0.105574 0.111472 0.653947 2
0.125977 0.171681 0.649671 2
0.135471 0.160102 0.650241 2
0.098436 0.140374 0.645816 2
0.111516 0.141876 0.647357 2
0.128444 0.197651 0.650293 2
0.100940 0.182626 0.646931 2
0.105550 0.121878 0.646576 2
0.149946 0.169938 0.651979 2
0.137841 0.117898 0.650356 2
0.170577 0.177660 0.654430 2
0.142224 0.091815 0.665371 2
0.123545 0.125887 0.649207 2
0.153701 0.176079 0.652945 2
0.117558 0.104691 0.648477 2
0.142655 0.115650 0.650910 2
0.103180 0.132327 0.646341 2
0.255381 0.168409 0.876651 2
0.117461 0.113955 0.647945 2
0.131885 0.183467 0.649910 2
0.159749 0.160928 0.653596 2
0.148950 0.197226 0.652768 2
0.179406 0.115804 0.665281 2
0.141179 0.095104 0.654957 2
0.180537 0.173434 0.656304 2
0.119848 0.110494 0.648211 2
0.106745 0.128910 0.646747 2
0.135562 0.141431 0.650679 2
0.160963 0.160963 0.653739 2
0.115178 0.132718 0.648251 2
0.089013 0.141373 0.645059 2
0.097247 0.134515 0.645653 2
0.139394 0.098223 0.652132 2
0.113885 0.119725 0.647547 2
0.165819 0.155197 0.654287 2
0.104683 0.108231 0.655754 2
0.186937 0.132340 0.657998 2
0.127141 0.125969 0.649630 2
0.135449 0.133104 0.650136 2
0.158523 0.147916 0.653401 2
0.141586 0.142761 0.651392 2
0.135499 0.192984 0.650377 2
0.150056 0.160648 0.652457 2
0.096160 0.121803 0.646177 2
0.099612 0.122913 0.645883 2
0.145203 0.140500 0.651808 2
0.113928 0.180532 0.647791 2
0.126157 0.092354 0.669276 2
0.148857 0.172392 0.652361 2
0.143889 0.146238 0.651179 2
0.108521 0.105002 0.650404 2
0.115607 0.097637 0.664152 2
0.161828 0.100179 0.657251 2
0.152489 0.174862 0.652798 2
0.185318 0.142689 0.656469 2
0.150023 0.125313 0.652315 2
0.090157 0.155303 0.644922 2
0.131846 0.134190 0.649716 2
0.103203 0.168506 0.646484 2
0.184751 0.112536 0.667249 2
0.185612 0.166635 0.657507 2
0.141522 0.194372 0.651096 2
0.094885 0.148440 0.645430 2
0.093021 0.121103 0.648669 2
0.093695 0.139088 0.645255 2
0.128247 0.134103 0.649294 2
0.141592 0.196819 0.651423 2
0.113880 0.112712 0.647520 2
0.125967 0.158777 0.649620 2
0.190935 0.140971 0.659508 2
0.102014 0.167303 0.646339 2
0.192409 0.143562 0.660484 2
0.092511 0.139058 0.645116 2
0.141581 0.136881 0.651368 2
0.122246 0.118736 0.648526 2
0.152461 0.145398 0.652680 2
0.166869 0.119698 0.653777 2
0.119905 0.187753 0.648518 2
0.101983 0.119466 0.646147 2
0.177874 0.160146 0.655219 2
0.111582 0.100955 0.654596 2
0.106744 0.127743 0.646742 2
0.160945 0.142079 0.653663 2
0.169356 0.172896 0.654271 2
0.119150 0.096398 0.663866 2
0.103557 0.189953 0.656116 2
0.143878 0.134482 0.651129 2
0.142651 0.103906 0.650889 2
0.102375 0.188772 0.656124 2
0.144026 0.173418 0.651798 2
0.111511 0.111511 0.647325 2
0.107911 0.113808 0.653815 2
0.192340 0.147084 0.660249 2
0.141518 0.193193 0.651082 2
0.109150 0.166351 0.647174 2
0.151152 0.166444 0.652109 2
0.175429 0.155346 0.654913 2
0.166891 0.142122 0.653861 2
0.164585 0.137449 0.654073 2
0.160969 0.166866 0.653763 2
0.124782 0.176335 0.649549 2
0.128226 0.109490 0.649191 2
0.141193 0.091503 0.671887 2
0.133169 0.155461 0.650453 2
0.119871 0.142091 0.648338 2
0.122239 0.109371 0.648487 2
0.095194 0.119723 0.647533 2
0.100209 0.109696 0.657443 2
0.159725 0.136149 0.653497 2
0.153572 0.166516 0.652395 2
0.102003 0.149799 0.646271 2
0.121096 0.177256 0.648633 2
0.115071 0.110398 0.647649 2
0.131831 0.116597 0.649644 2
0.130942 0.092098 0.694659 2
0.098435 0.138042 0.645806 2
0.110348 0.176907 0.647355 2
0.119869 0.137411 0.648324 2
0.123462 0.143356 0.648767 2
0.134387 0.174292 0.650669 2
0.179073 0.140067 0.655282 2
0.168095 0.130347 0.653957 2
0.171853 0.181302 0.654792 2
0.172759 0.099692 0.686556 2
0.154764 0.147702 0.652458 2
0.136763 0.137937 0.650806 2
0.118651 0.108130 0.648059 2
0.127149 0.136524 0.649672 2
0.089368 0.129086 0.647631 2
0.117586 0.158537 0.648634 2
0.209729 0.114468 0.851797 2
0.141490 0.161452 0.650953 2
0.107933 0.126602 0.646877 2
0.098434 0.136876 0.645802 2
0.122283 0.167920 0.648725 2
0.185507 0.164171 0.657138 2
0.176624 0.132911 0.654966 2
0.106347 0.190955 0.651460 2
0.127029 0.110638 0.649055 2
0.121043 0.110518 0.648352 2
0.185743 0.169127 0.657972 2
0.124665 0.151588 0.648941 2
0.141444 0.108577 0.650739 2
0.173648 0.104427 0.661631 2
0.185307 0.152153 0.656429 2
0.165838 0.174101 0.654363 2
0.180599 0.185399 0.665255 2
0.097258 0.153167 0.645727 2
0.157216 0.178413 0.652866 2
0.130777 0.170656 0.650231 2
0.125981 0.176373 0.649690 2
0.086119 0.162279 0.649564 2
0.144027 0.174595 0.651803 2
0.165820 0.156379 0.654292 2
0.152347 0.151171 0.652190 2
0.099629 0.150900 0.645996 2
0.119144 0.100363 0.650753 2
0.107440 0.193157 0.650960 2
0.153528 0.120587 0.652210 2
0.185736 0.128769 0.657948 2
0.145058 0.106297 0.651154 2
0.156174 0.103134 0.653435 2
0.118658 0.116319 0.648095 2
0.087879 0.143749 0.645277 2
0.154793 0.178336 0.652582 2
0.084150 0.138288 0.652466 2
0.168092 0.126806 0.653944 2
0.159596 0.108949 0.652967 2
0.147696 0.100622 0.652431 2
0.104221 0.104221 0.660325 2
0.150052 0.157114 0.652442 2
0.091625 0.118817 0.655421 2
0.150059 0.101805 0.652470 2
0.146334 0.183946 0.651608 2
0.162006 0.117233 0.653188 2
0.149901 0.120508 0.651783 2
0.157173 0.134804 0.652691 2
0.124743 0.125915 0.649348 2
0.142277 0.202493 0.654571 2
0.146331 0.180417 0.651596 2
0.147636 0.159400 0.652167 2
0.115119 0.177061 0.647917 2
0.167666 0.095898 0.685988 2
0.172979 0.144641 0.654584 2
0.164635 0.107987 0.654272 2
0.099675 0.118328 0.646294 2
0.143919 0.181514 0.651316 2
0.159575 0.112468 0.652883 2
0.138185 0.098200 0.651978 2
0.106200 0.116762 0.650559 2
0.178571 0.106421 0.666646 2
0.134245 0.128383 0.649983 2
0.190816 0.151583 0.659098 2
0.112810 0.160740 0.648082 2
0.135495 0.176554 0.650356 2
0.116772 0.097804 0.657224 2
0.090255 0.175202 0.654065 2
0.102018 0.174305 0.646365 2
0.114150 0.193762 0.649054 2
0.175431 0.157711 0.654923 2
0.107932 0.125434 0.646872 2
0.170532 0.133947 0.654257 2
0.109143 0.155835 0.647132 2
0.162160 0.143291 0.653811 2
0.163379 0.146864 0.653968 2
0.158368 0.117157 0.652761 2
0.180484 0.172199 0.656112 2
0.154862 0.123065 0.652874 2
0.111752 0.099799 0.662600 2
0.095225 0.115334 0.655788 2
0.125858 0.128200 0.649056 2
0.176645 0.151832 0.655042 2
0.147362 0.095282 0.656183 2
0.162172 0.155096 0.653858 2
0.157219 0.181950 0.652879 2
0.120901 0.095887 0.660347 2
0.123440 0.115249 0.648653 2
0.146269 0.111023 0.651315 2
0.169311 0.130376 0.654099 2
0.152332 0.105280 0.652125 2
0.165671 0.112609 0.653701 2
0.100479 0.190850 0.659215 2
0.154732 0.114725 0.652324 2
0.084828 0.152691 0.648652 2
0.112795 0.139679 0.647998 2
0.137969 0.100395 0.650959 2
0.100591 0.106543 0.659952 2
0.140260 0.129696 0.650691 2
0.099707 0.180173 0.646502 2
0.135561 0.140256 0.650674 2
0.137955 0.123866 0.650892 2
0.123774 0.095347 0.656633 2
0.140582 0.199403 0.652185 2
0.191909 0.167995 0.662871 2
0.186622 0.152260 0.656889 2
0.133088 0.185854 0.650059 2
0.117116 0.095495 0.665921 2
0.113882 0.109210 0.647531 2
0.121178 0.162156 0.649070 2
0.158403 0.152514 0.652904 2
0.127177 0.171718 0.649812 2
0.163284 0.180968 0.653588 2
0.146429 0.160543 0.652030 2
0.169315 0.133918 0.654115 2
0.116396 0.165528 0.648522 2
0.123498 0.191392 0.648958 2
0.137981 0.154421 0.651014 2
0.158415 0.165482 0.652956 2
0.124690 0.185572 0.649072 2
0.177948 0.173219 0.655491 2
0.164496 0.177467 0.653718 2
0.112734 0.179323 0.647647 2
0.096095 0.172972 0.645741 2
0.132811 0.095033 0.654471 2
0.131855 0.147092 0.649762 2
0.124757 0.093417 0.668245 2
0.169347 0.164626 0.654237 2
0.089548 0.127006 0.648940 2
0.119979 0.159777 0.648920 2
0.157218 0.180771 0.652875 2
0.110319 0.133667 0.647185 2
0.113904 0.108063 0.647658 2
0.126354 0.098144 0.651612 2
0.159761 0.172730 0.653643 2
0.164623 0.175244 0.654225 2
0.103878 0.106252 0.658149 2
0.133052 0.102573 0.649881 2
0.170827 0.186195 0.655387 2
0.135547 0.122637 0.650604 2
0.145208 0.145208 0.651827 2
0.143619 0.092369 0.660745 2
0.105584 0.174418 0.646786 2
0.100827 0.169600 0.646207 2
0.168128 0.162229 0.654085 2
0.168096 0.131528 0.653962 2
0.135587 0.170804 0.650796 2
0.172958 0.124553 0.654505 2
0.116387 0.152648 0.648470 2
0.109138 0.148825 0.647104 2
0.111522 0.112690 0.647393 2
0.169304 0.122111 0.654069 2
0.117635 0.103589 0.648905 2
0.173006 0.170645 0.654688 2
0.112732 0.175815 0.647631 2
0.194337 0.158459 0.662997 2
0.135179 0.091534 0.672114 2
0.104363 0.124186 0.646447 2
0.105557 0.132384 0.646621 2
0.152462 0.095511 0.657762 2
0.147638 0.161755 0.652177 2
0.165817 0.152835 0.654277 2
0.112697 0.125543 0.647431 2
0.107952 0.155801 0.646992 2
0.094892 0.161258 0.645479 2
0.150022 0.194734 0.652310 2
0.151109 0.120535 0.651925 2
0.155322 0.099808 0.654814 2
0.152381 0.188859 0.652336 2
0.149959 0.185244 0.652039 2
0.082613 0.149178 0.658978 2
0.186694 0.139280 0.657142 2
0.096076 0.158962 0.645609 2
0.143876 0.132131 0.651121 2
0.165710 0.176325 0.653856 2
0.125950 0.136495 0.649531 2
0.159759 0.170370 0.653634 2
0.142068 0.089631 0.676051 2
0.141465 0.132074 0.650838 2
0.109368 0.110538 0.648470 2
0.162157 0.139750 0.653796 2
0.154907 0.170221 0.653064 2
0.129432 0.117719 0.649367 2
0.121100 0.186622 0.648654 2
0.090278 0.165994 0.645784 2
0.083120 0.139712 0.653621 2
0.178748 0.102764 0.690555 2
0.130664 0.157618 0.649669 2
0.129753 0.199033 0.650975 2
0.106318 0.192077 0.651280 2
0.120447 0.099295 0.651452 2
0.190987 0.139819 0.659688 2
0.182291 0.110096 0.667054 2
0.174225 0.170682 0.654831 2
0.142775 0.123974 0.651458 2
0.158361 0.110087 0.652731 2
0.125954 0.141185 0.649549 2
0.168125 0.159866 0.654075 2
0.124767 0.156398 0.649469 2
0.156812 0.098821 0.656103 2
0.163453 0.190596 0.654262 2
0.169337 0.155176 0.654198 2
0.169322 0.141003 0.654141 2
0.171784 0.167062 0.654531 2
0.092522 0.157694 0.645188 2
0.092525 0.163520 0.645214 2
0.096269 0.119606 0.646904 2
0.159732 0.143228 0.653525 2
0.109123 0.126630 0.647017 2
0.109129 0.134806 0.647049 2
0.146333 0.182770 0.651604 2
0.091359 0.122009 0.653523 2
0.091331 0.143686 0.644995 2
0.165808 0.144566 0.654244 2
0.177032 0.105019 0.665380 2
0.148693 0.120482 0.651641 2
0.189680 0.162328 0.659280 2
0.168118 0.152781 0.654046 2
0.130754 0.141308 0.650114 2
0.185545 0.132194 0.657273 2
0.117481 0.140861 0.648055 2
0.149577 0.201603 0.655516 2
0.147625 0.195853 0.652118 2
0.145730 0.201189 0.654169 2
0.186080 0.173001 0.659166 2
0.157188 0.150124 0.652752 2
0.181820 0.124964 0.656663 2
0.250645 0.157345 0.876678 2
0.134246 0.130729 0.649989 2
0.153895 0.100828 0.653769 2
0.114000 0.156093 0.648203 2
0.119982 0.163292 0.648934 2
0.105813 0.112907 0.655429 2
0.124635 0.112932 0.648783 2
0.203344 0.111953 0.844420 2
0.112730 0.173476 0.647622 2
0.161196 0.092024 0.684783 2
0.165950 0.100522 0.659496 2
0.155991 0.164232 0.652669 2
0.169363 0.179985 0.654299 2
0.143940 0.101639 0.651411 2
0.189405 0.154968 0.658325 2
0.135459 0.146014 0.650184 2
0.102012 0.163802 0.646326 2
0.106773 0.172120 0.646917 2
0.136790 0.169666 0.650933 2
0.162073 0.184469 0.653458 2
0.106747 0.118414 0.646764 2
0.093706 0.158893 0.645331 2
0.133086 0.182333 0.650047 2
0.092518 0.150705 0.645161 2
0.118755 0.122265 0.648630 2
0.113925 0.177022 0.647776 2
0.163907 0.098344 0.660852 2
0.106764 0.159271 0.646866 2
0.135551 0.127335 0.650623 2
0.115124 0.184081 0.647944 2
0.103173 0.121826 0.646297 2
0.182876 0.131978 0.656201 2
0.125624 0.096135 0.653931 2
0.162191 0.173987 0.653934 2
0.122297 0.187835 0.648799 2
0.133181 0.170730 0.650514 2
0.175412 0.139975 0.654852 2
0.114009 0.167797 0.648250 2
0.115976 0.095545 0.666273 2
0.131853 0.102553 0.649753 2
0.153565 0.159448 0.652365 2
0.165259 0.194876 0.656751 2
0.147538 0.179279 0.651733 2
0.124693 0.189089 0.649087 2
0.181526 0.148414 0.655602 2
0.181579 0.131896 0.655792 2
0.127084 0.180963 0.649339 2
0.116372 0.131576 0.648386 2
0.082860 0.134126 0.660950 2
0.180296 0.141281 0.655430 2
0.133022 0.104894 0.649735 2
0.162163 0.145652 0.653820 2
0.137866 0.147252 0.650472 2
0.085208 0.159251 0.651556 2
0.088123 0.165158 0.647074 2
0.134258 0.147156 0.650046 2
0.130627 0.111882 0.649482 2
0.137854 0.131988 0.650415 2
0.170533 0.135129 0.654262 2
0.184107 0.161612 0.656371 2
0.153557 0.151204 0.652333 2
0.172737 0.107441 0.658161 2
0.128852 0.097080 0.652359 2
0.151268 0.163039 0.652608 2
0.140262 0.102702 0.650700 2
0.258539 0.176313 0.876634 2
0.176845 0.118882 0.655785 2
0.188847 0.178056 0.664720 2
0.188465 0.131391 0.659192 2
0.172975 0.139915 0.654567 2
0.153438 0.096565 0.656858 2
0.086892 0.159205 0.646596 2
0.186602 0.148689 0.656819 2
0.119894 0.172530 0.648460 2
0.113924 0.174683 0.647767 2
0.171766 0.149336 0.654460 2
0.184314 0.108089 0.692750 2
0.125964 0.154086 0.649601 2
0.133029 0.113104 0.649769 2
0.163226 0.121977 0.653354 2
0.135784 0.089508 0.675124 2
0.129934 0.200486 0.651882 2
0.116320 0.187632 0.648098 2
0.131888 0.186987 0.649922 2
0.096073 0.154299 0.645591 2
0.143393 0.096185 0.654276 2
0.184286 0.167694 0.657009 2
0.104380 0.151031 0.646554 2
0.108008 0.117349 0.647328 2
0.135488 0.178891 0.650320 2
0.139199 0.170916 0.651221 2
0.105582 0.170915 0.646772 2
0.136627 0.104962 0.650158 2
0.147494 0.129865 0.651539 2
0.097248 0.136847 0.645662 2
0.146414 0.144062 0.651964 2
0.130632 0.117745 0.649508 2
0.094888 0.153101 0.645448 2
0.128375 0.169408 0.649944 2
0.134295 0.191767 0.650228 2
0.148702 0.129893 0.651681 2
0.154021 0.091431 0.680370 2
0.122255 0.131615 0.648576 2
0.231716 0.132070 0.876854 2
0.123479 0.166785 0.648861 2
0.129444 0.130616 0.649426 2
0.182788 0.137831 0.655888 2
0.175430 0.156528 0.654918 2
0.162011 0.120771 0.653206 2
0.125940 0.123597 0.649479 2
0.100803 0.128771 0.646049 2
0.119956 0.128148 0.648794 2
0.180494 0.124866 0.656148 2
0.092511 0.137893 0.645111 2
0.151108 0.119358 0.651920 2
0.110421 0.100871 0.661786 2
0.145189 0.124028 0.651742 2
0.170550 0.151666 0.654326 2
0.142717 0.186178 0.651191 2
0.128236 0.121209 0.649240 2
0.165627 0.095479 0.720162 2
0.129686 0.094156 0.656584 2
0.266432 0.195278 0.876590 2
0.104423 0.113862 0.654127 2
0.105575 0.160405 0.646731 2
0.146413 0.142885 0.651959 2
0.125033 0.099204 0.650855 2
0.176629 0.125826 0.654984 2
0.180448 0.170982 0.655983 2
0.121043 0.109348 0.648347 2
0.255436 0.222221 0.876837 2
0.096079 0.163625 0.645627 2
0.149081 0.198578 0.653343 2
0.140259 0.128522 0.650688 2
0.139160 0.125068 0.651038 2
0.102013 0.166136 0.646335 2
0.097263 0.162494 0.645762 2
0.195558 0.273148 0.877847 2
0.130670 0.164656 0.649697 2
0.125895 0.192648 0.649244 2
0.136640 0.120220 0.650224 2
0.168144 0.178764 0.654149 2
0.098426 0.124052 0.645750 2
0.192371 0.144725 0.660355 2
0.195895 0.146771 0.664225 2
0.125955 0.142358 0.649554 2
0.123442 0.117591 0.648662 2
0.117582 0.152681 0.648611 2
0.151139 0.152316 0.652055 2
0.118660 0.119829 0.648109 2
0.159576 0.110113 0.652887 2
0.094289 0.179793 0.649344 2
0.112691 0.117362 0.647398 2
0.093699 0.146078 0.645282 2
0.128180 0.093277 0.667238 2
0.175856 0.101288 0.688985 2
0.147633 0.155868 0.652153 2
0.111530 0.161747 0.647436 2
0.154727 0.110015 0.652304 2
0.186635 0.154640 0.656935 2
0.194010 0.130341 0.665979 2
0.133555 0.097078 0.652341 2
0.170108 0.191445 0.657176 2
0.136787 0.166140 0.650919 2
0.177864 0.150682 0.655181 2
0.184193 0.117430 0.660928 2
0.105559 0.134719 0.646630 2
0.153540 0.133539 0.652260 2
0.153522 0.106466 0.652185 2
0.154775 0.158306 0.652505 2
0.162074 0.185649 0.653462 2
0.109928 0.101609 0.658835 2
0.142714 0.182651 0.651179 2
0.165648 0.116130 0.653611 2
0.125874 0.165685 0.649138 2
0.140378 0.140378 0.651241 2
0.100814 0.147433 0.646122 2
0.098440 0.146204 0.645838 2
0.158431 0.106602 0.653022 2
0.143852 0.106274 0.651012 2
0.121177 0.160984 0.649065 2
0.137973 0.145018 0.650976 2
0.186622 0.145150 0.656887 2
0.112794 0.137340 0.647988 2
0.121172 0.155124 0.649042 2
0.145218 0.156977 0.651874 2
0.119811 0.097383 0.654397 2
0.256961 0.173152 0.876645 2
0.143917 0.176812 0.651305 2
0.158519 0.143197 0.653382 2
0.260135 0.196880 0.876683 2
0.170535 0.136310 0.654267 2
0.109127 0.132470 0.647040 2
0.096077 0.160128 0.645614 2
0.166910 0.161013 0.653938 2
0.117591 0.165564 0.648662 2
0.117579 0.149168 0.648597 2
0.111522 0.150058 0.647389 2
0.158380 0.128941 0.652812 2
0.155978 0.150092 0.652613 2
0.172980 0.145823 0.654589 2
0.084056 0.153417 0.651738 2
0.159742 0.153848 0.653568 2
0.115116 0.173551 0.647903 2
0.159763 0.175091 0.653653 2
0.156005 0.179553 0.652728 2
0.128291 0.190385 0.649516 2
0.113948 0.106936 0.647905 2
0.192807 0.136696 0.661850 2
0.137946 0.090546 0.673788 2
0.153699 0.173721 0.652935 2
0.177372 0.101444 0.690050 2
0.084036 0.147504 0.651581 2
0.192367 0.153060 0.660339 2
0.130627 0.103681 0.649481 2
0.131883 0.178774 0.649898 2
0.094886 0.149605 0.645435 2
0.135461 0.148362 0.650192 2
0.191269 0.135259 0.660661 2
0.149909 0.128745 0.651819 2
0.188329 0.164565 0.658716 2
0.094891 0.160093 0.645475 2
0.121420 0.197673 0.650366 2
0.121129 0.103574 0.648811 2
0.139738 0.096106 0.653739 2
0.095049 0.121872 0.646543 2
0.153593 0.190078 0.652483 2
0.143632 0.095164 0.655368 2
0.113932 0.187550 0.647816 2
0.152359 0.162948 0.652242 2
0.089054 0.160064 0.645357 2
0.119846 0.106984 0.648199 2
0.185427 0.161730 0.656852 2
0.145199 0.135794 0.651789 2
0.144018 0.100518 0.651762 2
0.144013 0.159296 0.651741 2
0.144918 0.091559 0.672302 2
0.098542 0.118367 0.646509 2
0.121078 0.104700 0.648538 2
0.152351 0.154704 0.652207 2
0.137870 0.151951 0.650492 2
0.116272 0.119777 0.647828 2
0.115171 0.123356 0.648213 2
0.151169 0.185284 0.652181 2
0.094880 0.140283 0.645398 2
0.092897 0.116566 0.656060 2
0.142711 0.176773 0.651164 2
0.109156 0.175700 0.647211 2
0.194511 0.138253 0.663592 2
0.136634 0.113177 0.650193 2
0.174208 0.154130 0.654765 2
0.172976 0.141096 0.654572 2
0.134290 0.185895 0.650200 2
0.112737 0.184001 0.647663 2
0.116264 0.109253 0.647784 2
0.097242 0.125192 0.645622 2
0.097242 0.126356 0.645620 2
0.165649 0.117310 0.653616 2
0.163371 0.138600 0.653934 2
0.164613 0.164613 0.654182 2
0.160856 0.180889 0.653303 2
0.131388 0.202090 0.653266 2
0.139081 0.135560 0.650666 2
0.107975 0.115056 0.654204 2
0.124744 0.127087 0.649352 2
0.141505 0.176735 0.651022 2
0.154783 0.105347 0.652542 2
0.127062 0.095149 0.655266 2
0.119877 0.149115 0.648367 2
0.146335 0.185123 0.651613 2
0.124798 0.101362 0.649631 2
0.119951 0.122292 0.648771 2
0.162001 0.112517 0.653168 2
0.167324 0.107016 0.655558 2
0.107379 0.108553 0.650591 2
0.188379 0.121400 0.663073 2
0.108543 0.102611 0.657642 2
0.082784 0.136385 0.660344 2
0.154197 0.199098 0.655052 2
0.166886 0.137401 0.653841 2
0.146380 0.101702 0.651812 2
0.134194 0.203952 0.655463 2
0.174354 0.180264 0.655314 2
0.135463 0.150710 0.650204 2
0.123568 0.156364 0.649328 2
0.099092 0.109772 0.657901 2
0.090187 0.136735 0.645136 2
0.105705 0.110429 0.654760 2
0.111504 0.124347 0.647286 2
0.165595 0.196458 0.658085 2
0.168120 0.155143 0.654056 2
0.093703 0.153068 0.645309 2
0.136650 0.129612 0.650268 2
0.164447 0.129082 0.653524 2
0.086002 0.160888 0.648681 2
0.129472 0.166966 0.649564 2
0.184019 0.152067 0.656057 2
0.168072 0.098192 0.667929 2
0.102020 0.177807 0.646380 2
0.179605 0.179605 0.657227 2
0.164437 0.119644 0.653485 2
0.162192 0.175168 0.653939 2
0.186683 0.115852 0.665557 2
0.176646 0.153015 0.655047 2
0.177834 0.116760 0.663894 2
0.188050 0.157203 0.657740 2
0.082727 0.138673 0.659895 2
0.175436 0.162441 0.654941 2
0.103197 0.159168 0.646447 2
0.102947 0.105327 0.659790 2
0.129445 0.132960 0.649432 2
0.194501 0.159790 0.663557 2
0.151145 0.104096 0.652081 2
0.115115 0.172381 0.647898 2
0.170539 0.139854 0.654283 2
0.142696 0.161487 0.651094 2
0.179099 0.163731 0.655376 2
0.162019 0.129026 0.653239 2
0.153571 0.165339 0.652393 2
0.147099 0.096294 0.655013 2
0.123582 0.173951 0.649399 2
0.161594 0.101218 0.656301 2
0.148757 0.192267 0.651924 2
0.106766 0.161607 0.646875 2
0.122134 0.094459 0.667085 2
0.146402 0.195791 0.651912 2
0.169300 0.119749 0.654056 2
0.143388 0.089694 0.676526 2
0.157191 0.152481 0.652762 2
0.180305 0.149565 0.655463 2
0.128285 0.183348 0.649487 2
0.121066 0.140952 0.648475 2
0.091574 0.126570 0.646711 2
0.181665 0.128408 0.656103 2
0.094011 0.181518 0.655574 2
0.092618 0.119755 0.654087 2
0.115070 0.109229 0.647645 2
0.119868 0.136240 0.648321 2
0.172995 0.160006 0.654646 2
0.169308 0.126833 0.654086 2
0.181538 0.155520 0.655645 2
0.125836 0.117642 0.648944 2
0.121576 0.099258 0.651206 2
0.147475 0.111047 0.651457 2
0.116269 0.116269 0.647814 2
0.131976 0.167170 0.650358 2
0.122265 0.143324 0.648625 2
0.104211 0.193536 0.660263 2
0.129490 0.190427 0.649657 2
0.157166 0.107720 0.652659 2
0.098455 0.170693 0.645935 2
0.131868 0.162345 0.649827 2
0.126750 0.093033 0.692295 2
0.175416 0.143522 0.654867 2
0.093328 0.119155 0.650814 2
0.179495 0.178310 0.656825 2
0.136641 0.121394 0.650229 2
0.125847 0.131700 0.648999 2
0.109305 0.188799 0.648091 2
0.130692 0.191642 0.649805 2
0.100815 0.148600 0.646126 2
0.148859 0.174748 0.652371 2
0.172964 0.130461 0.654528 2
0.123118 0.097199 0.653154 2
0.164915 0.099425 0.660115 2
0.145866 0.090938 0.676702 2
0.141449 0.114451 0.650763 2
0.102007 0.155633 0.646294 2
0.129460 0.152892 0.649506 2
0.116391 0.158502 0.648494 2
0.179101 0.164915 0.655384 2
0.098432 0.133379 0.645788 2
0.130429 0.090390 0.672627 2
0.188705 0.110966 0.695117 2
0.131942 0.124905 0.650189 2
0.163096 0.197495 0.657584 2
0.147622 0.144094 0.652106 2
0.244335 0.147866 0.876733 2
0.100838 0.178944 0.646276 2
0.147527 0.166335 0.651685 2
0.137893 0.178968 0.650602 2
0.188102 0.138258 0.657921 2
0.147473 0.108695 0.651447 2
0.147623 0.145271 0.652111 2
0.123467 0.151554 0.648796 2
0.157197 0.157197 0.652787 2
0.128244 0.128244 0.649280 2
0.181527 0.115626 0.664260 2
0.093700 0.147243 0.645286 2
0.104397 0.177883 0.646658 2
0.166898 0.149206 0.653890 2
0.117515 0.188843 0.648243 2
0.109132 0.139479 0.647068 2
0.171755 0.138703 0.654420 2
0.131908 0.101422 0.650021 2
0.135432 0.113153 0.650051 2
0.128267 0.159894 0.649397 2
0.133030 0.114277 0.649774 2
0.104372 0.138191 0.646504 2
0.107939 0.135945 0.646914 2
0.145239 0.100550 0.651966 2
0.133060 0.150645 0.649921 2
0.131884 0.182293 0.649906 2
0.164601 0.152801 0.654134 2
0.088987 0.147149 0.644875 2
0.155937 0.108862 0.652444 2
0.119876 0.147945 0.648365 2
0.136429 0.091559 0.672303 2
0.186753 0.160667 0.657349 2
0.151276 0.172467 0.652646 2
0.127176 0.170545 0.649808 2
0.157547 0.102081 0.654243 2
0.112770 0.189897 0.647851 2
0.115176 0.129207 0.648237 2
0.184636 0.182245 0.662516 2
0.097430 0.118433 0.646872 2
0.123437 0.111737 0.648638 2
0.087978 0.124587 0.654679 2
0.131872 0.164693 0.649843 2
0.121070 0.144465 0.648492 2
0.096069 0.147306 0.645565 2
0.106797 0.187041 0.654211 2
0.180325 0.162588 0.655536 2
0.173052 0.178958 0.654860 2
0.130634 0.120089 0.649517 2
0.136650 0.130785 0.650271 2
0.117460 0.112785 0.647940 2
0.091328 0.139028 0.644977 2
0.159741 0.152668 0.653563 2
0.117360 0.098488 0.653895 2
0.092569 0.168254 0.645514 2
0.176978 0.102461 0.688517 2
0.159735 0.146768 0.653539 2
0.142712 0.180299 0.651170 2
0.118659 0.118659 0.648105 2
0.181900 0.116297 0.661260 2
0.170400 0.105090 0.658305 2
0.103209 0.179012 0.646523 2
0.131984 0.100308 0.650397 2
0.118763 0.132804 0.648672 2
0.127166 0.157639 0.649756 2
0.116288 0.106938 0.647920 2
0.195920 0.145592 0.664309 2
0.171762 0.145791 0.654446 2
0.090150 0.148312 0.644874 2
0.174176 0.124580 0.654645 2
0.096120 0.122916 0.645903 2
0.165835 0.170556 0.654348 2
0.170531 0.132766 0.654252 2
0.127057 0.146965 0.649202 2
0.137972 0.143843 0.650971 2
0.129424 0.108342 0.649327 2
0.118759 0.126949 0.648649 2
0.088023 0.135823 0.646336 2
0.160951 0.147980 0.653687 2
0.183389 0.113641 0.666672 2
0.166893 0.144483 0.653870 2
0.168124 0.158685 0.654070 2
0.169353 0.170533 0.654261 2
0.160798 0.110143 0.653065 2
0.161508 0.095464 0.665705 2
0.133492 0.200533 0.652034 2
0.141521 0.101590 0.651095 2
0.108708 0.104007 0.651523 2
0.106767 0.163943 0.646884 2
0.139174 0.141523 0.651104 2
0.092519 0.151870 0.645166 2
0.200005 0.110946 0.836823 2
0.117577 0.145655 0.648583 2
0.168254 0.185964 0.654574 2
0.119902 0.184240 0.648506 2
0.120019 0.096134 0.662053 2
0.139187 0.156806 0.651165 2
0.118146 0.096555 0.664953 2
0.137991 0.166176 0.651061 2
0.162175 0.157457 0.653867 2
0.180314 0.157849 0.655496 2
0.154784 0.168908 0.652543 2
0.193964 0.149800 0.661725 2
0.125829 0.108271 0.648904 2
0.101985 0.121799 0.646157 2
0.147542 0.183986 0.651750 2
0.117506 0.175967 0.648194 2
0.160944 0.140899 0.653658 2
0.188148 0.160845 0.658081 2
0.139070 0.148459 0.650618 2
0.185120 0.120834 0.659982 2
0.119854 0.118685 0.648245 2
0.111761 0.192509 0.648776 2
0.137866 0.135520 0.650475 2
0.124636 0.114103 0.648788 2
0.160506 0.100094 0.656691 2
0.171779 0.162334 0.654512 2
0.192733 0.160511 0.661595 2
0.188375 0.132516 0.658877 2
0.148717 0.146366 0.651748 2
0.165654 0.113776 0.653634 2
0.121067 0.142122 0.648478 2
0.119892 0.169018 0.648448 2
0.158381 0.130120 0.652815 2
0.088800 0.127614 0.652044 2
0.157154 0.114775 0.652608 2
0.145853 0.096251 0.654725 2
0.131120 0.200501 0.651932 2
0.184584 0.125232 0.658070 2
0.182951 0.129665 0.656473 2
0.128231 0.115350 0.649216 2
0.129466 0.159928 0.649535 2
0.154912 0.174938 0.653083 2
0.125703 0.091696 0.673308 2
0.137897 0.184841 0.650621 2
0.162115 0.099169 0.658417 2
0.118676 0.140891 0.648195 2
0.195937 0.152795 0.664367 2
0.093737 0.127506 0.645544 2
0.094897 0.168252 0.645510 2
0.097254 0.146172 0.645699 2
0.149961 0.187599 0.652047 2
0.128679 0.098125 0.651483 2
0.107025 0.185076 0.655609 2
0.207976 0.115035 0.844678 2
0.153553 0.147670 0.652316 2
0.128287 0.186866 0.649499 2
0.101997 0.140465 0.646234 2
0.182906 0.106747 0.692149 2
0.111538 0.173438 0.647482 2
0.146286 0.128661 0.651395 2
0.145133 0.190965 0.651493 2
0.116308 0.098597 0.654613 2
0.091333 0.147179 0.645009 2
0.156077 0.126629 0.653031 2
0.151174 0.191173 0.652203 2
0.171788 0.170607 0.654545 2
0.184410 0.170179 0.657451 2
0.130819 0.094118 0.656322 2
0.174213 0.158859 0.654784 2
0.261713 0.200041 0.876672 2
0.112791 0.133830 0.647975 2
0.112818 0.172442 0.648128 2
0.157291 0.127836 0.653178 2
0.094874 0.129797 0.645356 2
0.096074 0.155465 0.645596 2
0.130900 0.099202 0.650840 2
0.124638 0.116446 0.648799 2
0.140306 0.184922 0.650904 2
0.111511 0.134864 0.647329 2
0.195374 0.134056 0.666534 2
0.122282 0.165578 0.648718 2
0.260120 0.182638 0.876634 2
0.191496 0.165248 0.661447 2
0.106755 0.145257 0.646811 2
0.158791 0.195390 0.654507 2
0.141545 0.195579 0.651205 2
0.144530 0.090865 0.676161 2
0.119875 0.145605 0.648359 2
0.121072 0.146807 0.648503 2
0.191982 0.129782 0.663124 2
0.109142 0.154666 0.647127 2
0.098447 0.159031 0.645889 2
0.144623 0.096218 0.654500 2
0.127084 0.178620 0.649336 2
0.173121 0.181393 0.655123 2
0.094875 0.132127 0.645366 2
0.141481 0.150874 0.650910 2
0.084871 0.144573 0.648976 2
0.171777 0.159971 0.654502 2
0.159880 0.095209 0.663930 2
0.121045 0.112859 0.648361 2
0.084658 0.133203 0.656403 2
0.130670 0.163484 0.649697 2
0.098457 0.174193 0.645950 2
0.106805 0.180343 0.647114 2
0.146409 0.138177 0.651940 2
0.088305 0.130411 0.648407 2
0.122347 0.124688 0.649061 2
0.100829 0.171933 0.646216 2
0.136690 0.177756 0.650460 2
0.153558 0.146498 0.652337 2
0.169894 0.190020 0.656349 2
0.129434 0.120063 0.649376 2
0.121092 0.174910 0.648611 2
0.096061 0.133321 0.645509 2
0.125877 0.093633 0.687528 2
0.266434 0.196861 0.876596 2
0.133094 0.191725 0.650087 2
0.156089 0.138418 0.653078 2
0.100972 0.114980 0.647135 2
0.158514 0.138479 0.653363 2
0.172968 0.134006 0.654542 2
0.107722 0.188955 0.652670 2
0.148750 0.184027 0.651892 2
0.171745 0.129251 0.654381 2
0.184072 0.137906 0.656247 2
0.152428 0.193624 0.652535 2
0.160853 0.177351 0.653290 2
0.189498 0.139599 0.658648 2
0.101989 0.127632 0.646183 2
0.187967 0.151203 0.657448 2
0.144865 0.095197 0.655598 2
0.110350 0.179245 0.647365 2
0.123436 0.110566 0.648633 2
0.140260 0.130871 0.650694 2
0.131882 0.177602 0.649897 2
0.146271 0.113374 0.651325 2
0.149956 0.181712 0.652026 2
0.082662 0.142131 0.659370 2
0.110337 0.160543 0.647291 2
0.171771 0.154062 0.654479 2
0.165756 0.110307 0.654036 2
0.125943 0.127114 0.649493 2
0.131859 0.150612 0.649779 2
0.129423 0.107170 0.649322 2
0.152375 0.104133 0.652308 2
0.109218 0.181641 0.647581 2
0.154515 0.200693 0.656404 2
0.091359 0.163514 0.645193 2
0.150444 0.098526 0.654147 2
0.113986 0.135029 0.648120 2
0.087031 0.162964 0.647631 2
0.164541 0.186952 0.653899 2
0.169331 0.149271 0.654174 2
0.139034 0.106182 0.650446 2
0.148816 0.127641 0.652182 2
0.159644 0.182029 0.653164 2
0.115125 0.186420 0.647951 2
0.174390 0.116457 0.655450 2
0.124634 0.111761 0.648778 2
0.163282 0.178608 0.653579 2
0.104435 0.185859 0.654204 2
0.147637 0.160578 0.652172 2
0.174227 0.171864 0.654836 2
0.109158 0.179206 0.647224 2
0.160968 0.165685 0.653758 2
0.093692 0.134428 0.645236 2
0.134344 0.122611 0.650463 2
0.172960 0.126916 0.654513 2
0.175437 0.163624 0.654946 2
0.174263 0.118735 0.654973 2
0.149928 0.149928 0.651904 2
0.188017 0.141754 0.657625 2
0.176660 0.166025 0.655099 2
0.180329 0.163774 0.655549 2
0.171739 0.123345 0.654357 2
0.260129 0.190550 0.876661 2
0.128282 0.177486 0.649475 2
0.170517 0.119775 0.654197 2
0.115079 0.122089 0.647696 2
0.129555 0.143624 0.649982 2
0.158575 0.104341 0.653615 2
0.130690 0.190468 0.649797 2
0.137968 0.139142 0.650953 2
0.118786 0.164428 0.648798 2
0.124650 0.132843 0.648862 2
0.085158 0.140363 0.651172 2
0.094199 0.114343 0.656888 2
0.140363 0.122744 0.651170 2
0.153558 0.152382 0.652338 2
0.139097 0.179007 0.650743 2
0.162173 0.156276 0.653863 2
0.159641 0.178491 0.653151 2
0.118026 0.197885 0.651061 2
0.104728 0.189931 0.656040 2
0.174196 0.142309 0.654720 2
0.159757 0.169190 0.653629 2
0.131950 0.196458 0.650228 2
0.113922 0.099755 0.654469 2
0.137881 0.163697 0.650542 2
0.136644 0.090488 0.673358 2
0.175477 0.175477 0.655092 2
0.092671 0.171936 0.646226 2
0.111532 0.165254 0.647450 2
0.145358 0.198323 0.652502 2
0.180993 0.110039 0.666707 2
0.147481 0.116927 0.651482 2
0.096108 0.174159 0.645824 2
0.145483 0.098363 0.653063 2
0.125980 0.175200 0.649685 2
0.111512 0.136033 0.647334 2
0.117514 0.187672 0.648238 2
0.122005 0.097250 0.653501 2
0.123459 0.141013 0.648755 2
0.129433 0.118891 0.649372 2
0.153586 0.183009 0.652457 2
0.182758 0.143723 0.655781 2
0.123549 0.102469 0.649224 2
0.104373 0.139358 0.646509 2
0.118706 0.183030 0.648361 2
0.130743 0.127225 0.650057 2
0.168504 0.108198 0.655551 2
0.180292 0.137731 0.655415 2
0.186632 0.143973 0.656925 2
0.145200 0.136970 0.651794 2
0.090151 0.143660 0.644877 2
0.109126 0.131302 0.647035 2
0.157195 0.154840 0.652779 2
0.127026 0.107123 0.649040 2
0.117465 0.118633 0.647964 2
0.123514 0.193758 0.649041 2
0.176651 0.157745 0.655066 2
0.148694 0.121658 0.651646 2
0.089125 0.134561 0.645874 2
0.110330 0.150025 0.647249 2
0.166691 0.195165 0.657728 2
0.093692 0.133264 0.645231 2
0.107967 0.177999 0.647080 2
0.106745 0.130078 0.646751 2
0.094886 0.150770 0.645439 2
0.104398 0.179051 0.646662 2
0.147544 0.186340 0.651758 2
0.106676 0.103100 0.660774 2
0.090149 0.145983 0.644865 2
0.129492 0.191601 0.649665 2
0.169339 0.157539 0.654208 2
0.147509 0.146334 0.651606 2
0.123497 0.190221 0.648955 2
0.146831 0.093330 0.659112 2
0.188557 0.130265 0.659513 2
0.104380 0.149863 0.646550 2
0.121114 0.093397 0.668097 2
0.169321 0.138642 0.654135 2
0.165662 0.129110 0.653666 2
0.106789 0.183489 0.654168 2
0.141482 0.152050 0.650917 2
0.158512 0.136120 0.653354 2
0.107965 0.175662 0.647070 2
0.150022 0.124136 0.652310 2
0.149045 0.099560 0.653185 2
0.119897 0.176044 0.648475 2
0.188244 0.134800 0.658419 2
0.163724 0.096555 0.664952 2
0.121066 0.139781 0.648472 2
0.147213 0.091015 0.677281 2
0.127119 0.195072 0.649517 2
0.164571 0.123281 0.654015 2
0.084269 0.163233 0.653385 2
0.091333 0.148344 0.645013 2
0.158457 0.190266 0.653129 2
0.174794 0.105592 0.661451 2
0.145125 0.180377 0.651454 2
0.128245 0.130587 0.649286 2
0.102323 0.110604 0.655796 2
0.162023 0.133743 0.653256 2
0.157331 0.169116 0.653344 2
0.134286 0.180025 0.650181 2
0.148754 0.188735 0.651910 2
0.106746 0.131245 0.646756 2
0.111543 0.180454 0.647512 2
0.128259 0.150514 0.649356 2
0.163405 0.172844 0.654072 2
0.181524 0.146047 0.655596 2
0.135498 0.191808 0.650368 2
0.170176 0.106138 0.657440 2
0.152319 0.120561 0.652068 2
0.170518 0.120956 0.654203 2
0.263275 0.187376 0.876607 2
0.139104 0.188407 0.650775 2
0.101991 0.131132 0.646197 2
0.096074 0.156631 0.645600 2
0.190805 0.150385 0.659060 2
0.180413 0.169766 0.655856 2
0.172980 0.106403 0.659086 2
0.107953 0.156969 0.646997 2
0.189369 0.152564 0.658201 2
0.093701 0.149573 0.645295 2
0.148734 0.165194 0.651821 2
0.117480 0.139690 0.648049 2
0.159754 0.165649 0.653615 2
0.147493 0.128689 0.651536 2
0.097257 0.152001 0.645723 2
0.168462 0.101792 0.660018 2
0.175411 0.138793 0.654847 2
0.184058 0.158018 0.656197 2
0.118652 0.109300 0.648065 2
0.140381 0.196768 0.651254 2
0.105781 0.116418 0.655230 2
0.117466 0.119803 0.647969 2
0.185548 0.118727 0.661508 2
0.123480 0.167956 0.648865 2
0.093702 0.150738 0.645300 2
0.164599 0.151620 0.654130 2
0.163397 0.164577 0.654039 2
0.175342 0.109960 0.659028 2
0.102048 0.116043 0.646554 2
0.099615 0.127577 0.645904 2
0.085822 0.141869 0.647324 2
0.112579 0.100791 0.653528 2
0.139042 0.115575 0.650486 2
0.103636 0.191282 0.656615 2
0.168081 0.117361 0.653901 2
0.147541 0.182810 0.651746 2
0.115115 0.106934 0.647894 2
0.122296 0.185492 0.648790 2
0.153524 0.117055 0.652192 2
0.084004 0.162645 0.660569 2
0.152363 0.168835 0.652258 2
0.148737 0.169901 0.651837 2
0.175731 0.190028 0.660491 2
0.187990 0.154780 0.657530 2
0.165837 0.172919 0.654358 2
0.175434 0.160076 0.654932 2
0.148848 0.162968 0.652324 2
0.152964 0.098629 0.654830 2
0.085751 0.129513 0.655707 2
0.184014 0.148513 0.656041 2
0.129547 0.157685 0.649945 2
0.085201 0.139259 0.651499 2
0.101233 0.109521 0.656398 2
0.134383 0.169592 0.650650 2
0.102015 0.169637 0.646347 2
0.147486 0.121632 0.651504 2
0.124834 0.095252 0.655977 2
0.151137 0.149961 0.652044 2
0.091328 0.137865 0.644979 2
0.134372 0.100339 0.650596 2
0.162182 0.164541 0.653896 2
0.134287 0.182373 0.650188 2
0.194246 0.157190 0.662688 2
0.093624 0.118355 0.652874 2
0.160895 0.189184 0.653460 2
0.145215 0.153446 0.651860 2
0.163360 0.127975 0.653892 2
0.123489 0.177333 0.648913 2
0.163404 0.171663 0.654067 2
0.165831 0.167012 0.654334 2
0.097265 0.165992 0.645776 2
0.135566 0.100354 0.650697 2
0.188002 0.142929 0.657572 2
0.186611 0.146327 0.656850 2
0.163391 0.158672 0.654015 2
0.136791 0.172017 0.650943 2
0.157260 0.191422 0.653052 2
0.137878 0.161347 0.650530 2
0.160946 0.143260 0.653668 2
0.156120 0.171438 0.653211 2
0.150877 0.096443 0.656030 2
0.264856 0.193701 0.876607 2
0.082865 0.163942 0.660992 2
0.133170 0.156636 0.650457 2
0.154797 0.183049 0.652599 2
0.130643 0.129472 0.649564 2
0.186643 0.142797 0.656962 2
0.097243 0.128687 0.645630 2
0.153669 0.141894 0.652808 2
0.181606 0.104221 0.691955 2
0.162020 0.130205 0.653243 2
0.153178 0.200491 0.655746 2
0.158659 0.194048 0.653962 2
0.102365 0.187570 0.656062 2
0.143923 0.186218 0.651333 2
0.175404 0.124614 0.654823 2
0.109139 0.149993 0.647109 2
0.110329 0.148857 0.647244 2
0.169106 0.096012 0.686808 2
0.148747 0.180495 0.651879 2
0.176622 0.130546 0.654956 2
0.185293 0.148590 0.656379 2
0.177976 0.174428 0.655592 2
0.142804 0.156908 0.651590 2
0.157170 0.131270 0.652678 2
0.139175 0.142699 0.651108 2
0.166884 0.113811 0.653834 2
0.158442 0.189070 0.653066 2
0.174182 0.123403 0.654666 2
0.175410 0.137611 0.654843 2
0.150234 0.094416 0.658394 2
0.166894 0.145664 0.653875 2
0.166899 0.150386 0.653895 2
0.189718 0.135003 0.659412 2
0.131828 0.113079 0.649628 2
0.165811 0.146928 0.654253 2
0.181894 0.123830 0.656931 2
0.158435 0.186706 0.653039 2
0.123547 0.128231 0.649216 2
0.105863 0.108229 0.655738 2
0.131958 0.144861 0.650269 2
0.124687 0.178543 0.649055 2
0.264859 0.196866 0.876617 2
0.141517 0.192016 0.651073 2
0.146430 0.161720 0.652035 2
0.171763 0.146973 0.654451 2
0.130750 0.136613 0.650095 2
0.103505 0.111785 0.655785 2
0.135786 0.098166 0.651754 2
0.116317 0.184121 0.648084 2
0.266439 0.201608 0.876612 2
0.188662 0.129147 0.659880 2
0.142683 0.146206 0.651036 2
0.103198 0.160335 0.646451 2
0.164439 0.120824 0.653491 2
0.168142 0.176402 0.654141 2
0.091331 0.144850 0.645000 2
0.088871 0.171268 0.652565 2
0.151120 0.132303 0.651971 2
0.125908 0.102483 0.649313 2
0.097249 0.124036 0.645667 2
0.137836 0.112028 0.650329 2
0.113883 0.116219 0.647534 2
0.102415 0.108335 0.656384 2
0.092312 0.120535 0.651925 2
0.134358 0.140226 0.650533 2
0.188804 0.128053 0.660375 2
0.185312 0.153341 0.656446 2
0.159592 0.128970 0.652954 2
0.151713 0.092479 0.670177 2
0.110327 0.145351 0.647231 2
0.181527 0.137772 0.655607 2
0.257006 0.217467 0.876798 2
0.142400 0.095130 0.655137 2
0.082627 0.146826 0.659091 2
0.184408 0.127484 0.657443 2
0.087002 0.136050 0.647415 2
0.160970 0.168046 0.653767 2
0.123455 0.135157 0.648732 2
0.113995 0.147901 0.648171 2
0.112747 0.188690 0.647717 2
0.182317 0.119367 0.658458 2
0.115127 0.188761 0.647962 2
0.092068 0.121389 0.650204 2
0.143858 0.113325 0.651041 2
0.093779 0.171831 0.645833 2
0.121097 0.181938 0.648639 2
0.169587 0.110498 0.655166 2
0.171785 0.168243 0.654535 2
0.139196 0.167388 0.651207 2
0.182771 0.154379 0.655825 2
0.137893 0.177794 0.650601 2
0.154798 0.184227 0.652603 2
0.085244 0.138154 0.651833 2
0.138148 0.199285 0.651802 2
0.147513 0.151039 0.651622 2
0.122300 0.191350 0.648815 2
0.185379 0.159320 0.656684 2
0.122302 0.103576 0.648822 2
0.137838 0.114376 0.650339 2
0.162002 0.113696 0.653173 2
0.129469 0.163448 0.649553 2
0.175406 0.134065 0.654829 2
0.170544 0.145759 0.654303 2
0.153584 0.180653 0.652448 2
0.192491 0.127728 0.664882 2
0.116392 0.170201 0.648498 2
0.141465 0.130899 0.650835 2
0.100818 0.153266 0.646145 2
0.148687 0.105197 0.651615 2
0.152486 0.171326 0.652784 2
0.172978 0.143459 0.654580 2
0.128224 0.107146 0.649181 2
0.140274 0.147317 0.650756 2
0.116316 0.180612 0.648077 2
0.095265 0.179425 0.648015 2
0.094893 0.162424 0.645484 2
0.099631 0.153233 0.646006 2
0.184203 0.165250 0.656715 2
0.176627 0.135276 0.654976 2
0.117579 0.147997 0.648592 2
0.180896 0.115990 0.666349 2
0.089069 0.136805 0.645466 2
0.132215 0.098133 0.651534 2
0.136788 0.167315 0.650924 2
0.107946 0.146456 0.646955 2
0.106768 0.165111 0.646889 2
0.199461 0.111310 0.828298 2
0.130635 0.121262 0.649522 2
0.158826 0.102145 0.654651 2
0.119920 0.192457 0.648600 2
0.174199 0.145855 0.654732 2
0.086912 0.138243 0.646747 2
0.082649 0.143298 0.659270 2
0.139037 0.109704 0.650461 2
0.168293 0.110424 0.654727 2
0.141489 0.160276 0.650948 2
0.092656 0.126455 0.646124 2
0.142661 0.121526 0.650937 2
0.127072 0.165721 0.649279 2
0.170574 0.174115 0.654418 2
0.123466 0.150383 0.648792 2
0.139198 0.169740 0.651217 2
0.164937 0.094514 0.684929 2
0.136767 0.142637 0.650825 2
0.166888 0.139761 0.653851 2
0.089001 0.154152 0.644974 2
0.119904 0.186582 0.648513 2
0.100812 0.143934 0.646108 2
0.117581 0.151510 0.648606 2
0.164497 0.178647 0.653722 2
0.103177 0.127660 0.646323 2
0.128737 0.092314 0.696290 2
0.160115 0.097021 0.659964 2
0.109975 0.102918 0.652067 2
0.182191 0.113644 0.666690 2
0.123492 0.184360 0.648928 2
0.129577 0.171793 0.650094 2
0.119983 0.164464 0.648939 2
0.190418 0.128338 0.661847 2
0.116378 0.139770 0.648419 2
0.168201 0.184726 0.654369 2
0.158415 0.164304 0.652954 2
0.148690 0.118129 0.651630 2
0.173181 0.182638 0.655349 2
0.137898 0.101516 0.650624 2
0.151279 0.174824 0.652655 2
0.135426 0.106113 0.650022 2
0.188190 0.135948 0.658230 2
0.115117 0.174721 0.647908 2
0.107961 0.168652 0.647043 2
0.127085 0.182135 0.649342 2
0.139860 0.091839 0.665543 2
0.124042 0.098176 0.651819 2
0.091336 0.154166 0.645035 2
0.121103 0.190138 0.648671 2
0.158409 0.157231 0.652930 2
0.142788 0.138087 0.651515 2
0.153536 0.128829 0.652244 2
0.181760 0.126107 0.656447 2
0.119684 0.094424 0.666843 2
0.154765 0.148880 0.652465 2
0.148682 0.109895 0.651594 2
0.175268 0.104682 0.663246 2
0.170532 0.117425 0.654257 2
0.226983 0.127332 0.876903 2
0.194382 0.139357 0.663152 2
0.090159 0.140183 0.644939 2
0.172960 0.125735 0.654511 2
0.105554 0.126548 0.646597 2
0.128230 0.114177 0.649210 2
0.129578 0.172966 0.650099 2
0.260137 0.198463 0.876689 2
0.179522 0.119089 0.656922 2
0.179187 0.124780 0.655697 2
0.087902 0.125659 0.654114 2
0.111526 0.155902 0.647412 2
0.123435 0.105885 0.648625 2
0.170576 0.176479 0.654426 2
0.118755 0.097485 0.655081 2
0.163380 0.148045 0.653972 2
0.149902 0.121685 0.651788 2
0.104389 0.165040 0.646610 2
0.107944 0.142952 0.646942 2
0.173005 0.169462 0.654683 2
0.112793 0.136170 0.647984 2
0.143984 0.126353 0.651609 2
0.092513 0.141387 0.645125 2
0.162021 0.131384 0.653247 2
0.146339 0.189830 0.651630 2
0.148826 0.138237 0.652225 2
0.111502 0.120843 0.647278 2
0.119981 0.162120 0.648929 2
0.173010 0.174191 0.654702 2
0.151203 0.102959 0.652330 2
0.162005 0.116054 0.653183 2
0.110341 0.166387 0.647314 2
0.157221 0.184308 0.652888 2
0.189185 0.119517 0.665909 2
0.093711 0.165886 0.645362 2
0.115073 0.112736 0.647660 2
0.159676 0.106647 0.653295 2
0.124426 0.094659 0.660090 2
0.091338 0.156496 0.645045 2
0.142670 0.132102 0.650979 2
0.116310 0.173588 0.648043 2
0.109401 0.186278 0.655678 2
0.130665 0.158790 0.649671 2
0.158517 0.142017 0.653378 2
0.097249 0.138012 0.645667 2
0.129423 0.104826 0.649318 2
0.187581 0.115203 0.668757 2
0.176782 0.120023 0.655551 2
0.136417 0.092334 0.660498 2
0.168139 0.172859 0.654129 2
0.140756 0.089572 0.675607 2
0.155549 0.094760 0.660795 2
0.135494 0.188284 0.650351 2
0.111043 0.102817 0.651430 2
0.173730 0.109693 0.657427 2
0.106774 0.174456 0.646926 2
0.156600 0.092731 0.680910 2
0.185337 0.140335 0.656535 2
0.152473 0.157182 0.652727 2
0.108224 0.110590 0.655712 2
0.263280 0.192123 0.876623 2
0.136779 0.156738 0.650882 2
0.148681 0.108719 0.651589 2
0.099628 0.148568 0.645987 2
0.106763 0.156935 0.646857 2
0.089807 0.173157 0.650817 2
0.193442 0.165893 0.664029 2
0.137018 0.093125 0.657667 2
0.139059 0.134365 0.650563 2
0.153519 0.112346 0.652172 2
0.162186 0.106748 0.653912 2
0.147528 0.167512 0.651690 2
0.084803 0.151476 0.648459 2
0.162171 0.153915 0.653853 2
0.146407 0.135823 0.651931 2
0.141571 0.126298 0.651326 2
0.137966 0.136792 0.650943 2
0.143875 0.129781 0.651115 2
0.163357 0.124434 0.653877 2
0.201476 0.113096 0.830446 2
0.137550 0.095045 0.654551 2
0.112738 0.186340 0.647671 2
0.122374 0.161018 0.649206 2
0.170579 0.178843 0.654437 2
0.121046 0.114029 0.648367 2
0.178163 0.186561 0.665122 2
0.179086 0.151898 0.655329 2
0.094943 0.172994 0.645826 2
0.092538 0.130950 0.645302 2
0.155943 0.107689 0.652469 2
0.085412 0.132536 0.653115 2
0.115195 0.157297 0.648349 2
0.156708 0.093293 0.676078 2
0.148687 0.115776 0.651618 2
0.117459 0.110446 0.647930 2
0.129331 0.095079 0.654783 2
0.166877 0.127958 0.653806 2
0.133102 0.101439 0.650127 2
0.111542 0.179284 0.647506 2
0.103208 0.177845 0.646518 2
0.185331 0.155726 0.656514 2
0.103203 0.169673 0.646488 2
0.139043 0.116750 0.650492 2
0.192219 0.169464 0.663943 2
0.093694 0.136758 0.645245 2
0.194810 0.136067 0.664611 2
0.111528 0.159409 0.647426 2
0.115124 0.185250 0.647947 2
0.114002 0.158434 0.648213 2
0.125828 0.107100 0.648899 2
0.125856 0.103612 0.649047 2
0.096184 0.176628 0.646334 2
0.103182 0.135827 0.646355 2
0.134285 0.178852 0.650180 2
0.189126 0.125885 0.661502 2
0.143985 0.127529 0.651614 2
0.140288 0.163767 0.650823 2
0.171769 0.152881 0.654474 2
0.104388 0.163872 0.646605 2
0.111540 0.176946 0.647496 2
0.111096 0.195741 0.651745 2
0.109532 0.192707 0.649442 2
0.123566 0.152847 0.649314 2
0.117520 0.191189 0.648269 2
0.170558 0.116263 0.654355 2
0.159584 0.120719 0.652921 2
0.109609 0.104920 0.649899 2
0.142669 0.129753 0.650973 2
0.132560 0.202081 0.653238 2
0.096545 0.181973 0.648763 2
0.100336 0.189392 0.658279 2
0.191093 0.137515 0.660054 2
0.118758 0.125778 0.648644 2
0.159729 0.139689 0.653511 2
0.122293 0.178465 0.648775 2
0.123567 0.154019 0.649319 2
0.130644 0.131816 0.649570 2
0.190245 0.112389 0.696161 2
0.121967 0.200921 0.653296 2
0.153568 0.160628 0.652378 2
0.140367 0.127446 0.651189 2
0.104359 0.118351 0.646422 2
0.119891 0.167848 0.648444 2
0.151246 0.139476 0.652514 2
0.136628 0.106136 0.650163 2
0.112961 0.104767 0.648952 2
0.134348 0.127308 0.650481 2
0.151998 0.092176 0.676828 2
0.122245 0.117566 0.648522 2
0.156284 0.094010 0.663916 2
0.117512 0.184160 0.648225 2
0.117830 0.196383 0.649978 2
0.082683 0.140977 0.659536 2
0.169309 0.128014 0.654091 2
0.181534 0.154334 0.655632 2
0.136944 0.089470 0.674839 2
0.178020 0.175654 0.655755 2
0.143917 0.177987 0.651306 2
0.154892 0.193762 0.652999 2
0.113982 0.130349 0.648101 2
0.094877 0.134457 0.645375 2
0.169344 0.162264 0.654227 2
0.122449 0.196270 0.649604 2
0.162539 0.103434 0.655337 2
0.123460 0.142184 0.648760 2
0.105884 0.104701 0.655871 2
0.171796 0.177700 0.654576 2
0.093706 0.157728 0.645327 2
0.127097 0.193866 0.649403 2
0.160805 0.128998 0.653096 2
0.184106 0.135563 0.656367 2
0.137954 0.122691 0.650887 2
0.103174 0.122992 0.646302 2
0.182845 0.133140 0.656092 2
0.162070 0.180929 0.653445 2
0.090981 0.175505 0.650816 2
0.099621 0.138072 0.645946 2
0.147635 0.158223 0.652163 2
0.122368 0.152813 0.649174 2
0.169336 0.153995 0.654193 2
0.136698 0.189499 0.650497 2
0.109315 0.102224 0.655159 2
0.189964 0.166144 0.660268 2
0.165664 0.131470 0.653675 2
0.107947 0.148792 0.646965 2
0.113221 0.097646 0.664212 2
0.179077 0.130614 0.655295 2
0.164453 0.134981 0.653546 2
0.139159 0.123893 0.651033 2
0.141510 0.183786 0.651041 2
0.106771 0.169783 0.646907 2
0.137901 0.189541 0.650638 2
0.125894 0.191476 0.649243 2
0.184023 0.153254 0.656072 2
0.156010 0.185446 0.652750 2
0.159593 0.130148 0.652958 2
0.137998 0.174406 0.651094 2
0.176639 0.145919 0.655020 2
0.154740 0.106494 0.652359 2
0.135729 0.199187 0.651480 2
0.082620 0.148002 0.659036 2
0.128293 0.192733 0.649530 2
0.099643 0.174230 0.646089 2
0.157427 0.103183 0.653744 2
0.171815 0.116315 0.654649 2
0.124906 0.197621 0.650193 2
0.154750 0.133568 0.652402 2
0.092520 0.155364 0.645179 2
0.176659 0.164842 0.655094 2
0.123451 0.130472 0.648712 2
0.162022 0.132563 0.653252 2
0.175441 0.167171 0.654960 2
0.179083 0.148349 0.655316 2
0.142821 0.175734 0.651665 2
0.163402 0.169301 0.654058 2
0.135490 0.182412 0.650330 2
0.258541 0.177895 0.876640 2
0.180672 0.175933 0.656798 2
0.084182 0.137164 0.652717 2
0.094126 0.178313 0.648219 2
0.148856 0.195926 0.652359 2
0.096241 0.177900 0.646717 2
0.145084 0.134511 0.651271 2
0.135436 0.117847 0.650073 2
0.172987 0.151732 0.654613 2
0.086798 0.154373 0.645898 2
0.100806 0.134602 0.646071 2
0.159647 0.185567 0.653177 2
0.099827 0.182725 0.647281 2
0.106832 0.110374 0.654431 2
0.130765 0.155394 0.650170 2
0.189381 0.153761 0.658243 2
0.174207 0.152948 0.654761 2
0.184040 0.155635 0.656131 2
0.159762 0.173911 0.653648 2
0.130657 0.149406 0.649632 2
0.135460 0.147188 0.650188 2
0.103503 0.109418 0.655775 2
0.115186 0.144421 0.648297 2
0.142688 0.152083 0.651058 2
0.144010 0.155766 0.651727 2
0.090137 0.124307 0.653211 2
0.158199 0.091719 0.682514 2
0.110253 0.101998 0.653712 2
0.182476 0.118282 0.659032 2
0.145115 0.169790 0.651411 2
0.151101 0.112297 0.651888 2
0.117588 0.160879 0.648644 2
0.136766 0.141462 0.650821 2
0.131941 0.123731 0.650185 2
0.260138 0.200046 0.876694 2
0.187206 0.169377 0.658944 2
0.105556 0.130049 0.646611 2
0.135487 0.177717 0.650319 2
0.154779 0.161841 0.652524 2
0.092516 0.147211 0.645147 2
0.139087 0.166082 0.650694 2
0.117511 0.182990 0.648221 2
0.147834 0.198486 0.653039 2
0.158547 0.172693 0.653501 2
0.104368 0.131188 0.646476 2
0.131398 0.096044 0.653316 2
0.093714 0.128639 0.645387 2
0.142716 0.185002 0.651187 2
0.087338 0.131886 0.649912 2
0.160928 0.190402 0.653595 2
0.139105 0.101541 0.650781 2
0.146478 0.197068 0.652246 2
0.133070 0.163553 0.649971 2
0.154780 0.164196 0.652528 2
0.117099 0.099446 0.652441 2
0.094884 0.147274 0.645426 2
0.094886 0.127485 0.645437 2
0.171768 0.151699 0.654469 2
0.175627 0.117676 0.655654 2
0.128350 0.137727 0.649818 2
0.175439 0.164806 0.654951 2
0.143630 0.091511 0.671948 2
0.098443 0.150868 0.645857 2
0.141676 0.198111 0.651807 2
0.135493 0.187109 0.650346 2
0.123490 0.178504 0.648915 2
0.109395 0.183105 0.648628 2
0.116386 0.151477 0.648466 2
0.122283 0.166749 0.648721 2
0.160808 0.132534 0.653109 2
0.113927 0.179362 0.647788 2
0.157198 0.159553 0.652792 2
0.164730 0.106868 0.654647 2
0.122263 0.140982 0.648614 2
0.087922 0.140325 0.645593 2
0.097248 0.135681 0.645658 2
0.163394 0.162215 0.654029 2
0.149925 0.091179 0.678497 2
0.152362 0.167657 0.652253 2
0.111523 0.152396 0.647399 2
0.136704 0.194202 0.650526 2
0.104684 0.110599 0.655764 2
0.115192 0.152615 0.648330 2
0.112732 0.176984 0.647636 2
0.176776 0.176776 0.655528 2
0.145508 0.199705 0.653175 2
0.196087 0.143317 0.664876 2
0.147511 0.148686 0.651614 2
0.175415 0.142340 0.654862 2
0.154751 0.134745 0.652406 2
0.164586 0.138630 0.654077 2
0.088077 0.163904 0.646732 2
0.142754 0.195626 0.651361 2
0.141506 0.177910 0.651024 2
0.166897 0.148025 0.653885 2
0.163384 0.151587 0.653987 2
0.096342 0.118530 0.647397 2
0.114014 0.105828 0.648279 2
0.249148 0.236493 0.876974 2
0.134369 0.153146 0.650585 2
0.135661 0.099250 0.651151 2
0.125833 0.114128 0.648929 2
0.170575 0.175297 0.654422 2
0.135174 0.095035 0.654479 2
0.127603 0.092402 0.696955 2
0.178534 0.113613 0.666506 2
0.127151 0.138870 0.649681 2
0.176665 0.169574 0.655116 2
0.162158 0.140930 0.653801 2
0.135563 0.142606 0.650684 2
0.113889 0.123234 0.647573 2
0.105621 0.187049 0.654237 2
0.137902 0.190716 0.650643 2
0.182997 0.105551 0.692496 2
0.097252 0.142675 0.645685 2
0.165920 0.189538 0.654684 2
0.125871 0.160998 0.649125 2
0.144269 0.199622 0.652901 2
0.147531 0.171042 0.651704 2
0.082650 0.154002 0.659276 2
0.092523 0.160024 0.645198 2
0.117580 0.150339 0.648601 2
0.139470 0.089529 0.675284 2
0.181708 0.169870 0.656258 2
0.140387 0.100444 0.651279 2
0.087863 0.150705 0.645160 2
0.171779 0.117471 0.654512 2
0.097246 0.133350 0.645649 2
0.116378 0.140941 0.648424 2
0.158384 0.133655 0.652829 2
0.124641 0.119959 0.648813 2
0.105580 0.167411 0.646758 2
0.098445 0.154366 0.645871 2
0.112689 0.113856 0.647384 2
0.181638 0.167439 0.656008 2
0.173325 0.112987 0.655894 2
0.093710 0.164720 0.645357 2
0.091712 0.124425 0.647689 2
0.152313 0.115852 0.652044 2
0.171961 0.193382 0.659738 2
0.116395 0.164357 0.648517 2
0.121065 0.137441 0.648466 2
0.087806 0.170308 0.653398 2
0.178740 0.191980 0.667276 2
0.185312 0.143868 0.656445 2
0.146590 0.198397 0.652747 2
0.168119 0.153962 0.654051 2
0.182995 0.128511 0.656628 2
0.113931 0.186380 0.647811 2
0.187689 0.124530 0.660644 2
0.104390 0.166207 0.646614 2
0.099619 0.133407 0.645927 2
0.154863 0.124244 0.652879 2
0.085730 0.148715 0.646627 2
0.166318 0.104762 0.656254 2
0.109144 0.157003 0.647137 2
0.154911 0.173759 0.653078 2
0.119876 0.146775 0.648364 2
0.111900 0.193921 0.649586 2
0.134313 0.092152 0.667810 2
0.180304 0.148381 0.655458 2
0.135447 0.129584 0.650127 2
0.122263 0.142153 0.648619 2
0.174236 0.175417 0.654872 2
0.098524 0.178975 0.646389 2
0.179661 0.113565 0.666226 2
0.163238 0.134951 0.653403 2
0.181542 0.135417 0.655659 2
0.145098 0.149797 0.651333 2
0.260143 0.204794 0.876711 2
0.174212 0.157676 0.654779 2
0.130780 0.174178 0.650245 2
0.107942 0.140616 0.646932 2
0.119977 0.157434 0.648911 2
0.159594 0.131327 0.652962 2
0.157204 0.166625 0.652819 2
0.092522 0.158859 0.645193 2
0.191378 0.163953 0.661038 2
0.163373 0.140961 0.653944 2
0.186628 0.153450 0.656912 2
0.095656 0.182510 0.650677 2
0.104396 0.176716 0.646654 2
0.133179 0.168381 0.650504 2
0.172967 0.132824 0.654538 2
0.192708 0.171096 0.665634 2
0.189421 0.141918 0.658382 2
0.111518 0.144214 0.647366 2
0.145221 0.160508 0.651888 2
0.119853 0.116345 0.648236 2
0.100855 0.180140 0.646385 2
0.131954 0.140165 0.650250 2
0.137898 0.186016 0.650625 2
0.105586 0.177922 0.646799 2
0.123491 0.183188 0.648923 2
0.126442 0.200543 0.652068 2
0.154768 0.151237 0.652476 2
0.115188 0.146762 0.648307 2
0.136789 0.168491 0.650929 2
0.184089 0.136735 0.656309 2
0.122370 0.155158 0.649183 2
0.134246 0.129556 0.649986 2
0.165814 0.150472 0.654268 2
0.131844 0.130672 0.649707 2
0.164462 0.111410 0.653585 2
0.151234 0.126518 0.652462 2
0.107247 0.190466 0.649790 2
0.140623 0.093155 0.657883 2
0.089162 0.164921 0.646144 2
0.147605 0.125259 0.652030 2
0.195870 0.147951 0.664140 2
0.114008 0.166627 0.648245 2
0.097707 0.183128 0.648709 2
0.093931 0.175611 0.646881 2
0.147621 0.142916 0.652101 2
0.184513 0.116441 0.662078 2
0.266437 0.200026 0.876607 2
0.181886 0.173591 0.656901 2
0.206664 0.112936 0.851830 2
0.127061 0.150482 0.649218 2
0.114400 0.098989 0.657216 2
0.154975 0.092985 0.673847 2
0.145066 0.115701 0.651193 2
0.145650 0.097297 0.653813 2
0.186729 0.159460 0.657264 2
0.138035 0.197949 0.651271 2
0.089906 0.125163 0.651534 2
0.146272 0.114550 0.651330 2
0.143993 0.136941 0.651652 2
0.104416 0.117249 0.646774 2
0.091341 0.135557 0.645067 2
0.121149 0.123490 0.648916 2
0.137323 0.096067 0.653474 2
0.152314 0.117029 0.652050 2
0.124676 0.164478 0.648995 2
0.162478 0.098201 0.659890 2
0.162244 0.093152 0.683995 2
0.143443 0.091828 0.665460 2
0.108241 0.190152 0.648722 2
0.158412 0.161946 0.652945 2
0.168147 0.181127 0.654160 2
0.165166 0.103599 0.656381 2
0.148858 0.173570 0.652366 2
0.186600 0.147503 0.656812 2
0.129429 0.114202 0.649351 2
0.145222 0.161685 0.651893 2
0.100800 0.125272 0.646033 2
0.097473 0.180354 0.647154 2
0.119975 0.153919 0.648897 2
0.141469 0.102727 0.650855 2
0.166870 0.120878 0.653781 2
0.149197 0.098482 0.653850 2
0.128269 0.162240 0.649409 2
0.119955 0.126977 0.648789 2
0.088407 0.129390 0.649157 2
0.146428 0.159365 0.652025 2
0.109130 0.135974 0.647054 2
0.101986 0.122966 0.646162 2
0.177928 0.172017 0.655418 2
0.093692 0.130937 0.645235 2
0.128365 0.156500 0.649892 2
0.123567 0.155191 0.649324 2
0.110345 0.172232 0.647337 2
0.127070 0.162205 0.649269 2
0.173566 0.186598 0.656804 2
0.117565 0.129263 0.648518 2
0.097904 0.184669 0.650014 2
0.102017 0.173138 0.646360 2
0.084221 0.129616 0.662275 2
0.130643 0.128299 0.649561 2
0.147526 0.165158 0.651679 2
0.099616 0.128743 0.645909 2
0.177876 0.161329 0.655224 2
0.133140 0.091886 0.693058 2
0.099625 0.143903 0.645969 2
0.104381 0.152198 0.646559 2
0.168108 0.143334 0.654007 2
0.174844 0.192746 0.661641 2
0.110334 0.155869 0.647272 2
0.157201 0.161911 0.652805 2
0.169614 0.187343 0.655268 2
0.116312 0.175929 0.648053 2
0.168089 0.123265 0.653935 2
0.171563 0.106262 0.658210 2
0.128223 0.105974 0.649175 2
0.082946 0.150009 0.652252 2
0.152376 0.182969 0.652314 2
0.179070 0.132973 0.655270 2
0.109151 0.168688 0.647183 2
0.121148 0.122318 0.648911 2
0.109149 0.165183 0.647169 2
0.116393 0.162015 0.648508 2
0.106741 0.124240 0.646726 2
0.125965 0.155259 0.649606 2
0.166745 0.102658 0.657939 2
0.158490 0.105464 0.653265 2
0.091535 0.170826 0.646437 2
0.146330 0.178064 0.651589 2
0.131860 0.151785 0.649784 2
0.156862 0.199482 0.656315 2
0.170564 0.164662 0.654379 2
0.189607 0.161077 0.659027 2
0.264863 0.200031 0.876628 2
0.179749 0.118053 0.657756 2
0.263290 0.201618 0.876656 2
0.180335 0.130669 0.655571 2
0.138761 0.092309 0.660317 2
0.170559 0.159936 0.654359 2
0.151150 0.165265 0.652102 2
0.094129 0.182930 0.656397 2
0.097267 0.168324 0.645786 2
0.153598 0.191261 0.652504 2
0.141584 0.140409 0.651382 2
0.107928 0.119596 0.646849 2
0.192196 0.128730 0.663864 2
0.136635 0.114351 0.650198 2
0.147001 0.201314 0.654576 2
0.137999 0.175581 0.651098 2
0.170549 0.150485 0.654322 2
0.133176 0.164857 0.650490 2
0.151277 0.173645 0.652651 2
0.168102 0.137431 0.653986 2
0.134936 0.096046 0.653331 2
0.165652 0.119670 0.653628 2
0.106752 0.140586 0.646793 2
0.182798 0.136655 0.655921 2
0.122240 0.111712 0.648497 2
0.147547 0.189871 0.651772 2
0.122286 0.171434 0.648737 2
0.142686 0.150907 0.651052 2
0.185733 0.109439 0.693381 2
0.144024 0.172242 0.651793 2
0.118658 0.117489 0.648100 2
0.170570 0.170570 0.654403 2
0.130656 0.148233 0.649627 2
0.146289 0.133364 0.651408 2
0.142807 0.160438 0.651604 2
0.110344 0.171063 0.647332 2
0.098440 0.121740 0.645840 2
0.124689 0.183228 0.649064 2
0.151107 0.118181 0.651914 2
0.109146 0.160509 0.647150 2
0.102001 0.146298 0.646257 2
0.162170 0.152735 0.653849 2
0.249067 0.154184 0.876689 2
0.176630 0.137641 0.654986 2
0.154799 0.185406 0.652607 2
0.164498 0.179827 0.653726 2
0.109152 0.169857 0.647187 2
0.167901 0.094793 0.686947 2
0.143928 0.192100 0.651356 2
0.110328 0.146520 0.647235 2
0.133097 0.194075 0.650103 2
0.091342 0.161158 0.645079 2
0.175541 0.177906 0.655334 2
0.129467 0.161102 0.649543 2
0.131952 0.137817 0.650241 2
0.126771 0.096110 0.653762 2
0.181551 0.134241 0.655692 2
0.117459 0.111616 0.647935 2
0.091600 0.172114 0.646896 2
0.170794 0.111695 0.655259 2
0.261702 0.188963 0.876634 2
0.177873 0.158963 0.655214 2
0.102016 0.171970 0.646356 2
0.173009 0.173009 0.654697 2
0.140304 0.159089 0.650895 2
0.106754 0.142922 0.646802 2
0.164450 0.132621 0.653537 2
0.137854 0.133161 0.650418 2
0.168388 0.109305 0.655099 2
0.123505 0.094866 0.661538 2
0.110317 0.130162 0.647171 2
0.166884 0.135041 0.653836 2
0.091485 0.169569 0.646089 2
0.121190 0.194958 0.649139 2
0.093693 0.135593 0.645241 2
0.092821 0.117653 0.655523 2
0.121151 0.125833 0.648925 2
0.137843 0.120246 0.650365 2
0.116268 0.115100 0.647810 2
0.143860 0.103931 0.651047 2
0.148766 0.092606 0.662438 2
0.085151 0.157969 0.651118 2
0.142805 0.158085 0.651595 2
0.151249 0.143010 0.652528 2
0.107940 0.137113 0.646919 2
0.183489 0.121732 0.658403 2
0.105574 0.158069 0.646722 2
0.094888 0.154266 0.645452 2
0.098434 0.135710 0.645797 2
0.258542 0.179477 0.876645 2
0.094414 0.117870 0.650202 2
0.125991 0.196312 0.649743 2
0.102183 0.115029 0.647410 2
0.167100 0.109235 0.654679 2
0.158385 0.134834 0.652833 2
0.152487 0.172504 0.652788 2
0.123444 0.121104 0.648677 2
0.096077 0.161293 0.645618 2
0.166373 0.094629 0.685757 2
0.095415 0.180879 0.649038 2
0.136693 0.183627 0.650475 2
0.162145 0.127947 0.653749 2
0.180405 0.127171 0.655827 2
0.154909 0.172580 0.653073 2
0.133059 0.149471 0.649915 2
0.148741 0.203260 0.657047 2
0.084084 0.155819 0.651951 2
0.112801 0.099670 0.661743 2
0.152708 0.197518 0.653736 2
0.098488 0.177745 0.646157 2
0.108089 0.100923 0.662130 2
0.128830 0.091330 0.670623 2
0.096059 0.129825 0.645496 2
0.163231 0.111374 0.653374 2
0.182761 0.148456 0.655789 2
0.171761 0.144610 0.654441 2
0.125864 0.151623 0.649089 2
0.122577 0.100290 0.650281 2
0.185403 0.160524 0.656767 2
0.163221 0.118439 0.653336 2
0.143933 0.094178 0.656741 2
0.153591 0.188900 0.652478 2
0.170520 0.122137 0.654210 2
0.089051 0.137942 0.645337 2
0.160962 0.159783 0.653734 2
0.124752 0.137637 0.649394 2
0.139272 0.099312 0.651560 2
0.090447 0.120005 0.655453 2
0.157289 0.125477 0.653169 2
0.103188 0.145163 0.646392 2
0.137921 0.195437 0.650733 2
0.172999 0.163552 0.654660 2
0.085850 0.140748 0.647537 2
0.186704 0.158254 0.657179 2
0.140949 0.096129 0.653890 2
0.129464 0.102517 0.649526 2
0.163383 0.189336 0.653985 2
0.096066 0.142644 0.645546 2
0.164443 0.122006 0.653506 2
0.164272 0.101410 0.657540 2
0.146396 0.124055 0.651884 2
0.142670 0.130927 0.650976 2
0.134261 0.150678 0.650062 2
0.083051 0.157267 0.653079 2
0.168082 0.118542 0.653909 2
0.145059 0.107473 0.651159 2
0.154881 0.143103 0.652955 2
0.105560 0.137053 0.646639 2
0.171166 0.108385 0.656687 2
0.135895 0.200607 0.652276 2
0.136638 0.117873 0.650214 2
0.261712 0.198458 0.876667 2
0.140246 0.115600 0.650627 2
0.152372 0.178258 0.652297 2
0.189345 0.148983 0.658117 2
0.129454 0.145855 0.649475 2
0.118709 0.187713 0.648378 2
0.141515 0.190840 0.651068 2
0.163364 0.107926 0.653908 2
0.158369 0.108915 0.652765 2
0.118711 0.188884 0.648385 2
0.118792 0.103577 0.648828 2
0.124691 0.186744 0.649076 2
0.129549 0.136584 0.649954 2
0.122759 0.092523 0.670497 2
0.148824 0.135882 0.652215 2
0.092515 0.144881 0.645138 2
0.169340 0.115057 0.654211 2
0.155515 0.199272 0.655625 2
0.152439 0.103000 0.652585 2
0.097577 0.181715 0.647842 2
0.168145 0.179945 0.654153 2
0.103199 0.162670 0.646461 2
0.158382 0.097877 0.657710 2
0.152382 0.190037 0.652341 2
0.134388 0.175467 0.650674 2
0.127094 0.192690 0.649387 2
0.085931 0.159586 0.648144 2
0.174178 0.125762 0.654652 2
0.165806 0.142204 0.654235 2
0.102002 0.148632 0.646266 2
0.102009 0.159134 0.646307 2
0.163234 0.130233 0.653385 2
0.155272 0.197779 0.654600 2
0.141569 0.123947 0.651316 2
0.162187 0.190496 0.653916 2
0.094894 0.163590 0.645490 2
0.107967 0.185845 0.654153 2
0.151105 0.117004 0.651908 2
0.166866 0.118516 0.653764 2
0.135560 0.139081 0.650670 2
0.157509 0.195264 0.654086 2
0.096072 0.151968 0.645583 2
0.091683 0.173438 0.647483 2
0.116377 0.192403 0.648417 2
0.139107 0.191933 0.650791 2
0.124630 0.105906 0.648758 2
0.159825 0.192852 0.653907 2
0.165789 0.125669 0.654168 2
0.160965 0.162144 0.653744 2
0.099642 0.171896 0.646078 2
0.123744 0.100285 0.650249 2
0.128341 0.125997 0.649771 2
0.164159 0.196161 0.657091 2
0.112799 0.144359 0.648016 2
0.133530 0.093174 0.658013 2
0.094918 0.171784 0.645656 2
0.113988 0.138539 0.648134 2
0.105564 0.142891 0.646662 2
0.154885 0.146640 0.652969 2
0.084040 0.146336 0.651616 2
0.141467 0.134423 0.650846 2
0.117860 0.101442 0.650146 2
0.135564 0.143780 0.650688 2
0.169734 0.188659 0.655731 2
0.129556 0.144798 0.649987 2
0.176655 0.161294 0.655080 2
0.150058 0.163004 0.652466 2
0.149964 0.189954 0.652056 2
0.123435 0.109395 0.648628 2
0.155995 0.168946 0.652688 2
0.152327 0.129978 0.652106 2
0.130622 0.106020 0.649458 2
0.142719 0.188530 0.651200 2
0.084360 0.164590 0.654094 2
0.109449 0.115301 0.648946 2
0.127087 0.185653 0.649354 2
0.165748 0.185803 0.654007 2
0.127156 0.144735 0.649704 2
0.139536 0.200767 0.652795 2
0.137865 0.146078 0.650468 2
0.153672 0.145429 0.652822 2
0.123544 0.124715 0.649202 2
0.137880 0.162522 0.650536 2
0.185489 0.133339 0.657074 2
0.148830 0.142947 0.652243 2
0.117562 0.124580 0.648499 2
0.095527 0.112141 0.657872 2
0.123454 0.133986 0.648727 2
0.131283 0.093265 0.658654 2
0.171776 0.158789 0.654498 2
0.146302 0.146302 0.651463 2
0.156093 0.143135 0.653097 2
0.137853 0.102656 0.650410 2
0.154737 0.119436 0.652346 2
0.131821 0.104871 0.649594 2
0.124630 0.107076 0.648758 2
0.158024 0.092847 0.681756 2
0.154973 0.195042 0.653340 2
0.134385 0.171942 0.650660 2
0.127070 0.161033 0.649265 2
0.117564 0.128092 0.648513 2
0.189433 0.156179 0.658424 2
0.175447 0.171903 0.654982 2
0.146424 0.154656 0.652007 2
0.136573 0.203972 0.655529 2
0.158543 0.167973 0.653482 2
0.122301 0.192521 0.648818 2
0.148704 0.133422 0.651692 2
0.260122 0.184220 0.876640 2
0.114497 0.101579 0.651026 2
0.106557 0.107735 0.652747 2
0.110708 0.104851 0.649469 2
0.193064 0.134487 0.662733 2
0.087453 0.167277 0.650774 2
0.190816 0.145639 0.659099 2
0.133144 0.124932 0.650331 2
0.175407 0.135247 0.654833 2
0.150285 0.099601 0.653455 2
0.097245 0.131019 0.645640 2
0.154231 0.098684 0.655196 2
0.129444 0.129444 0.649423 2
0.166912 0.162193 0.653943 2
0.160979 0.176310 0.653801 2
0.104391 0.167375 0.646619 2
0.103170 0.118325 0.646281 2
0.148745 0.178142 0.651872 2
0.099636 0.162564 0.646042 2
0.107963 0.184658 0.654127 2
0.179093 0.157814 0.655353 2
0.181763 0.171105 0.656456 2
0.174224 0.169500 0.654826 2
0.128312 0.195104 0.649623 2
0.130682 0.178736 0.649758 2
0.116314 0.178270 0.648063 2
0.185313 0.119768 0.660672 2
0.137842 0.119072 0.650361 2
0.124652 0.135186 0.648873 2
0.123631 0.101365 0.649655 2
0.084044 0.152220 0.651647 2
0.153410 0.093717 0.661851 2
0.094259 0.118848 0.649135 2
0.110416 0.187532 0.647755 2
0.137840 0.116724 0.650350 2
0.151171 0.095445 0.657305 2
0.162144 0.126767 0.653744 2
0.116266 0.111592 0.647795 2
0.113085 0.098725 0.663413 2
0.133107 0.176499 0.650152 2
0.113879 0.111543 0.647514 2
0.104383 0.154533 0.646568 2
0.086780 0.146187 0.645765 2
0.111508 0.115011 0.647312 2
0.175650 0.107772 0.660187 2
0.124637 0.104742 0.648796 2
0.191464 0.133011 0.661336 2
0.129553 0.141277 0.649973 2
0.124757 0.143500 0.649418 2
0.127062 0.151654 0.649225 2
0.104384 0.156868 0.646577 2
0.196792 0.139018 0.667265 2
0.089037 0.139084 0.645235 2
0.143921 0.183866 0.651325 2
0.084069 0.154617 0.651839 2
0.148753 0.187558 0.651905 2
0.112736 0.182832 0.647659 2
0.094633 0.116969 0.651715 2
0.130764 0.154220 0.650165 2
0.109136 0.145320 0.647091 2
0.092515 0.146046 0.645143 2
0.133019 0.203962 0.655496 2
0.118699 0.173664 0.648324 2
0.126804 0.202297 0.653935 2
0.090346 0.176559 0.654725 2
0.153178 0.097584 0.655746 2
0.109148 0.164014 0.647164 2
0.157151 0.108888 0.652599 2
0.175443 0.168354 0.654965 2
0.155938 0.110039 0.652447 2
0.185379 0.137998 0.656684 2
0.134379 0.164893 0.650632 2
0.127058 0.148137 0.649206 2
0.168107 0.142153 0.654003 2
0.139033 0.105008 0.650441 2
0.145099 0.152149 0.651341 2
0.157310 0.147883 0.653259 2
0.131117 0.092447 0.669947 2
0.113991 0.142050 0.648147 2
0.085762 0.153438 0.646868 2
0.180310 0.154298 0.655482 2
0.169528 0.186067 0.654935 2
0.192935 0.135592 0.662289 2
0.100805 0.132270 0.646062 2
0.136667 0.151918 0.650351 2
0.123490 0.182017 0.648919 2
0.180297 0.142465 0.655434 2
0.164495 0.176286 0.653713 2
0.084100 0.157025 0.652075 2
0.129430 0.115375 0.649357 2
0.172106 0.111780 0.655756 2
0.192849 0.161802 0.661993 2
0.141580 0.135705 0.651364 2
0.172997 0.161188 0.654650 2
0.158732 0.096904 0.659162 2
0.177670 0.117060 0.658843 2
0.180301 0.146015 0.655449 2
0.098452 0.167194 0.645919 2
0.110595 0.105914 0.648803 2
0.168941 0.192652 0.657249 2
0.160633 0.096141 0.662098 2
0.104727 0.188746 0.656035 2
0.146425 0.155834 0.652011 2
0.183689 0.177745 0.659121 2
0.151118 0.128773 0.651961 2
0.153574 0.170049 0.652405 2
0.090401 0.128894 0.646668 2
0.160859 0.184428 0.653315 2
0.087889 0.155407 0.645355 2
0.177896 0.169622 0.655299 2
0.102021 0.178974 0.646386 2
0.125862 0.148107 0.649075 2
0.261707 0.193710 0.876650 2
0.158373 0.121871 0.652784 2
0.145127 0.183906 0.651466 2
0.101196 0.184258 0.648569 2
0.145182 0.195731 0.651711 2
0.171778 0.161153 0.654507 2
0.112796 0.140849 0.648003 2
0.121052 0.121052 0.648395 2
0.085807 0.155853 0.647209 2
0.097253 0.143841 0.645690 2
0.195857 0.133183 0.668182 2
0.100430 0.107561 0.658894 2
0.128425 0.100277 0.650197 2
0.166902 0.152748 0.653904 2
0.160797 0.120745 0.653064 2
0.085745 0.152242 0.646745 2
0.157399 0.193949 0.653627 2
0.176700 0.122330 0.655245 2
0.174198 0.144673 0.654727 2
0.184940 0.115513 0.663608 2
0.163372 0.139780 0.653939 2
0.090171 0.158818 0.645023 2
0.099621 0.136906 0.645941 2
0.147392 0.089903 0.678103 2
0.082977 0.144179 0.652493 2
0.159745 0.191576 0.653578 2
0.092704 0.125355 0.646462 2
0.174200 0.147037 0.654737 2
0.092547 0.167050 0.645364 2
0.110486 0.112824 0.648164 2
0.148679 0.106367 0.651579 2
0.159583 0.119540 0.652915 2
0.189584 0.137285 0.658946 2
0.133273 0.099221 0.650964 2
0.101992 0.132298 0.646202 2
0.085300 0.161776 0.652261 2
0.145134 0.192141 0.651498 2
0.112701 0.109197 0.647456 2
0.115196 0.158468 0.648353 2
0.107935 0.130106 0.646891 2
0.144023 0.171065 0.651789 2
0.123543 0.122372 0.649193 2
0.149962 0.188776 0.652052 2
0.097699 0.115250 0.648655 2
0.139170 0.196717 0.651085 2
0.142648 0.107426 0.650876 2
0.104395 0.174380 0.646645 2
0.094891 0.158928 0.645470 2
0.170555 0.156392 0.654345 2
0.104492 0.187140 0.654557 2
0.119893 0.171359 0.648455 2
0.121068 0.143293 0.648484 2
0.140364 0.123920 0.651175 2
0.086555 0.131305 0.652853 2
0.087880 0.154226 0.645284 2
0.153564 0.158271 0.652363 2
0.129631 0.197673 0.650365 2
0.140365 0.125095 0.651179 2
0.157252 0.105423 0.653016 2
0.142702 0.168541 0.651125 2
0.116392 0.159673 0.648498 2
0.169325 0.143365 0.654150 2
0.121048 0.105844 0.648378 2
0.114005 0.163115 0.648231 2
0.242757 0.144705 0.876744 2
0.111504 0.110336 0.647286 2
0.174223 0.168317 0.654822 2
0.103179 0.131160 0.646337 2
0.119150 0.197801 0.650785 2
0.266431 0.193696 0.876585 2
0.125887 0.183268 0.649205 2
0.145096 0.147446 0.651325 2
0.117457 0.109276 0.647924 2
0.163287 0.184509 0.653601 2
0.155949 0.120640 0.652494 2
0.137786 0.204018 0.655675 2
0.177978 0.122397 0.655601 2
0.141454 0.119150 0.650785 2
0.152526 0.101881 0.652958 2
0.106915 0.186067 0.654935 2
0.165383 0.098513 0.661987 2
0.130715 0.101406 0.649918 2
0.116394 0.163186 0.648512 2
0.164164 0.095813 0.676653 2
0.153590 0.187722 0.652474 2
0.133070 0.153001 0.649971 2
0.111530 0.162916 0.647440 2
0.180640 0.106934 0.669856 2
0.156123 0.173797 0.653220 2
0.095117 0.120793 0.647011 2
0.091334 0.150673 0.645022 2
0.179274 0.112121 0.664790 2
0.143856 0.110975 0.651032 2
0.117563 0.125751 0.648504 2
0.093802 0.125263 0.645988 2
0.176636 0.143554 0.655010 2
0.104741 0.191138 0.656122 2
0.151251 0.145366 0.652537 2
0.123909 0.199076 0.651116 2
0.146412 0.141708 0.651955 2
0.129485 0.184560 0.649632 2
0.157333 0.171475 0.653354 2
0.129542 0.127197 0.649916 2
0.132376 0.097075 0.652327 2
0.104396 0.175548 0.646650 2
0.166925 0.175182 0.653994 2
0.135584 0.167279 0.650782 2
0.122269 0.149179 0.648647 2
0.186833 0.163108 0.657633 2
0.146397 0.125231 0.651888 2
0.164485 0.097495 0.663183 2
0.266424 0.187366 0.876563 2
0.136694 0.101494 0.650477 2
0.129886 0.092598 0.689058 2
0.099621 0.120594 0.645943 2
0.142789 0.139263 0.651519 2
0.131894 0.192859 0.649954 2
0.104788 0.116497 0.649082 2
0.099622 0.139238 0.645950 2
0.116896 0.100448 0.651308 2
0.082991 0.154798 0.652605 2
0.184402 0.106891 0.693079 2
0.134289 0.184721 0.650197 2
0.195054 0.135037 0.665443 2
0.183629 0.120637 0.658906 2
0.127066 0.152831 0.649248 2
0.152346 0.149993 0.652185 2
0.084867 0.153931 0.648946 2
0.128288 0.188039 0.649503 2
0.171782 0.164698 0.654521 2
0.103187 0.143996 0.646387 2
0.157192 0.153659 0.652767 2
0.149892 0.112272 0.651746 2
0.154865 0.125423 0.652884 2
0.154866 0.126601 0.652889 2
0.143997 0.141646 0.651671 2
0.182941 0.167548 0.656435 2
0.182260 0.185869 0.666942 2
0.137900 0.188366 0.650634 2
0.133048 0.135392 0.649861 2
0.118313 0.095491 0.665893 2
0.186028 0.125406 0.658983 2
0.127091 0.190344 0.649376 2
0.107948 0.149961 0.646969 2
0.182758 0.142540 0.655781 2
0.166091 0.097736 0.664823 2
0.169348 0.165808 0.654242 2
0.163233 0.129054 0.653381 2
0.113878 0.110374 0.647509 2
0.125873 0.163342 0.649132 2
0.119901 0.181899 0.648499 2
0.146320 0.167475 0.651545 2
0.118441 0.098406 0.653351 2
0.128353 0.141247 0.649832 2
0.146431 0.162897 0.652039 2
0.141445 0.109752 0.650744 2
0.172979 0.119845 0.654584 2
0.155976 0.148913 0.652609 2
0.125850 0.135215 0.649013 2
0.151536 0.099648 0.653764 2
0.131895 0.194033 0.649960 2
0.097327 0.120639 0.646187 2
0.105571 0.153399 0.646703 2
0.177868 0.154231 0.655195 2
0.128246 0.132931 0.649292 2
0.155979 0.152448 0.652620 2
0.158408 0.156052 0.652925 2
0.152055 0.093618 0.661152 2
0.103608 0.107160 0.656438 2
0.101411 0.108527 0.657549 2
0.086490 0.165332 0.652364 2
0.087744 0.128965 0.652934 2
0.099613 0.125245 0.645893 2
0.133084 0.177640 0.650037 2
0.112797 0.142019 0.648007 2
0.153654 0.126574 0.652746 2
0.145098 0.150973 0.651337 2
0.162012 0.121951 0.653212 2
0.089129 0.163694 0.645903 2
0.148683 0.111071 0.651599 2
0.102009 0.160301 0.646312 2
0.134247 0.133075 0.649995 2
0.184019 0.144967 0.656058 2
